id,country_name,country_iso3,year,labor_force_participation_rate,loaded_at
44,Afghanistan,AFG,1990,47.186,2026-08-08 02:11:14.525335
43,Afghanistan,AFG,1991,47.14,2026-08-08 02:11:14.525335
42,Afghanistan,AFG,1992,47.087,2026-08-08 02:11:14.525335
41,Afghanistan,AFG,1993,47.024,2026-08-08 02:11:14.525335
40,Afghanistan,AFG,1994,46.95,2026-08-08 02:11:14.525335
39,Afghanistan,AFG,1995,46.876,2026-08-08 02:11:14.525335
38,Afghanistan,AFG,1996,46.803,2026-08-08 02:11:14.525335
37,Afghanistan,AFG,1997,46.732,2026-08-08 02:11:14.525335
36,Afghanistan,AFG,1998,46.667,2026-08-08 02:11:14.525335
35,Afghanistan,AFG,1999,46.609,2026-08-08 02:11:14.525335
34,Afghanistan,AFG,2000,46.562,2026-08-08 02:11:14.525335
33,Afghanistan,AFG,2001,46.526,2026-08-08 02:11:14.525335
32,Afghanistan,AFG,2002,46.505,2026-08-08 02:11:14.525335
31,Afghanistan,AFG,2003,46.497,2026-08-08 02:11:14.525335
30,Afghanistan,AFG,2004,46.506,2026-08-08 02:11:14.525335
29,Afghanistan,AFG,2005,46.532,2026-08-08 02:11:14.525335
28,Afghanistan,AFG,2006,46.571,2026-08-08 02:11:14.525335
27,Afghanistan,AFG,2007,46.622,2026-08-08 02:11:14.525335
26,Afghanistan,AFG,2008,46.682,2026-08-08 02:11:14.525335
25,Afghanistan,AFG,2009,46.746,2026-08-08 02:11:14.525335
24,Afghanistan,AFG,2010,46.815,2026-08-08 02:11:14.525335
23,Afghanistan,AFG,2011,46.884,2026-08-08 02:11:14.525335
22,Afghanistan,AFG,2012,46.956,2026-08-08 02:11:14.525335
21,Afghanistan,AFG,2013,47.026,2026-08-08 02:11:14.525335
20,Afghanistan,AFG,2014,47.096,2026-08-08 02:11:14.525335
19,Afghanistan,AFG,2015,47.165,2026-08-08 02:11:14.525335
18,Afghanistan,AFG,2016,47.235,2026-08-08 02:11:14.525335
17,Afghanistan,AFG,2017,47.305,2026-08-08 02:11:14.525335
16,Afghanistan,AFG,2018,45.566,2026-08-08 02:11:14.525335
15,Afghanistan,AFG,2019,43.814,2026-08-08 02:11:14.525335
14,Afghanistan,AFG,2020,41.579,2026-08-08 02:11:14.525335
13,Afghanistan,AFG,2021,40.684,2026-08-08 02:11:14.525335
12,Afghanistan,AFG,2022,37.64,2026-08-08 02:11:14.525335
11,Afghanistan,AFG,2023,37.588,2026-08-08 02:11:14.525335
10,Afghanistan,AFG,2024,37.547,2026-08-08 02:11:14.525335
9,Afghanistan,AFG,2025,37.457,2026-08-08 02:11:14.525335
152,Angola,AGO,1990,77.269,2026-08-08 02:11:14.525335
151,Angola,AGO,1991,77.307,2026-08-08 02:11:14.525335
150,Angola,AGO,1992,77.342,2026-08-08 02:11:14.525335
149,Angola,AGO,1993,77.374,2026-08-08 02:11:14.525335
148,Angola,AGO,1994,77.401,2026-08-08 02:11:14.525335
147,Angola,AGO,1995,77.415,2026-08-08 02:11:14.525335
146,Angola,AGO,1996,77.415,2026-08-08 02:11:14.525335
145,Angola,AGO,1997,77.408,2026-08-08 02:11:14.525335
144,Angola,AGO,1998,77.394,2026-08-08 02:11:14.525335
143,Angola,AGO,1999,77.38,2026-08-08 02:11:14.525335
142,Angola,AGO,2000,77.362,2026-08-08 02:11:14.525335
141,Angola,AGO,2001,77.342,2026-08-08 02:11:14.525335
140,Angola,AGO,2002,77.322,2026-08-08 02:11:14.525335
139,Angola,AGO,2003,77.302,2026-08-08 02:11:14.525335
138,Angola,AGO,2004,77.284,2026-08-08 02:11:14.525335
137,Angola,AGO,2005,77.27,2026-08-08 02:11:14.525335
136,Angola,AGO,2006,77.26,2026-08-08 02:11:14.525335
135,Angola,AGO,2007,77.254,2026-08-08 02:11:14.525335
134,Angola,AGO,2008,77.253,2026-08-08 02:11:14.525335
133,Angola,AGO,2009,77.257,2026-08-08 02:11:14.525335
132,Angola,AGO,2010,77.26,2026-08-08 02:11:14.525335
131,Angola,AGO,2011,77.315,2026-08-08 02:11:14.525335
130,Angola,AGO,2012,77.037,2026-08-08 02:11:14.525335
129,Angola,AGO,2013,76.756,2026-08-08 02:11:14.525335
128,Angola,AGO,2014,76.473,2026-08-08 02:11:14.525335
127,Angola,AGO,2015,76.187,2026-08-08 02:11:14.525335
126,Angola,AGO,2016,75.899,2026-08-08 02:11:14.525335
125,Angola,AGO,2017,75.609,2026-08-08 02:11:14.525335
124,Angola,AGO,2018,75.316,2026-08-08 02:11:14.525335
123,Angola,AGO,2019,75.021,2026-08-08 02:11:14.525335
122,Angola,AGO,2020,73.319,2026-08-08 02:11:14.525335
121,Angola,AGO,2021,76.372,2026-08-08 02:11:14.525335
120,Angola,AGO,2022,75.247,2026-08-08 02:11:14.525335
119,Angola,AGO,2023,74.892,2026-08-08 02:11:14.525335
118,Angola,AGO,2024,74.881,2026-08-08 02:11:14.525335
117,Angola,AGO,2025,74.786,2026-08-08 02:11:14.525335
80,Albania,ALB,1990,63.69,2026-08-08 02:11:14.525335
79,Albania,ALB,1991,68.312,2026-08-08 02:11:14.525335
78,Albania,ALB,1992,69.36,2026-08-08 02:11:14.525335
77,Albania,ALB,1993,67.876,2026-08-08 02:11:14.525335
76,Albania,ALB,1994,66.602,2026-08-08 02:11:14.525335
75,Albania,ALB,1995,64.732,2026-08-08 02:11:14.525335
74,Albania,ALB,1996,63.466,2026-08-08 02:11:14.525335
73,Albania,ALB,1997,64.955,2026-08-08 02:11:14.525335
72,Albania,ALB,1998,63.712,2026-08-08 02:11:14.525335
71,Albania,ALB,1999,62.061,2026-08-08 02:11:14.525335
70,Albania,ALB,2000,61.163,2026-08-08 02:11:14.525335
69,Albania,ALB,2001,60.132,2026-08-08 02:11:14.525335
68,Albania,ALB,2002,59.61,2026-08-08 02:11:14.525335
67,Albania,ALB,2003,58.557,2026-08-08 02:11:14.525335
66,Albania,ALB,2004,57.496,2026-08-08 02:11:14.525335
65,Albania,ALB,2005,56.428,2026-08-08 02:11:14.525335
64,Albania,ALB,2006,55.354,2026-08-08 02:11:14.525335
63,Albania,ALB,2007,54.275,2026-08-08 02:11:14.525335
62,Albania,ALB,2008,53.192,2026-08-08 02:11:14.525335
61,Albania,ALB,2009,54.993,2026-08-08 02:11:14.525335
60,Albania,ALB,2010,55.202,2026-08-08 02:11:14.525335
59,Albania,ALB,2011,59.938,2026-08-08 02:11:14.525335
58,Albania,ALB,2012,56.995,2026-08-08 02:11:14.525335
57,Albania,ALB,2013,52.418,2026-08-08 02:11:14.525335
56,Albania,ALB,2014,53.42,2026-08-08 02:11:14.525335
55,Albania,ALB,2015,55.497,2026-08-08 02:11:14.525335
54,Albania,ALB,2016,57.314,2026-08-08 02:11:14.525335
53,Albania,ALB,2017,58.057,2026-08-08 02:11:14.525335
52,Albania,ALB,2018,59.296,2026-08-08 02:11:14.525335
51,Albania,ALB,2019,60.306,2026-08-08 02:11:14.525335
50,Albania,ALB,2020,59.367,2026-08-08 02:11:14.525335
49,Albania,ALB,2021,59.684,2026-08-08 02:11:14.525335
48,Albania,ALB,2022,62.161,2026-08-08 02:11:14.525335
47,Albania,ALB,2023,63.882,2026-08-08 02:11:14.525335
46,Albania,ALB,2024,64.006,2026-08-08 02:11:14.525335
45,Albania,ALB,2025,64.263,2026-08-08 02:11:14.525335
6291,United Arab Emirates,ARE,1990,74.354,2026-08-08 02:11:14.525335
6290,United Arab Emirates,ARE,1991,74.648,2026-08-08 02:11:14.525335
6289,United Arab Emirates,ARE,1992,74.952,2026-08-08 02:11:14.525335
6288,United Arab Emirates,ARE,1993,75.482,2026-08-08 02:11:14.525335
6287,United Arab Emirates,ARE,1994,75.811,2026-08-08 02:11:14.525335
6286,United Arab Emirates,ARE,1995,76.16,2026-08-08 02:11:14.525335
6285,United Arab Emirates,ARE,1996,76.032,2026-08-08 02:11:14.525335
6284,United Arab Emirates,ARE,1997,75.355,2026-08-08 02:11:14.525335
6283,United Arab Emirates,ARE,1998,74.875,2026-08-08 02:11:14.525335
6282,United Arab Emirates,ARE,1999,74.601,2026-08-08 02:11:14.525335
6281,United Arab Emirates,ARE,2000,74.508,2026-08-08 02:11:14.525335
6280,United Arab Emirates,ARE,2001,74.649,2026-08-08 02:11:14.525335
6279,United Arab Emirates,ARE,2002,74.99,2026-08-08 02:11:14.525335
6278,United Arab Emirates,ARE,2003,75.471,2026-08-08 02:11:14.525335
6277,United Arab Emirates,ARE,2004,76.058,2026-08-08 02:11:14.525335
6276,United Arab Emirates,ARE,2005,76.708,2026-08-08 02:11:14.525335
6275,United Arab Emirates,ARE,2006,77.223,2026-08-08 02:11:14.525335
6274,United Arab Emirates,ARE,2007,77.32,2026-08-08 02:11:14.525335
6273,United Arab Emirates,ARE,2008,77.059,2026-08-08 02:11:14.525335
6272,United Arab Emirates,ARE,2009,76.596,2026-08-08 02:11:14.525335
6271,United Arab Emirates,ARE,2010,76.643,2026-08-08 02:11:14.525335
6270,United Arab Emirates,ARE,2011,76.869,2026-08-08 02:11:14.525335
6269,United Arab Emirates,ARE,2012,77.046,2026-08-08 02:11:14.525335
6268,United Arab Emirates,ARE,2013,77.334,2026-08-08 02:11:14.525335
6267,United Arab Emirates,ARE,2014,77.672,2026-08-08 02:11:14.525335
6266,United Arab Emirates,ARE,2015,77.997,2026-08-08 02:11:14.525335
6265,United Arab Emirates,ARE,2016,78.446,2026-08-08 02:11:14.525335
6264,United Arab Emirates,ARE,2017,78.759,2026-08-08 02:11:14.525335
6263,United Arab Emirates,ARE,2018,79.108,2026-08-08 02:11:14.525335
6262,United Arab Emirates,ARE,2019,79.467,2026-08-08 02:11:14.525335
6261,United Arab Emirates,ARE,2020,78.781,2026-08-08 02:11:14.525335
6260,United Arab Emirates,ARE,2021,77.054,2026-08-08 02:11:14.525335
6259,United Arab Emirates,ARE,2022,77.242,2026-08-08 02:11:14.525335
6258,United Arab Emirates,ARE,2023,78.367,2026-08-08 02:11:14.525335
6257,United Arab Emirates,ARE,2024,78.484,2026-08-08 02:11:14.525335
6256,United Arab Emirates,ARE,2025,78.594,2026-08-08 02:11:14.525335
188,Argentina,ARG,1990,59.093,2026-08-08 02:11:14.525335
187,Argentina,ARG,1991,59.969,2026-08-08 02:11:14.525335
186,Argentina,ARG,1992,60.717,2026-08-08 02:11:14.525335
185,Argentina,ARG,1993,61.495,2026-08-08 02:11:14.525335
184,Argentina,ARG,1994,62.009,2026-08-08 02:11:14.525335
183,Argentina,ARG,1995,61.511,2026-08-08 02:11:14.525335
182,Argentina,ARG,1996,62.0,2026-08-08 02:11:14.525335
181,Argentina,ARG,1997,62.778,2026-08-08 02:11:14.525335
180,Argentina,ARG,1998,63.084,2026-08-08 02:11:14.525335
179,Argentina,ARG,1999,62.542,2026-08-08 02:11:14.525335
178,Argentina,ARG,2000,62.315,2026-08-08 02:11:14.525335
177,Argentina,ARG,2001,61.651,2026-08-08 02:11:14.525335
176,Argentina,ARG,2002,60.149,2026-08-08 02:11:14.525335
175,Argentina,ARG,2003,61.036,2026-08-08 02:11:14.525335
174,Argentina,ARG,2004,61.943,2026-08-08 02:11:14.525335
173,Argentina,ARG,2005,61.511,2026-08-08 02:11:14.525335
172,Argentina,ARG,2006,61.795,2026-08-08 02:11:14.525335
171,Argentina,ARG,2007,61.114,2026-08-08 02:11:14.525335
170,Argentina,ARG,2008,60.428,2026-08-08 02:11:14.525335
169,Argentina,ARG,2009,60.78,2026-08-08 02:11:14.525335
168,Argentina,ARG,2010,60.187,2026-08-08 02:11:14.525335
167,Argentina,ARG,2011,60.651,2026-08-08 02:11:14.525335
166,Argentina,ARG,2012,60.362,2026-08-08 02:11:14.525335
165,Argentina,ARG,2013,59.962,2026-08-08 02:11:14.525335
164,Argentina,ARG,2014,59.444,2026-08-08 02:11:14.525335
163,Argentina,ARG,2015,59.232,2026-08-08 02:11:14.525335
162,Argentina,ARG,2016,59.02,2026-08-08 02:11:14.525335
161,Argentina,ARG,2017,58.808,2026-08-08 02:11:14.525335
160,Argentina,ARG,2018,59.595,2026-08-08 02:11:14.525335
159,Argentina,ARG,2019,60.289,2026-08-08 02:11:14.525335
158,Argentina,ARG,2020,56.023,2026-08-08 02:11:14.525335
157,Argentina,ARG,2021,60.358,2026-08-08 02:11:14.525335
156,Argentina,ARG,2022,61.484,2026-08-08 02:11:14.525335
155,Argentina,ARG,2023,62.286,2026-08-08 02:11:14.525335
154,Argentina,ARG,2024,61.862,2026-08-08 02:11:14.525335
153,Argentina,ARG,2025,61.913,2026-08-08 02:11:14.525335
224,Armenia,ARM,1990,65.93,2026-08-08 02:11:14.525335
223,Armenia,ARM,1991,65.84,2026-08-08 02:11:14.525335
222,Armenia,ARM,1992,65.547,2026-08-08 02:11:14.525335
221,Armenia,ARM,1993,65.05,2026-08-08 02:11:14.525335
220,Armenia,ARM,1994,64.482,2026-08-08 02:11:14.525335
219,Armenia,ARM,1995,63.909,2026-08-08 02:11:14.525335
218,Armenia,ARM,1996,63.373,2026-08-08 02:11:14.525335
217,Armenia,ARM,1997,62.879,2026-08-08 02:11:14.525335
216,Armenia,ARM,1998,62.514,2026-08-08 02:11:14.525335
215,Armenia,ARM,1999,62.292,2026-08-08 02:11:14.525335
214,Armenia,ARM,2000,62.139,2026-08-08 02:11:14.525335
213,Armenia,ARM,2001,61.898,2026-08-08 02:11:14.525335
212,Armenia,ARM,2002,61.551,2026-08-08 02:11:14.525335
211,Armenia,ARM,2003,61.23,2026-08-08 02:11:14.525335
210,Armenia,ARM,2004,60.964,2026-08-08 02:11:14.525335
209,Armenia,ARM,2005,60.768,2026-08-08 02:11:14.525335
208,Armenia,ARM,2006,60.674,2026-08-08 02:11:14.525335
207,Armenia,ARM,2007,60.727,2026-08-08 02:11:14.525335
206,Armenia,ARM,2008,60.444,2026-08-08 02:11:14.525335
205,Armenia,ARM,2009,61.895,2026-08-08 02:11:14.525335
204,Armenia,ARM,2010,61.958,2026-08-08 02:11:14.525335
203,Armenia,ARM,2011,61.814,2026-08-08 02:11:14.525335
202,Armenia,ARM,2012,61.55,2026-08-08 02:11:14.525335
201,Armenia,ARM,2013,61.54,2026-08-08 02:11:14.525335
200,Armenia,ARM,2014,61.527,2026-08-08 02:11:14.525335
199,Armenia,ARM,2015,61.538,2026-08-08 02:11:14.525335
198,Armenia,ARM,2016,61.642,2026-08-08 02:11:14.525335
197,Armenia,ARM,2017,61.462,2026-08-08 02:11:14.525335
196,Armenia,ARM,2018,61.329,2026-08-08 02:11:14.525335
195,Armenia,ARM,2019,58.757,2026-08-08 02:11:14.525335
194,Armenia,ARM,2020,61.259,2026-08-08 02:11:14.525335
193,Armenia,ARM,2021,61.946,2026-08-08 02:11:14.525335
192,Armenia,ARM,2022,58.817,2026-08-08 02:11:14.525335
191,Armenia,ARM,2023,59.987,2026-08-08 02:11:14.525335
190,Armenia,ARM,2024,59.917,2026-08-08 02:11:14.525335
189,Armenia,ARM,2025,59.388,2026-08-08 02:11:14.525335
260,Australia,AUS,1990,63.894,2026-08-08 02:11:14.525335
259,Australia,AUS,1991,63.285,2026-08-08 02:11:14.525335
258,Australia,AUS,1992,63.002,2026-08-08 02:11:14.525335
257,Australia,AUS,1993,62.597,2026-08-08 02:11:14.525335
256,Australia,AUS,1994,63.077,2026-08-08 02:11:14.525335
255,Australia,AUS,1995,63.678,2026-08-08 02:11:14.525335
254,Australia,AUS,1996,63.649,2026-08-08 02:11:14.525335
253,Australia,AUS,1997,63.26,2026-08-08 02:11:14.525335
252,Australia,AUS,1998,63.133,2026-08-08 02:11:14.525335
251,Australia,AUS,1999,62.908,2026-08-08 02:11:14.525335
250,Australia,AUS,2000,63.282,2026-08-08 02:11:14.525335
249,Australia,AUS,2001,63.444,2026-08-08 02:11:14.525335
248,Australia,AUS,2002,63.508,2026-08-08 02:11:14.525335
247,Australia,AUS,2003,63.715,2026-08-08 02:11:14.525335
246,Australia,AUS,2004,63.577,2026-08-08 02:11:14.525335
245,Australia,AUS,2005,64.509,2026-08-08 02:11:14.525335
244,Australia,AUS,2006,64.85,2026-08-08 02:11:14.525335
243,Australia,AUS,2007,65.275,2026-08-08 02:11:14.525335
242,Australia,AUS,2008,65.564,2026-08-08 02:11:14.525335
241,Australia,AUS,2009,65.502,2026-08-08 02:11:14.525335
240,Australia,AUS,2010,65.48,2026-08-08 02:11:14.525335
239,Australia,AUS,2011,65.514,2026-08-08 02:11:14.525335
238,Australia,AUS,2012,65.245,2026-08-08 02:11:14.525335
237,Australia,AUS,2013,65.025,2026-08-08 02:11:14.525335
236,Australia,AUS,2014,64.787,2026-08-08 02:11:14.525335
235,Australia,AUS,2015,65.076,2026-08-08 02:11:14.525335
234,Australia,AUS,2016,64.952,2026-08-08 02:11:14.525335
233,Australia,AUS,2017,65.248,2026-08-08 02:11:14.525335
232,Australia,AUS,2018,65.804,2026-08-08 02:11:14.525335
231,Australia,AUS,2019,66.088,2026-08-08 02:11:14.525335
230,Australia,AUS,2020,65.028,2026-08-08 02:11:14.525335
229,Australia,AUS,2021,66.147,2026-08-08 02:11:14.525335
228,Australia,AUS,2022,66.89,2026-08-08 02:11:14.525335
227,Australia,AUS,2023,67.023,2026-08-08 02:11:14.525335
226,Australia,AUS,2024,66.719,2026-08-08 02:11:14.525335
225,Australia,AUS,2025,66.537,2026-08-08 02:11:14.525335
296,Austria,AUT,1990,55.663,2026-08-08 02:11:14.525335
295,Austria,AUT,1991,56.086,2026-08-08 02:11:14.525335
294,Austria,AUT,1992,56.94,2026-08-08 02:11:14.525335
293,Austria,AUT,1993,57.19,2026-08-08 02:11:14.525335
292,Austria,AUT,1994,58.694,2026-08-08 02:11:14.525335
291,Austria,AUT,1995,58.884,2026-08-08 02:11:14.525335
290,Austria,AUT,1996,58.394,2026-08-08 02:11:14.525335
289,Austria,AUT,1997,58.088,2026-08-08 02:11:14.525335
288,Austria,AUT,1998,58.404,2026-08-08 02:11:14.525335
287,Austria,AUT,1999,58.575,2026-08-08 02:11:14.525335
286,Austria,AUT,2000,58.429,2026-08-08 02:11:14.525335
285,Austria,AUT,2001,57.892,2026-08-08 02:11:14.525335
284,Austria,AUT,2002,58.691,2026-08-08 02:11:14.525335
283,Austria,AUT,2003,58.728,2026-08-08 02:11:14.525335
282,Austria,AUT,2004,57.643,2026-08-08 02:11:14.525335
281,Austria,AUT,2005,58.064,2026-08-08 02:11:14.525335
280,Austria,AUT,2006,58.563,2026-08-08 02:11:14.525335
279,Austria,AUT,2007,59.423,2026-08-08 02:11:14.525335
278,Austria,AUT,2008,59.658,2026-08-08 02:11:14.525335
277,Austria,AUT,2009,59.921,2026-08-08 02:11:14.525335
276,Austria,AUT,2010,59.876,2026-08-08 02:11:14.525335
275,Austria,AUT,2011,59.909,2026-08-08 02:11:14.525335
274,Austria,AUT,2012,60.207,2026-08-08 02:11:14.525335
273,Austria,AUT,2013,60.362,2026-08-08 02:11:14.525335
272,Austria,AUT,2014,60.172,2026-08-08 02:11:14.525335
271,Austria,AUT,2015,60.224,2026-08-08 02:11:14.525335
270,Austria,AUT,2016,60.696,2026-08-08 02:11:14.525335
269,Austria,AUT,2017,60.665,2026-08-08 02:11:14.525335
268,Austria,AUT,2018,60.919,2026-08-08 02:11:14.525335
267,Austria,AUT,2019,60.898,2026-08-08 02:11:14.525335
266,Austria,AUT,2020,60.363,2026-08-08 02:11:14.525335
265,Austria,AUT,2021,60.631,2026-08-08 02:11:14.525335
264,Austria,AUT,2022,60.883,2026-08-08 02:11:14.525335
263,Austria,AUT,2023,60.853,2026-08-08 02:11:14.525335
262,Austria,AUT,2024,60.507,2026-08-08 02:11:14.525335
261,Austria,AUT,2025,60.124,2026-08-08 02:11:14.525335
332,Azerbaijan,AZE,1990,69.533,2026-08-08 02:11:14.525335
331,Azerbaijan,AZE,1991,69.731,2026-08-08 02:11:14.525335
330,Azerbaijan,AZE,1992,72.303,2026-08-08 02:11:14.525335
329,Azerbaijan,AZE,1993,75.515,2026-08-08 02:11:14.525335
328,Azerbaijan,AZE,1994,78.573,2026-08-08 02:11:14.525335
327,Azerbaijan,AZE,1995,80.495,2026-08-08 02:11:14.525335
326,Azerbaijan,AZE,1996,80.508,2026-08-08 02:11:14.525335
325,Azerbaijan,AZE,1997,79.953,2026-08-08 02:11:14.525335
324,Azerbaijan,AZE,1998,78.887,2026-08-08 02:11:14.525335
323,Azerbaijan,AZE,1999,78.122,2026-08-08 02:11:14.525335
322,Azerbaijan,AZE,2000,76.8,2026-08-08 02:11:14.525335
321,Azerbaijan,AZE,2001,74.597,2026-08-08 02:11:14.525335
320,Azerbaijan,AZE,2002,72.482,2026-08-08 02:11:14.525335
319,Azerbaijan,AZE,2003,70.534,2026-08-08 02:11:14.525335
318,Azerbaijan,AZE,2004,67.969,2026-08-08 02:11:14.525335
317,Azerbaijan,AZE,2005,66.542,2026-08-08 02:11:14.525335
316,Azerbaijan,AZE,2006,64.801,2026-08-08 02:11:14.525335
315,Azerbaijan,AZE,2007,61.787,2026-08-08 02:11:14.525335
314,Azerbaijan,AZE,2008,60.823,2026-08-08 02:11:14.525335
313,Azerbaijan,AZE,2009,60.983,2026-08-08 02:11:14.525335
312,Azerbaijan,AZE,2010,60.864,2026-08-08 02:11:14.525335
311,Azerbaijan,AZE,2011,61.19,2026-08-08 02:11:14.525335
310,Azerbaijan,AZE,2012,61.594,2026-08-08 02:11:14.525335
309,Azerbaijan,AZE,2013,61.896,2026-08-08 02:11:14.525335
308,Azerbaijan,AZE,2014,62.761,2026-08-08 02:11:14.525335
307,Azerbaijan,AZE,2015,63.537,2026-08-08 02:11:14.525335
306,Azerbaijan,AZE,2016,64.652,2026-08-08 02:11:14.525335
305,Azerbaijan,AZE,2017,65.038,2026-08-08 02:11:14.525335
304,Azerbaijan,AZE,2018,65.399,2026-08-08 02:11:14.525335
303,Azerbaijan,AZE,2019,65.227,2026-08-08 02:11:14.525335
302,Azerbaijan,AZE,2020,67.223,2026-08-08 02:11:14.525335
301,Azerbaijan,AZE,2021,63.7,2026-08-08 02:11:14.525335
300,Azerbaijan,AZE,2022,64.776,2026-08-08 02:11:14.525335
299,Azerbaijan,AZE,2023,64.345,2026-08-08 02:11:14.525335
298,Azerbaijan,AZE,2024,63.901,2026-08-08 02:11:14.525335
297,Azerbaijan,AZE,2025,63.288,2026-08-08 02:11:14.525335
944,Burundi,BDI,1990,90.094,2026-08-08 02:11:14.525335
943,Burundi,BDI,1991,89.552,2026-08-08 02:11:14.525335
942,Burundi,BDI,1992,88.994,2026-08-08 02:11:14.525335
941,Burundi,BDI,1993,88.252,2026-08-08 02:11:14.525335
940,Burundi,BDI,1994,87.504,2026-08-08 02:11:14.525335
939,Burundi,BDI,1995,86.881,2026-08-08 02:11:14.525335
938,Burundi,BDI,1996,86.054,2026-08-08 02:11:14.525335
937,Burundi,BDI,1997,85.137,2026-08-08 02:11:14.525335
936,Burundi,BDI,1998,84.217,2026-08-08 02:11:14.525335
935,Burundi,BDI,1999,83.449,2026-08-08 02:11:14.525335
934,Burundi,BDI,2000,82.655,2026-08-08 02:11:14.525335
933,Burundi,BDI,2001,81.858,2026-08-08 02:11:14.525335
932,Burundi,BDI,2002,81.042,2026-08-08 02:11:14.525335
931,Burundi,BDI,2003,80.201,2026-08-08 02:11:14.525335
930,Burundi,BDI,2004,79.346,2026-08-08 02:11:14.525335
929,Burundi,BDI,2005,78.43,2026-08-08 02:11:14.525335
928,Burundi,BDI,2006,77.447,2026-08-08 02:11:14.525335
927,Burundi,BDI,2007,77.677,2026-08-08 02:11:14.525335
926,Burundi,BDI,2008,77.879,2026-08-08 02:11:14.525335
925,Burundi,BDI,2009,78.159,2026-08-08 02:11:14.525335
924,Burundi,BDI,2010,78.422,2026-08-08 02:11:14.525335
923,Burundi,BDI,2011,78.565,2026-08-08 02:11:14.525335
922,Burundi,BDI,2012,78.701,2026-08-08 02:11:14.525335
921,Burundi,BDI,2013,78.839,2026-08-08 02:11:14.525335
920,Burundi,BDI,2014,78.938,2026-08-08 02:11:14.525335
919,Burundi,BDI,2015,79.489,2026-08-08 02:11:14.525335
918,Burundi,BDI,2016,79.924,2026-08-08 02:11:14.525335
917,Burundi,BDI,2017,80.093,2026-08-08 02:11:14.525335
916,Burundi,BDI,2018,80.045,2026-08-08 02:11:14.525335
915,Burundi,BDI,2019,79.741,2026-08-08 02:11:14.525335
914,Burundi,BDI,2020,78.546,2026-08-08 02:11:14.525335
913,Burundi,BDI,2021,79.094,2026-08-08 02:11:14.525335
912,Burundi,BDI,2022,79.104,2026-08-08 02:11:14.525335
911,Burundi,BDI,2023,78.801,2026-08-08 02:11:14.525335
910,Burundi,BDI,2024,78.492,2026-08-08 02:11:14.525335
909,Burundi,BDI,2025,78.255,2026-08-08 02:11:14.525335
548,Belgium,BEL,1990,48.258,2026-08-08 02:11:14.525335
547,Belgium,BEL,1991,49.193,2026-08-08 02:11:14.525335
546,Belgium,BEL,1992,49.523,2026-08-08 02:11:14.525335
545,Belgium,BEL,1993,49.624,2026-08-08 02:11:14.525335
544,Belgium,BEL,1994,50.229,2026-08-08 02:11:14.525335
543,Belgium,BEL,1995,50.439,2026-08-08 02:11:14.525335
542,Belgium,BEL,1996,50.399,2026-08-08 02:11:14.525335
541,Belgium,BEL,1997,50.488,2026-08-08 02:11:14.525335
540,Belgium,BEL,1998,50.744,2026-08-08 02:11:14.525335
539,Belgium,BEL,1999,51.87,2026-08-08 02:11:14.525335
538,Belgium,BEL,2000,52.243,2026-08-08 02:11:14.525335
537,Belgium,BEL,2001,50.791,2026-08-08 02:11:14.525335
536,Belgium,BEL,2002,51.102,2026-08-08 02:11:14.525335
535,Belgium,BEL,2003,51.255,2026-08-08 02:11:14.525335
534,Belgium,BEL,2004,51.947,2026-08-08 02:11:14.525335
533,Belgium,BEL,2005,53.294,2026-08-08 02:11:14.525335
532,Belgium,BEL,2006,53.109,2026-08-08 02:11:14.525335
531,Belgium,BEL,2007,53.656,2026-08-08 02:11:14.525335
530,Belgium,BEL,2008,53.695,2026-08-08 02:11:14.525335
529,Belgium,BEL,2009,53.514,2026-08-08 02:11:14.525335
528,Belgium,BEL,2010,54.162,2026-08-08 02:11:14.525335
527,Belgium,BEL,2011,53.296,2026-08-08 02:11:14.525335
526,Belgium,BEL,2012,53.328,2026-08-08 02:11:14.525335
525,Belgium,BEL,2013,53.617,2026-08-08 02:11:14.525335
524,Belgium,BEL,2014,53.575,2026-08-08 02:11:14.525335
523,Belgium,BEL,2015,53.369,2026-08-08 02:11:14.525335
522,Belgium,BEL,2016,53.164,2026-08-08 02:11:14.525335
521,Belgium,BEL,2017,53.336,2026-08-08 02:11:14.525335
520,Belgium,BEL,2018,53.669,2026-08-08 02:11:14.525335
519,Belgium,BEL,2019,53.896,2026-08-08 02:11:14.525335
518,Belgium,BEL,2020,53.382,2026-08-08 02:11:14.525335
517,Belgium,BEL,2021,54.048,2026-08-08 02:11:14.525335
516,Belgium,BEL,2022,54.576,2026-08-08 02:11:14.525335
515,Belgium,BEL,2023,54.407,2026-08-08 02:11:14.525335
514,Belgium,BEL,2024,54.538,2026-08-08 02:11:14.525335
513,Belgium,BEL,2025,54.274,2026-08-08 02:11:14.525335
620,Benin,BEN,1990,72.156,2026-08-08 02:11:14.525335
619,Benin,BEN,1991,72.16,2026-08-08 02:11:14.525335
618,Benin,BEN,1992,72.16,2026-08-08 02:11:14.525335
617,Benin,BEN,1993,72.119,2026-08-08 02:11:14.525335
616,Benin,BEN,1994,72.078,2026-08-08 02:11:14.525335
615,Benin,BEN,1995,72.037,2026-08-08 02:11:14.525335
614,Benin,BEN,1996,71.996,2026-08-08 02:11:14.525335
613,Benin,BEN,1997,71.955,2026-08-08 02:11:14.525335
612,Benin,BEN,1998,71.914,2026-08-08 02:11:14.525335
611,Benin,BEN,1999,71.873,2026-08-08 02:11:14.525335
610,Benin,BEN,2000,71.832,2026-08-08 02:11:14.525335
609,Benin,BEN,2001,71.791,2026-08-08 02:11:14.525335
608,Benin,BEN,2002,71.75,2026-08-08 02:11:14.525335
607,Benin,BEN,2003,71.764,2026-08-08 02:11:14.525335
606,Benin,BEN,2004,71.779,2026-08-08 02:11:14.525335
605,Benin,BEN,2005,71.793,2026-08-08 02:11:14.525335
604,Benin,BEN,2006,71.808,2026-08-08 02:11:14.525335
603,Benin,BEN,2007,71.822,2026-08-08 02:11:14.525335
602,Benin,BEN,2008,71.837,2026-08-08 02:11:14.525335
601,Benin,BEN,2009,71.851,2026-08-08 02:11:14.525335
600,Benin,BEN,2010,71.865,2026-08-08 02:11:14.525335
599,Benin,BEN,2011,71.88,2026-08-08 02:11:14.525335
598,Benin,BEN,2012,72.295,2026-08-08 02:11:14.525335
597,Benin,BEN,2013,72.707,2026-08-08 02:11:14.525335
596,Benin,BEN,2014,73.115,2026-08-08 02:11:14.525335
595,Benin,BEN,2015,73.519,2026-08-08 02:11:14.525335
594,Benin,BEN,2016,73.919,2026-08-08 02:11:14.525335
593,Benin,BEN,2017,74.315,2026-08-08 02:11:14.525335
592,Benin,BEN,2018,74.707,2026-08-08 02:11:14.525335
591,Benin,BEN,2019,75.095,2026-08-08 02:11:14.525335
590,Benin,BEN,2020,74.78,2026-08-08 02:11:14.525335
589,Benin,BEN,2021,76.076,2026-08-08 02:11:14.525335
588,Benin,BEN,2022,76.28,2026-08-08 02:11:14.525335
587,Benin,BEN,2023,76.274,2026-08-08 02:11:14.525335
586,Benin,BEN,2024,76.27,2026-08-08 02:11:14.525335
585,Benin,BEN,2025,76.356,2026-08-08 02:11:14.525335
908,Burkina Faso,BFA,1990,83.898,2026-08-08 02:11:14.525335
907,Burkina Faso,BFA,1991,83.93,2026-08-08 02:11:14.525335
906,Burkina Faso,BFA,1992,83.732,2026-08-08 02:11:14.525335
905,Burkina Faso,BFA,1993,83.532,2026-08-08 02:11:14.525335
904,Burkina Faso,BFA,1994,83.329,2026-08-08 02:11:14.525335
903,Burkina Faso,BFA,1995,83.125,2026-08-08 02:11:14.525335
902,Burkina Faso,BFA,1996,82.919,2026-08-08 02:11:14.525335
901,Burkina Faso,BFA,1997,82.711,2026-08-08 02:11:14.525335
900,Burkina Faso,BFA,1998,82.501,2026-08-08 02:11:14.525335
899,Burkina Faso,BFA,1999,82.289,2026-08-08 02:11:14.525335
898,Burkina Faso,BFA,2000,82.074,2026-08-08 02:11:14.525335
897,Burkina Faso,BFA,2001,81.858,2026-08-08 02:11:14.525335
896,Burkina Faso,BFA,2002,81.64,2026-08-08 02:11:14.525335
895,Burkina Faso,BFA,2003,81.42,2026-08-08 02:11:14.525335
894,Burkina Faso,BFA,2004,81.198,2026-08-08 02:11:14.525335
893,Burkina Faso,BFA,2005,80.973,2026-08-08 02:11:14.525335
892,Burkina Faso,BFA,2006,80.747,2026-08-08 02:11:14.525335
891,Burkina Faso,BFA,2007,80.518,2026-08-08 02:11:14.525335
890,Burkina Faso,BFA,2008,80.288,2026-08-08 02:11:14.525335
889,Burkina Faso,BFA,2009,80.056,2026-08-08 02:11:14.525335
888,Burkina Faso,BFA,2010,79.821,2026-08-08 02:11:14.525335
887,Burkina Faso,BFA,2011,79.584,2026-08-08 02:11:14.525335
886,Burkina Faso,BFA,2012,79.346,2026-08-08 02:11:14.525335
885,Burkina Faso,BFA,2013,79.105,2026-08-08 02:11:14.525335
884,Burkina Faso,BFA,2014,78.862,2026-08-08 02:11:14.525335
883,Burkina Faso,BFA,2015,78.617,2026-08-08 02:11:14.525335
882,Burkina Faso,BFA,2016,78.371,2026-08-08 02:11:14.525335
881,Burkina Faso,BFA,2017,78.122,2026-08-08 02:11:14.525335
880,Burkina Faso,BFA,2018,77.871,2026-08-08 02:11:14.525335
879,Burkina Faso,BFA,2019,77.617,2026-08-08 02:11:14.525335
878,Burkina Faso,BFA,2020,75.189,2026-08-08 02:11:14.525335
877,Burkina Faso,BFA,2021,73.984,2026-08-08 02:11:14.525335
876,Burkina Faso,BFA,2022,72.337,2026-08-08 02:11:14.525335
875,Burkina Faso,BFA,2023,71.195,2026-08-08 02:11:14.525335
874,Burkina Faso,BFA,2024,70.062,2026-08-08 02:11:14.525335
873,Burkina Faso,BFA,2025,70.005,2026-08-08 02:11:14.525335
440,Bangladesh,BGD,1990,56.777,2026-08-08 02:11:14.525335
439,Bangladesh,BGD,1991,56.918,2026-08-08 02:11:14.525335
438,Bangladesh,BGD,1992,57.069,2026-08-08 02:11:14.525335
437,Bangladesh,BGD,1993,57.219,2026-08-08 02:11:14.525335
436,Bangladesh,BGD,1994,57.375,2026-08-08 02:11:14.525335
435,Bangladesh,BGD,1995,57.533,2026-08-08 02:11:14.525335
434,Bangladesh,BGD,1996,57.69,2026-08-08 02:11:14.525335
433,Bangladesh,BGD,1997,57.837,2026-08-08 02:11:14.525335
432,Bangladesh,BGD,1998,57.966,2026-08-08 02:11:14.525335
431,Bangladesh,BGD,1999,58.076,2026-08-08 02:11:14.525335
430,Bangladesh,BGD,2000,58.163,2026-08-08 02:11:14.525335
429,Bangladesh,BGD,2001,58.206,2026-08-08 02:11:14.525335
428,Bangladesh,BGD,2002,58.207,2026-08-08 02:11:14.525335
427,Bangladesh,BGD,2003,58.187,2026-08-08 02:11:14.525335
426,Bangladesh,BGD,2004,58.156,2026-08-08 02:11:14.525335
425,Bangladesh,BGD,2005,58.12,2026-08-08 02:11:14.525335
424,Bangladesh,BGD,2006,58.071,2026-08-08 02:11:14.525335
423,Bangladesh,BGD,2007,58.198,2026-08-08 02:11:14.525335
422,Bangladesh,BGD,2008,58.324,2026-08-08 02:11:14.525335
421,Bangladesh,BGD,2009,58.45,2026-08-08 02:11:14.525335
420,Bangladesh,BGD,2010,58.576,2026-08-08 02:11:14.525335
419,Bangladesh,BGD,2011,58.112,2026-08-08 02:11:14.525335
418,Bangladesh,BGD,2012,57.647,2026-08-08 02:11:14.525335
417,Bangladesh,BGD,2013,57.18,2026-08-08 02:11:14.525335
416,Bangladesh,BGD,2014,56.817,2026-08-08 02:11:14.525335
415,Bangladesh,BGD,2015,56.454,2026-08-08 02:11:14.525335
414,Bangladesh,BGD,2016,56.09,2026-08-08 02:11:14.525335
413,Bangladesh,BGD,2017,58.328,2026-08-08 02:11:14.525335
412,Bangladesh,BGD,2018,58.915,2026-08-08 02:11:14.525335
411,Bangladesh,BGD,2019,59.47,2026-08-08 02:11:14.525335
410,Bangladesh,BGD,2020,59.77,2026-08-08 02:11:14.525335
409,Bangladesh,BGD,2021,61.085,2026-08-08 02:11:14.525335
408,Bangladesh,BGD,2022,61.873,2026-08-08 02:11:14.525335
407,Bangladesh,BGD,2023,60.885,2026-08-08 02:11:14.525335
406,Bangladesh,BGD,2024,58.903,2026-08-08 02:11:14.525335
405,Bangladesh,BGD,2025,58.796,2026-08-08 02:11:14.525335
872,Bulgaria,BGR,1990,50.259,2026-08-08 02:11:14.525335
871,Bulgaria,BGR,1991,50.143,2026-08-08 02:11:14.525335
870,Bulgaria,BGR,1992,50.065,2026-08-08 02:11:14.525335
869,Bulgaria,BGR,1993,49.909,2026-08-08 02:11:14.525335
868,Bulgaria,BGR,1994,49.792,2026-08-08 02:11:14.525335
867,Bulgaria,BGR,1995,49.656,2026-08-08 02:11:14.525335
866,Bulgaria,BGR,1996,49.443,2026-08-08 02:11:14.525335
865,Bulgaria,BGR,1997,50.013,2026-08-08 02:11:14.525335
864,Bulgaria,BGR,1998,49.789,2026-08-08 02:11:14.525335
863,Bulgaria,BGR,1999,50.184,2026-08-08 02:11:14.525335
862,Bulgaria,BGR,2000,49.952,2026-08-08 02:11:14.525335
861,Bulgaria,BGR,2001,51.474,2026-08-08 02:11:14.525335
860,Bulgaria,BGR,2002,50.96,2026-08-08 02:11:14.525335
859,Bulgaria,BGR,2003,50.16,2026-08-08 02:11:14.525335
858,Bulgaria,BGR,2004,50.909,2026-08-08 02:11:14.525335
857,Bulgaria,BGR,2005,50.129,2026-08-08 02:11:14.525335
856,Bulgaria,BGR,2006,52.014,2026-08-08 02:11:14.525335
855,Bulgaria,BGR,2007,53.547,2026-08-08 02:11:14.525335
854,Bulgaria,BGR,2008,54.862,2026-08-08 02:11:14.525335
853,Bulgaria,BGR,2009,54.1,2026-08-08 02:11:14.525335
852,Bulgaria,BGR,2010,53.503,2026-08-08 02:11:14.525335
851,Bulgaria,BGR,2011,52.551,2026-08-08 02:11:14.525335
850,Bulgaria,BGR,2012,53.174,2026-08-08 02:11:14.525335
849,Bulgaria,BGR,2013,53.937,2026-08-08 02:11:14.525335
848,Bulgaria,BGR,2014,53.967,2026-08-08 02:11:14.525335
847,Bulgaria,BGR,2015,54.209,2026-08-08 02:11:14.525335
846,Bulgaria,BGR,2016,53.31,2026-08-08 02:11:14.525335
845,Bulgaria,BGR,2017,55.405,2026-08-08 02:11:14.525335
844,Bulgaria,BGR,2018,55.316,2026-08-08 02:11:14.525335
843,Bulgaria,BGR,2019,56.659,2026-08-08 02:11:14.525335
842,Bulgaria,BGR,2020,55.878,2026-08-08 02:11:14.525335
841,Bulgaria,BGR,2021,55.392,2026-08-08 02:11:14.525335
840,Bulgaria,BGR,2022,56.735,2026-08-08 02:11:14.525335
839,Bulgaria,BGR,2023,56.896,2026-08-08 02:11:14.525335
838,Bulgaria,BGR,2024,56.275,2026-08-08 02:11:14.525335
837,Bulgaria,BGR,2025,56.115,2026-08-08 02:11:14.525335
404,Bahrain,BHR,1990,66.716,2026-08-08 02:11:14.525335
403,Bahrain,BHR,1991,66.404,2026-08-08 02:11:14.525335
402,Bahrain,BHR,1992,66.369,2026-08-08 02:11:14.525335
401,Bahrain,BHR,1993,66.04,2026-08-08 02:11:14.525335
400,Bahrain,BHR,1994,65.71,2026-08-08 02:11:14.525335
399,Bahrain,BHR,1995,65.43,2026-08-08 02:11:14.525335
398,Bahrain,BHR,1996,65.234,2026-08-08 02:11:14.525335
397,Bahrain,BHR,1997,65.141,2026-08-08 02:11:14.525335
396,Bahrain,BHR,1998,65.164,2026-08-08 02:11:14.525335
395,Bahrain,BHR,1999,65.29,2026-08-08 02:11:14.525335
394,Bahrain,BHR,2000,65.507,2026-08-08 02:11:14.525335
393,Bahrain,BHR,2001,65.521,2026-08-08 02:11:14.525335
392,Bahrain,BHR,2002,65.238,2026-08-08 02:11:14.525335
391,Bahrain,BHR,2003,64.989,2026-08-08 02:11:14.525335
390,Bahrain,BHR,2004,64.906,2026-08-08 02:11:14.525335
389,Bahrain,BHR,2005,65.695,2026-08-08 02:11:14.525335
388,Bahrain,BHR,2006,66.721,2026-08-08 02:11:14.525335
387,Bahrain,BHR,2007,67.952,2026-08-08 02:11:14.525335
386,Bahrain,BHR,2008,69.309,2026-08-08 02:11:14.525335
385,Bahrain,BHR,2009,70.705,2026-08-08 02:11:14.525335
384,Bahrain,BHR,2010,71.745,2026-08-08 02:11:14.525335
383,Bahrain,BHR,2011,71.188,2026-08-08 02:11:14.525335
382,Bahrain,BHR,2012,71.586,2026-08-08 02:11:14.525335
381,Bahrain,BHR,2013,71.549,2026-08-08 02:11:14.525335
380,Bahrain,BHR,2014,71.169,2026-08-08 02:11:14.525335
379,Bahrain,BHR,2015,71.359,2026-08-08 02:11:14.525335
378,Bahrain,BHR,2016,71.977,2026-08-08 02:11:14.525335
377,Bahrain,BHR,2017,72.389,2026-08-08 02:11:14.525335
376,Bahrain,BHR,2018,72.07,2026-08-08 02:11:14.525335
375,Bahrain,BHR,2019,71.414,2026-08-08 02:11:14.525335
374,Bahrain,BHR,2020,69.226,2026-08-08 02:11:14.525335
373,Bahrain,BHR,2021,68.94,2026-08-08 02:11:14.525335
372,Bahrain,BHR,2022,70.285,2026-08-08 02:11:14.525335
371,Bahrain,BHR,2023,70.7,2026-08-08 02:11:14.525335
370,Bahrain,BHR,2024,70.569,2026-08-08 02:11:14.525335
369,Bahrain,BHR,2025,70.429,2026-08-08 02:11:14.525335
368,"Bahamas, The",BHS,1990,71.753,2026-08-08 02:11:14.525335
367,"Bahamas, The",BHS,1991,72.262,2026-08-08 02:11:14.525335
366,"Bahamas, The",BHS,1992,72.745,2026-08-08 02:11:14.525335
365,"Bahamas, The",BHS,1993,73.197,2026-08-08 02:11:14.525335
364,"Bahamas, The",BHS,1994,73.612,2026-08-08 02:11:14.525335
363,"Bahamas, The",BHS,1995,73.81,2026-08-08 02:11:14.525335
362,"Bahamas, The",BHS,1996,73.983,2026-08-08 02:11:14.525335
361,"Bahamas, The",BHS,1997,74.128,2026-08-08 02:11:14.525335
360,"Bahamas, The",BHS,1998,74.245,2026-08-08 02:11:14.525335
359,"Bahamas, The",BHS,1999,74.321,2026-08-08 02:11:14.525335
358,"Bahamas, The",BHS,2000,74.359,2026-08-08 02:11:14.525335
357,"Bahamas, The",BHS,2001,74.375,2026-08-08 02:11:14.525335
356,"Bahamas, The",BHS,2002,74.366,2026-08-08 02:11:14.525335
355,"Bahamas, The",BHS,2003,74.334,2026-08-08 02:11:14.525335
354,"Bahamas, The",BHS,2004,74.283,2026-08-08 02:11:14.525335
353,"Bahamas, The",BHS,2005,74.217,2026-08-08 02:11:14.525335
352,"Bahamas, The",BHS,2006,74.147,2026-08-08 02:11:14.525335
351,"Bahamas, The",BHS,2007,74.07,2026-08-08 02:11:14.525335
350,"Bahamas, The",BHS,2008,73.994,2026-08-08 02:11:14.525335
349,"Bahamas, The",BHS,2009,73.917,2026-08-08 02:11:14.525335
348,"Bahamas, The",BHS,2010,73.845,2026-08-08 02:11:14.525335
347,"Bahamas, The",BHS,2011,73.807,2026-08-08 02:11:14.525335
346,"Bahamas, The",BHS,2012,73.797,2026-08-08 02:11:14.525335
345,"Bahamas, The",BHS,2013,73.815,2026-08-08 02:11:14.525335
344,"Bahamas, The",BHS,2014,73.862,2026-08-08 02:11:14.525335
343,"Bahamas, The",BHS,2015,73.938,2026-08-08 02:11:14.525335
342,"Bahamas, The",BHS,2016,74.032,2026-08-08 02:11:14.525335
341,"Bahamas, The",BHS,2017,74.159,2026-08-08 02:11:14.525335
340,"Bahamas, The",BHS,2018,74.297,2026-08-08 02:11:14.525335
339,"Bahamas, The",BHS,2019,74.401,2026-08-08 02:11:14.525335
338,"Bahamas, The",BHS,2020,68.082,2026-08-08 02:11:14.525335
337,"Bahamas, The",BHS,2021,69.658,2026-08-08 02:11:14.525335
336,"Bahamas, The",BHS,2022,74.15,2026-08-08 02:11:14.525335
335,"Bahamas, The",BHS,2023,74.13,2026-08-08 02:11:14.525335
334,"Bahamas, The",BHS,2024,73.999,2026-08-08 02:11:14.525335
333,"Bahamas, The",BHS,2025,73.775,2026-08-08 02:11:14.525335
728,Bosnia and Herzegovina,BIH,1990,54.396,2026-08-08 02:11:14.525335
727,Bosnia and Herzegovina,BIH,1991,54.875,2026-08-08 02:11:14.525335
726,Bosnia and Herzegovina,BIH,1992,55.09,2026-08-08 02:11:14.525335
725,Bosnia and Herzegovina,BIH,1993,54.676,2026-08-08 02:11:14.525335
724,Bosnia and Herzegovina,BIH,1994,54.314,2026-08-08 02:11:14.525335
723,Bosnia and Herzegovina,BIH,1995,53.83,2026-08-08 02:11:14.525335
722,Bosnia and Herzegovina,BIH,1996,53.516,2026-08-08 02:11:14.525335
721,Bosnia and Herzegovina,BIH,1997,53.396,2026-08-08 02:11:14.525335
720,Bosnia and Herzegovina,BIH,1998,53.172,2026-08-08 02:11:14.525335
719,Bosnia and Herzegovina,BIH,1999,53.04,2026-08-08 02:11:14.525335
718,Bosnia and Herzegovina,BIH,2000,52.811,2026-08-08 02:11:14.525335
717,Bosnia and Herzegovina,BIH,2001,52.619,2026-08-08 02:11:14.525335
716,Bosnia and Herzegovina,BIH,2002,52.444,2026-08-08 02:11:14.525335
715,Bosnia and Herzegovina,BIH,2003,52.179,2026-08-08 02:11:14.525335
714,Bosnia and Herzegovina,BIH,2004,51.955,2026-08-08 02:11:14.525335
713,Bosnia and Herzegovina,BIH,2005,51.685,2026-08-08 02:11:14.525335
712,Bosnia and Herzegovina,BIH,2006,51.529,2026-08-08 02:11:14.525335
711,Bosnia and Herzegovina,BIH,2007,51.427,2026-08-08 02:11:14.525335
710,Bosnia and Herzegovina,BIH,2008,51.374,2026-08-08 02:11:14.525335
709,Bosnia and Herzegovina,BIH,2009,51.312,2026-08-08 02:11:14.525335
708,Bosnia and Herzegovina,BIH,2010,51.154,2026-08-08 02:11:14.525335
707,Bosnia and Herzegovina,BIH,2011,50.91,2026-08-08 02:11:14.525335
706,Bosnia and Herzegovina,BIH,2012,50.68,2026-08-08 02:11:14.525335
705,Bosnia and Herzegovina,BIH,2013,50.361,2026-08-08 02:11:14.525335
704,Bosnia and Herzegovina,BIH,2014,50.065,2026-08-08 02:11:14.525335
703,Bosnia and Herzegovina,BIH,2015,49.864,2026-08-08 02:11:14.525335
702,Bosnia and Herzegovina,BIH,2016,49.624,2026-08-08 02:11:14.525335
701,Bosnia and Herzegovina,BIH,2017,49.408,2026-08-08 02:11:14.525335
700,Bosnia and Herzegovina,BIH,2018,49.129,2026-08-08 02:11:14.525335
699,Bosnia and Herzegovina,BIH,2019,48.796,2026-08-08 02:11:14.525335
698,Bosnia and Herzegovina,BIH,2020,47.468,2026-08-08 02:11:14.525335
697,Bosnia and Herzegovina,BIH,2021,47.716,2026-08-08 02:11:14.525335
696,Bosnia and Herzegovina,BIH,2022,48.838,2026-08-08 02:11:14.525335
695,Bosnia and Herzegovina,BIH,2023,49.428,2026-08-08 02:11:14.525335
694,Bosnia and Herzegovina,BIH,2024,49.241,2026-08-08 02:11:14.525335
693,Bosnia and Herzegovina,BIH,2025,48.991,2026-08-08 02:11:14.525335
512,Belarus,BLR,1990,59.276,2026-08-08 02:11:14.525335
511,Belarus,BLR,1991,59.09,2026-08-08 02:11:14.525335
510,Belarus,BLR,1992,59.141,2026-08-08 02:11:14.525335
509,Belarus,BLR,1993,59.129,2026-08-08 02:11:14.525335
508,Belarus,BLR,1994,59.355,2026-08-08 02:11:14.525335
507,Belarus,BLR,1995,59.643,2026-08-08 02:11:14.525335
506,Belarus,BLR,1996,59.347,2026-08-08 02:11:14.525335
505,Belarus,BLR,1997,58.803,2026-08-08 02:11:14.525335
504,Belarus,BLR,1998,58.602,2026-08-08 02:11:14.525335
503,Belarus,BLR,1999,58.703,2026-08-08 02:11:14.525335
502,Belarus,BLR,2000,59.3,2026-08-08 02:11:14.525335
501,Belarus,BLR,2001,59.793,2026-08-08 02:11:14.525335
500,Belarus,BLR,2002,60.122,2026-08-08 02:11:14.525335
499,Belarus,BLR,2003,60.377,2026-08-08 02:11:14.525335
498,Belarus,BLR,2004,60.56,2026-08-08 02:11:14.525335
497,Belarus,BLR,2005,60.761,2026-08-08 02:11:14.525335
496,Belarus,BLR,2006,61.038,2026-08-08 02:11:14.525335
495,Belarus,BLR,2007,61.363,2026-08-08 02:11:14.525335
494,Belarus,BLR,2008,61.814,2026-08-08 02:11:14.525335
493,Belarus,BLR,2009,62.33,2026-08-08 02:11:14.525335
492,Belarus,BLR,2010,62.826,2026-08-08 02:11:14.525335
491,Belarus,BLR,2011,63.299,2026-08-08 02:11:14.525335
490,Belarus,BLR,2012,63.667,2026-08-08 02:11:14.525335
489,Belarus,BLR,2013,63.946,2026-08-08 02:11:14.525335
488,Belarus,BLR,2014,64.14,2026-08-08 02:11:14.525335
487,Belarus,BLR,2015,64.269,2026-08-08 02:11:14.525335
486,Belarus,BLR,2016,64.383,2026-08-08 02:11:14.525335
485,Belarus,BLR,2017,64.479,2026-08-08 02:11:14.525335
484,Belarus,BLR,2018,64.412,2026-08-08 02:11:14.525335
483,Belarus,BLR,2019,64.251,2026-08-08 02:11:14.525335
482,Belarus,BLR,2020,64.03,2026-08-08 02:11:14.525335
481,Belarus,BLR,2021,64.02,2026-08-08 02:11:14.525335
480,Belarus,BLR,2022,64.042,2026-08-08 02:11:14.525335
479,Belarus,BLR,2023,63.572,2026-08-08 02:11:14.525335
478,Belarus,BLR,2024,63.256,2026-08-08 02:11:14.525335
477,Belarus,BLR,2025,62.747,2026-08-08 02:11:14.525335
584,Belize,BLZ,1990,55.366,2026-08-08 02:11:14.525335
583,Belize,BLZ,1991,55.673,2026-08-08 02:11:14.525335
582,Belize,BLZ,1992,56.01,2026-08-08 02:11:14.525335
581,Belize,BLZ,1993,56.143,2026-08-08 02:11:14.525335
580,Belize,BLZ,1994,56.07,2026-08-08 02:11:14.525335
579,Belize,BLZ,1995,57.019,2026-08-08 02:11:14.525335
578,Belize,BLZ,1996,57.962,2026-08-08 02:11:14.525335
577,Belize,BLZ,1997,58.9,2026-08-08 02:11:14.525335
576,Belize,BLZ,1998,58.7,2026-08-08 02:11:14.525335
575,Belize,BLZ,1999,59.3,2026-08-08 02:11:14.525335
574,Belize,BLZ,2000,59.541,2026-08-08 02:11:14.525335
573,Belize,BLZ,2001,59.782,2026-08-08 02:11:14.525335
572,Belize,BLZ,2002,60.022,2026-08-08 02:11:14.525335
571,Belize,BLZ,2003,60.262,2026-08-08 02:11:14.525335
570,Belize,BLZ,2004,60.501,2026-08-08 02:11:14.525335
569,Belize,BLZ,2005,60.74,2026-08-08 02:11:14.525335
568,Belize,BLZ,2006,60.978,2026-08-08 02:11:14.525335
567,Belize,BLZ,2007,61.216,2026-08-08 02:11:14.525335
566,Belize,BLZ,2008,61.453,2026-08-08 02:11:14.525335
565,Belize,BLZ,2009,61.69,2026-08-08 02:11:14.525335
564,Belize,BLZ,2010,61.926,2026-08-08 02:11:14.525335
563,Belize,BLZ,2011,62.161,2026-08-08 02:11:14.525335
562,Belize,BLZ,2012,62.396,2026-08-08 02:11:14.525335
561,Belize,BLZ,2013,62.631,2026-08-08 02:11:14.525335
560,Belize,BLZ,2014,63.492,2026-08-08 02:11:14.525335
559,Belize,BLZ,2015,63.872,2026-08-08 02:11:14.525335
558,Belize,BLZ,2016,64.249,2026-08-08 02:11:14.525335
557,Belize,BLZ,2017,64.034,2026-08-08 02:11:14.525335
556,Belize,BLZ,2018,67.295,2026-08-08 02:11:14.525335
555,Belize,BLZ,2019,69.726,2026-08-08 02:11:14.525335
554,Belize,BLZ,2020,54.68,2026-08-08 02:11:14.525335
553,Belize,BLZ,2021,60.36,2026-08-08 02:11:14.525335
552,Belize,BLZ,2022,58.32,2026-08-08 02:11:14.525335
551,Belize,BLZ,2023,57.62,2026-08-08 02:11:14.525335
550,Belize,BLZ,2024,56.85,2026-08-08 02:11:14.525335
549,Belize,BLZ,2025,59.1,2026-08-08 02:11:14.525335
692,Bolivia,BOL,1990,69.002,2026-08-08 02:11:14.525335
691,Bolivia,BOL,1991,69.329,2026-08-08 02:11:14.525335
690,Bolivia,BOL,1992,69.285,2026-08-08 02:11:14.525335
689,Bolivia,BOL,1993,69.52,2026-08-08 02:11:14.525335
688,Bolivia,BOL,1994,69.8,2026-08-08 02:11:14.525335
687,Bolivia,BOL,1995,70.085,2026-08-08 02:11:14.525335
686,Bolivia,BOL,1996,70.341,2026-08-08 02:11:14.525335
685,Bolivia,BOL,1997,70.66,2026-08-08 02:11:14.525335
684,Bolivia,BOL,1998,70.491,2026-08-08 02:11:14.525335
683,Bolivia,BOL,1999,70.322,2026-08-08 02:11:14.525335
682,Bolivia,BOL,2000,70.152,2026-08-08 02:11:14.525335
681,Bolivia,BOL,2001,69.981,2026-08-08 02:11:14.525335
680,Bolivia,BOL,2002,69.81,2026-08-08 02:11:14.525335
679,Bolivia,BOL,2003,69.639,2026-08-08 02:11:14.525335
678,Bolivia,BOL,2004,69.467,2026-08-08 02:11:14.525335
677,Bolivia,BOL,2005,69.294,2026-08-08 02:11:14.525335
676,Bolivia,BOL,2006,69.121,2026-08-08 02:11:14.525335
675,Bolivia,BOL,2007,68.947,2026-08-08 02:11:14.525335
674,Bolivia,BOL,2008,68.773,2026-08-08 02:11:14.525335
673,Bolivia,BOL,2009,68.598,2026-08-08 02:11:14.525335
672,Bolivia,BOL,2010,68.422,2026-08-08 02:11:14.525335
671,Bolivia,BOL,2011,68.247,2026-08-08 02:11:14.525335
670,Bolivia,BOL,2012,68.07,2026-08-08 02:11:14.525335
669,Bolivia,BOL,2013,67.893,2026-08-08 02:11:14.525335
668,Bolivia,BOL,2014,67.716,2026-08-08 02:11:14.525335
667,Bolivia,BOL,2015,67.538,2026-08-08 02:11:14.525335
666,Bolivia,BOL,2016,67.359,2026-08-08 02:11:14.525335
665,Bolivia,BOL,2017,68.634,2026-08-08 02:11:14.525335
664,Bolivia,BOL,2018,71.798,2026-08-08 02:11:14.525335
663,Bolivia,BOL,2019,74.158,2026-08-08 02:11:14.525335
662,Bolivia,BOL,2020,72.264,2026-08-08 02:11:14.525335
661,Bolivia,BOL,2021,77.79,2026-08-08 02:11:14.525335
660,Bolivia,BOL,2022,78.267,2026-08-08 02:11:14.525335
659,Bolivia,BOL,2023,78.38,2026-08-08 02:11:14.525335
658,Bolivia,BOL,2024,78.33,2026-08-08 02:11:14.525335
657,Bolivia,BOL,2025,78.626,2026-08-08 02:11:14.525335
800,Brazil,BRA,1990,64.676,2026-08-08 02:11:14.525335
799,Brazil,BRA,1991,64.72,2026-08-08 02:11:14.525335
798,Brazil,BRA,1992,64.982,2026-08-08 02:11:14.525335
797,Brazil,BRA,1993,65.227,2026-08-08 02:11:14.525335
796,Brazil,BRA,1994,65.452,2026-08-08 02:11:14.525335
795,Brazil,BRA,1995,65.663,2026-08-08 02:11:14.525335
794,Brazil,BRA,1996,63.949,2026-08-08 02:11:14.525335
793,Brazil,BRA,1997,64.787,2026-08-08 02:11:14.525335
792,Brazil,BRA,1998,64.922,2026-08-08 02:11:14.525335
791,Brazil,BRA,1999,65.595,2026-08-08 02:11:14.525335
790,Brazil,BRA,2000,65.807,2026-08-08 02:11:14.525335
789,Brazil,BRA,2001,66.034,2026-08-08 02:11:14.525335
788,Brazil,BRA,2002,66.975,2026-08-08 02:11:14.525335
787,Brazil,BRA,2003,66.898,2026-08-08 02:11:14.525335
786,Brazil,BRA,2004,67.364,2026-08-08 02:11:14.525335
785,Brazil,BRA,2005,68.05,2026-08-08 02:11:14.525335
784,Brazil,BRA,2006,67.705,2026-08-08 02:11:14.525335
783,Brazil,BRA,2007,67.295,2026-08-08 02:11:14.525335
782,Brazil,BRA,2008,67.173,2026-08-08 02:11:14.525335
781,Brazil,BRA,2009,67.401,2026-08-08 02:11:14.525335
780,Brazil,BRA,2010,66.145,2026-08-08 02:11:14.525335
779,Brazil,BRA,2011,64.87,2026-08-08 02:11:14.525335
778,Brazil,BRA,2012,64.409,2026-08-08 02:11:14.525335
777,Brazil,BRA,2013,64.314,2026-08-08 02:11:14.525335
776,Brazil,BRA,2014,64.039,2026-08-08 02:11:14.525335
775,Brazil,BRA,2015,64.275,2026-08-08 02:11:14.525335
774,Brazil,BRA,2016,64.29,2026-08-08 02:11:14.525335
773,Brazil,BRA,2017,64.525,2026-08-08 02:11:14.525335
772,Brazil,BRA,2018,64.501,2026-08-08 02:11:14.525335
771,Brazil,BRA,2019,64.887,2026-08-08 02:11:14.525335
770,Brazil,BRA,2020,60.479,2026-08-08 02:11:14.525335
769,Brazil,BRA,2021,62.456,2026-08-08 02:11:14.525335
768,Brazil,BRA,2022,63.527,2026-08-08 02:11:14.525335
767,Brazil,BRA,2023,62.915,2026-08-08 02:11:14.525335
766,Brazil,BRA,2024,63.339,2026-08-08 02:11:14.525335
765,Brazil,BRA,2025,63.139,2026-08-08 02:11:14.525335
476,Barbados,BRB,1990,68.508,2026-08-08 02:11:14.525335
475,Barbados,BRB,1991,68.147,2026-08-08 02:11:14.525335
474,Barbados,BRB,1992,67.696,2026-08-08 02:11:14.525335
473,Barbados,BRB,1993,68.225,2026-08-08 02:11:14.525335
472,Barbados,BRB,1994,68.736,2026-08-08 02:11:14.525335
471,Barbados,BRB,1995,69.691,2026-08-08 02:11:14.525335
470,Barbados,BRB,1996,68.899,2026-08-08 02:11:14.525335
469,Barbados,BRB,1997,69.031,2026-08-08 02:11:14.525335
468,Barbados,BRB,1998,69.151,2026-08-08 02:11:14.525335
467,Barbados,BRB,1999,69.229,2026-08-08 02:11:14.525335
466,Barbados,BRB,2000,69.35,2026-08-08 02:11:14.525335
465,Barbados,BRB,2001,69.467,2026-08-08 02:11:14.525335
464,Barbados,BRB,2002,69.499,2026-08-08 02:11:14.525335
463,Barbados,BRB,2003,69.534,2026-08-08 02:11:14.525335
462,Barbados,BRB,2004,70.152,2026-08-08 02:11:14.525335
461,Barbados,BRB,2005,69.968,2026-08-08 02:11:14.525335
460,Barbados,BRB,2006,69.79,2026-08-08 02:11:14.525335
459,Barbados,BRB,2007,69.62,2026-08-08 02:11:14.525335
458,Barbados,BRB,2008,69.42,2026-08-08 02:11:14.525335
457,Barbados,BRB,2009,69.162,2026-08-08 02:11:14.525335
456,Barbados,BRB,2010,68.899,2026-08-08 02:11:14.525335
455,Barbados,BRB,2011,68.641,2026-08-08 02:11:14.525335
454,Barbados,BRB,2012,67.569,2026-08-08 02:11:14.525335
453,Barbados,BRB,2013,68.292,2026-08-08 02:11:14.525335
452,Barbados,BRB,2014,66.34,2026-08-08 02:11:14.525335
451,Barbados,BRB,2015,65.432,2026-08-08 02:11:14.525335
450,Barbados,BRB,2016,66.064,2026-08-08 02:11:14.525335
449,Barbados,BRB,2017,66.166,2026-08-08 02:11:14.525335
448,Barbados,BRB,2018,65.714,2026-08-08 02:11:14.525335
447,Barbados,BRB,2019,64.926,2026-08-08 02:11:14.525335
446,Barbados,BRB,2020,63.104,2026-08-08 02:11:14.525335
445,Barbados,BRB,2021,62.387,2026-08-08 02:11:14.525335
444,Barbados,BRB,2022,65.345,2026-08-08 02:11:14.525335
443,Barbados,BRB,2023,65.019,2026-08-08 02:11:14.525335
442,Barbados,BRB,2024,64.975,2026-08-08 02:11:14.525335
441,Barbados,BRB,2025,64.685,2026-08-08 02:11:14.525335
836,Brunei Darussalam,BRN,1990,66.421,2026-08-08 02:11:14.525335
835,Brunei Darussalam,BRN,1991,66.357,2026-08-08 02:11:14.525335
834,Brunei Darussalam,BRN,1992,66.742,2026-08-08 02:11:14.525335
833,Brunei Darussalam,BRN,1993,67.09,2026-08-08 02:11:14.525335
832,Brunei Darussalam,BRN,1994,67.382,2026-08-08 02:11:14.525335
831,Brunei Darussalam,BRN,1995,67.612,2026-08-08 02:11:14.525335
830,Brunei Darussalam,BRN,1996,67.796,2026-08-08 02:11:14.525335
829,Brunei Darussalam,BRN,1997,67.959,2026-08-08 02:11:14.525335
828,Brunei Darussalam,BRN,1998,68.118,2026-08-08 02:11:14.525335
827,Brunei Darussalam,BRN,1999,68.271,2026-08-08 02:11:14.525335
826,Brunei Darussalam,BRN,2000,68.406,2026-08-08 02:11:14.525335
825,Brunei Darussalam,BRN,2001,68.51,2026-08-08 02:11:14.525335
824,Brunei Darussalam,BRN,2002,68.36,2026-08-08 02:11:14.525335
823,Brunei Darussalam,BRN,2003,68.185,2026-08-08 02:11:14.525335
822,Brunei Darussalam,BRN,2004,67.994,2026-08-08 02:11:14.525335
821,Brunei Darussalam,BRN,2005,67.792,2026-08-08 02:11:14.525335
820,Brunei Darussalam,BRN,2006,67.571,2026-08-08 02:11:14.525335
819,Brunei Darussalam,BRN,2007,67.251,2026-08-08 02:11:14.525335
818,Brunei Darussalam,BRN,2008,66.9,2026-08-08 02:11:14.525335
817,Brunei Darussalam,BRN,2009,66.665,2026-08-08 02:11:14.525335
816,Brunei Darussalam,BRN,2010,66.558,2026-08-08 02:11:14.525335
815,Brunei Darussalam,BRN,2011,66.505,2026-08-08 02:11:14.525335
814,Brunei Darussalam,BRN,2012,66.382,2026-08-08 02:11:14.525335
813,Brunei Darussalam,BRN,2013,66.184,2026-08-08 02:11:14.525335
812,Brunei Darussalam,BRN,2014,65.946,2026-08-08 02:11:14.525335
811,Brunei Darussalam,BRN,2015,65.682,2026-08-08 02:11:14.525335
810,Brunei Darussalam,BRN,2016,65.421,2026-08-08 02:11:14.525335
809,Brunei Darussalam,BRN,2017,65.191,2026-08-08 02:11:14.525335
808,Brunei Darussalam,BRN,2018,66.433,2026-08-08 02:11:14.525335
807,Brunei Darussalam,BRN,2019,64.793,2026-08-08 02:11:14.525335
806,Brunei Darussalam,BRN,2020,63.954,2026-08-08 02:11:14.525335
805,Brunei Darussalam,BRN,2021,63.895,2026-08-08 02:11:14.525335
804,Brunei Darussalam,BRN,2022,64.083,2026-08-08 02:11:14.525335
803,Brunei Darussalam,BRN,2023,64.733,2026-08-08 02:11:14.525335
802,Brunei Darussalam,BRN,2024,64.509,2026-08-08 02:11:14.525335
801,Brunei Darussalam,BRN,2025,64.235,2026-08-08 02:11:14.525335
656,Bhutan,BTN,1990,70.568,2026-08-08 02:11:14.525335
655,Bhutan,BTN,1991,70.486,2026-08-08 02:11:14.525335
654,Bhutan,BTN,1992,70.409,2026-08-08 02:11:14.525335
653,Bhutan,BTN,1993,70.338,2026-08-08 02:11:14.525335
652,Bhutan,BTN,1994,70.279,2026-08-08 02:11:14.525335
651,Bhutan,BTN,1995,70.228,2026-08-08 02:11:14.525335
650,Bhutan,BTN,1996,70.187,2026-08-08 02:11:14.525335
649,Bhutan,BTN,1997,70.157,2026-08-08 02:11:14.525335
648,Bhutan,BTN,1998,70.142,2026-08-08 02:11:14.525335
647,Bhutan,BTN,1999,70.048,2026-08-08 02:11:14.525335
646,Bhutan,BTN,2000,69.879,2026-08-08 02:11:14.525335
645,Bhutan,BTN,2001,69.733,2026-08-08 02:11:14.525335
644,Bhutan,BTN,2002,69.613,2026-08-08 02:11:14.525335
643,Bhutan,BTN,2003,69.522,2026-08-08 02:11:14.525335
642,Bhutan,BTN,2004,69.467,2026-08-08 02:11:14.525335
641,Bhutan,BTN,2005,69.471,2026-08-08 02:11:14.525335
640,Bhutan,BTN,2006,69.532,2026-08-08 02:11:14.525335
639,Bhutan,BTN,2007,69.607,2026-08-08 02:11:14.525335
638,Bhutan,BTN,2008,69.666,2026-08-08 02:11:14.525335
637,Bhutan,BTN,2009,69.7,2026-08-08 02:11:14.525335
636,Bhutan,BTN,2010,68.15,2026-08-08 02:11:14.525335
635,Bhutan,BTN,2011,67.41,2026-08-08 02:11:14.525335
634,Bhutan,BTN,2012,64.4,2026-08-08 02:11:14.525335
633,Bhutan,BTN,2013,65.3,2026-08-08 02:11:14.525335
632,Bhutan,BTN,2014,62.61,2026-08-08 02:11:14.525335
631,Bhutan,BTN,2015,63.14,2026-08-08 02:11:14.525335
630,Bhutan,BTN,2016,62.961,2026-08-08 02:11:14.525335
629,Bhutan,BTN,2017,62.782,2026-08-08 02:11:14.525335
628,Bhutan,BTN,2018,62.603,2026-08-08 02:11:14.525335
627,Bhutan,BTN,2019,66.364,2026-08-08 02:11:14.525335
626,Bhutan,BTN,2020,67.827,2026-08-08 02:11:14.525335
625,Bhutan,BTN,2021,69.094,2026-08-08 02:11:14.525335
624,Bhutan,BTN,2022,63.094,2026-08-08 02:11:14.525335
623,Bhutan,BTN,2023,64.993,2026-08-08 02:11:14.525335
622,Bhutan,BTN,2024,64.9,2026-08-08 02:11:14.525335
621,Bhutan,BTN,2025,64.82,2026-08-08 02:11:14.525335
764,Botswana,BWA,1990,62.606,2026-08-08 02:11:14.525335
763,Botswana,BWA,1991,62.348,2026-08-08 02:11:14.525335
762,Botswana,BWA,1992,62.137,2026-08-08 02:11:14.525335
761,Botswana,BWA,1993,61.937,2026-08-08 02:11:14.525335
760,Botswana,BWA,1994,61.654,2026-08-08 02:11:14.525335
759,Botswana,BWA,1995,61.287,2026-08-08 02:11:14.525335
758,Botswana,BWA,1996,60.894,2026-08-08 02:11:14.525335
757,Botswana,BWA,1997,60.464,2026-08-08 02:11:14.525335
756,Botswana,BWA,1998,60.12,2026-08-08 02:11:14.525335
755,Botswana,BWA,1999,59.377,2026-08-08 02:11:14.525335
754,Botswana,BWA,2000,58.6,2026-08-08 02:11:14.525335
753,Botswana,BWA,2001,58.819,2026-08-08 02:11:14.525335
752,Botswana,BWA,2002,59.006,2026-08-08 02:11:14.525335
751,Botswana,BWA,2003,59.195,2026-08-08 02:11:14.525335
750,Botswana,BWA,2004,59.425,2026-08-08 02:11:14.525335
749,Botswana,BWA,2005,59.665,2026-08-08 02:11:14.525335
748,Botswana,BWA,2006,59.894,2026-08-08 02:11:14.525335
747,Botswana,BWA,2007,60.853,2026-08-08 02:11:14.525335
746,Botswana,BWA,2008,61.783,2026-08-08 02:11:14.525335
745,Botswana,BWA,2009,62.682,2026-08-08 02:11:14.525335
744,Botswana,BWA,2010,59.862,2026-08-08 02:11:14.525335
743,Botswana,BWA,2011,60.571,2026-08-08 02:11:14.525335
742,Botswana,BWA,2012,61.169,2026-08-08 02:11:14.525335
741,Botswana,BWA,2013,61.587,2026-08-08 02:11:14.525335
740,Botswana,BWA,2014,61.917,2026-08-08 02:11:14.525335
739,Botswana,BWA,2015,62.191,2026-08-08 02:11:14.525335
738,Botswana,BWA,2016,62.461,2026-08-08 02:11:14.525335
737,Botswana,BWA,2017,62.766,2026-08-08 02:11:14.525335
736,Botswana,BWA,2018,63.107,2026-08-08 02:11:14.525335
735,Botswana,BWA,2019,63.48,2026-08-08 02:11:14.525335
734,Botswana,BWA,2020,61.298,2026-08-08 02:11:14.525335
733,Botswana,BWA,2021,63.994,2026-08-08 02:11:14.525335
732,Botswana,BWA,2022,64.621,2026-08-08 02:11:14.525335
731,Botswana,BWA,2023,68.276,2026-08-08 02:11:14.525335
730,Botswana,BWA,2024,68.569,2026-08-08 02:11:14.525335
729,Botswana,BWA,2025,68.798,2026-08-08 02:11:14.525335
1125,Central African Republic,CAF,1990,72.417,2026-08-08 02:11:14.525335
1124,Central African Republic,CAF,1991,72.504,2026-08-08 02:11:14.525335
1123,Central African Republic,CAF,1992,72.567,2026-08-08 02:11:14.525335
1122,Central African Republic,CAF,1993,72.606,2026-08-08 02:11:14.525335
1121,Central African Republic,CAF,1994,72.629,2026-08-08 02:11:14.525335
1120,Central African Republic,CAF,1995,72.658,2026-08-08 02:11:14.525335
1119,Central African Republic,CAF,1996,72.682,2026-08-08 02:11:14.525335
1117,Central African Republic,CAF,1997,72.684,2026-08-08 02:11:14.525335
1116,Central African Republic,CAF,1998,72.674,2026-08-08 02:11:14.525335
1115,Central African Republic,CAF,1999,72.654,2026-08-08 02:11:14.525335
1114,Central African Republic,CAF,2000,72.625,2026-08-08 02:11:14.525335
1113,Central African Republic,CAF,2001,72.616,2026-08-08 02:11:14.525335
1112,Central African Republic,CAF,2002,72.596,2026-08-08 02:11:14.525335
1111,Central African Republic,CAF,2003,72.563,2026-08-08 02:11:14.525335
1110,Central African Republic,CAF,2004,72.549,2026-08-08 02:11:14.525335
1109,Central African Republic,CAF,2005,72.535,2026-08-08 02:11:14.525335
1108,Central African Republic,CAF,2006,72.549,2026-08-08 02:11:14.525335
1107,Central African Republic,CAF,2007,72.581,2026-08-08 02:11:14.525335
1106,Central African Republic,CAF,2008,72.603,2026-08-08 02:11:14.525335
1105,Central African Republic,CAF,2009,72.661,2026-08-08 02:11:14.525335
1104,Central African Republic,CAF,2010,72.737,2026-08-08 02:11:14.525335
1103,Central African Republic,CAF,2011,72.82,2026-08-08 02:11:14.525335
1102,Central African Republic,CAF,2012,72.956,2026-08-08 02:11:14.525335
1101,Central African Republic,CAF,2013,73.105,2026-08-08 02:11:14.525335
1100,Central African Republic,CAF,2014,73.298,2026-08-08 02:11:14.525335
1099,Central African Republic,CAF,2015,73.421,2026-08-08 02:11:14.525335
1098,Central African Republic,CAF,2016,73.419,2026-08-08 02:11:14.525335
1097,Central African Republic,CAF,2017,73.425,2026-08-08 02:11:14.525335
1096,Central African Republic,CAF,2018,73.43,2026-08-08 02:11:14.525335
1095,Central African Republic,CAF,2019,73.424,2026-08-08 02:11:14.525335
1094,Central African Republic,CAF,2020,72.726,2026-08-08 02:11:14.525335
1093,Central African Republic,CAF,2021,72.626,2026-08-08 02:11:14.525335
1092,Central African Republic,CAF,2022,73.426,2026-08-08 02:11:14.525335
1091,Central African Republic,CAF,2023,73.425,2026-08-08 02:11:14.525335
1090,Central African Republic,CAF,2024,73.421,2026-08-08 02:11:14.525335
1089,Central African Republic,CAF,2025,73.389,2026-08-08 02:11:14.525335
1088,Canada,CAN,1990,66.76,2026-08-08 02:11:14.525335
1087,Canada,CAN,1991,66.227,2026-08-08 02:11:14.525335
1086,Canada,CAN,1992,65.301,2026-08-08 02:11:14.525335
1085,Canada,CAN,1993,64.935,2026-08-08 02:11:14.525335
1084,Canada,CAN,1994,64.751,2026-08-08 02:11:14.525335
1083,Canada,CAN,1995,64.404,2026-08-08 02:11:14.525335
1082,Canada,CAN,1996,64.225,2026-08-08 02:11:14.525335
1081,Canada,CAN,1997,64.42,2026-08-08 02:11:14.525335
1080,Canada,CAN,1998,64.67,2026-08-08 02:11:14.525335
1079,Canada,CAN,1999,65.072,2026-08-08 02:11:14.525335
1078,Canada,CAN,2000,65.291,2026-08-08 02:11:14.525335
1077,Canada,CAN,2001,65.412,2026-08-08 02:11:14.525335
1076,Canada,CAN,2002,66.386,2026-08-08 02:11:14.525335
1075,Canada,CAN,2003,67.111,2026-08-08 02:11:14.525335
1074,Canada,CAN,2004,67.057,2026-08-08 02:11:14.525335
1073,Canada,CAN,2005,66.731,2026-08-08 02:11:14.525335
1072,Canada,CAN,2006,66.827,2026-08-08 02:11:14.525335
1071,Canada,CAN,2007,67.109,2026-08-08 02:11:14.525335
1070,Canada,CAN,2008,67.268,2026-08-08 02:11:14.525335
1069,Canada,CAN,2009,66.952,2026-08-08 02:11:14.525335
1068,Canada,CAN,2010,66.732,2026-08-08 02:11:14.525335
1067,Canada,CAN,2011,66.594,2026-08-08 02:11:14.525335
1066,Canada,CAN,2012,66.558,2026-08-08 02:11:14.525335
1065,Canada,CAN,2013,66.541,2026-08-08 02:11:14.525335
1064,Canada,CAN,2014,66.022,2026-08-08 02:11:14.525335
1063,Canada,CAN,2015,65.887,2026-08-08 02:11:14.525335
1062,Canada,CAN,2016,65.638,2026-08-08 02:11:14.525335
1061,Canada,CAN,2017,65.792,2026-08-08 02:11:14.525335
1060,Canada,CAN,2018,65.547,2026-08-08 02:11:14.525335
1059,Canada,CAN,2019,65.809,2026-08-08 02:11:14.525335
1058,Canada,CAN,2020,64.097,2026-08-08 02:11:14.525335
1057,Canada,CAN,2021,65.195,2026-08-08 02:11:14.525335
1056,Canada,CAN,2022,65.247,2026-08-08 02:11:14.525335
1055,Canada,CAN,2023,65.361,2026-08-08 02:11:14.525335
1054,Canada,CAN,2024,64.739,2026-08-08 02:11:14.525335
1053,Canada,CAN,2025,64.516,2026-08-08 02:11:14.525335
5791,Switzerland,CHE,1990,64.659,2026-08-08 02:11:14.525335
5790,Switzerland,CHE,1991,64.822,2026-08-08 02:11:14.525335
5789,Switzerland,CHE,1992,64.73,2026-08-08 02:11:14.525335
5788,Switzerland,CHE,1993,65.043,2026-08-08 02:11:14.525335
5787,Switzerland,CHE,1994,64.008,2026-08-08 02:11:14.525335
5786,Switzerland,CHE,1995,64.087,2026-08-08 02:11:14.525335
5785,Switzerland,CHE,1996,67.428,2026-08-08 02:11:14.525335
5784,Switzerland,CHE,1997,67.328,2026-08-08 02:11:14.525335
5783,Switzerland,CHE,1998,67.862,2026-08-08 02:11:14.525335
5782,Switzerland,CHE,1999,67.735,2026-08-08 02:11:14.525335
5781,Switzerland,CHE,2000,67.296,2026-08-08 02:11:14.525335
5780,Switzerland,CHE,2001,67.77,2026-08-08 02:11:14.525335
5779,Switzerland,CHE,2002,67.75,2026-08-08 02:11:14.525335
5778,Switzerland,CHE,2003,67.849,2026-08-08 02:11:14.525335
5777,Switzerland,CHE,2004,67.264,2026-08-08 02:11:14.525335
5776,Switzerland,CHE,2005,66.96,2026-08-08 02:11:14.525335
5775,Switzerland,CHE,2006,67.32,2026-08-08 02:11:14.525335
5774,Switzerland,CHE,2007,67.615,2026-08-08 02:11:14.525335
5773,Switzerland,CHE,2008,68.192,2026-08-08 02:11:14.525335
5772,Switzerland,CHE,2009,68.275,2026-08-08 02:11:14.525335
5771,Switzerland,CHE,2010,67.013,2026-08-08 02:11:14.525335
5770,Switzerland,CHE,2011,67.525,2026-08-08 02:11:14.525335
5769,Switzerland,CHE,2012,67.586,2026-08-08 02:11:14.525335
5768,Switzerland,CHE,2013,67.602,2026-08-08 02:11:14.525335
5767,Switzerland,CHE,2014,67.991,2026-08-08 02:11:14.525335
5766,Switzerland,CHE,2015,68.217,2026-08-08 02:11:14.525335
5765,Switzerland,CHE,2016,68.663,2026-08-08 02:11:14.525335
5764,Switzerland,CHE,2017,68.538,2026-08-08 02:11:14.525335
5763,Switzerland,CHE,2018,68.575,2026-08-08 02:11:14.525335
5762,Switzerland,CHE,2019,68.323,2026-08-08 02:11:14.525335
5761,Switzerland,CHE,2020,67.984,2026-08-08 02:11:14.525335
5760,Switzerland,CHE,2021,67.736,2026-08-08 02:11:14.525335
5759,Switzerland,CHE,2022,67.078,2026-08-08 02:11:14.525335
5758,Switzerland,CHE,2023,67.454,2026-08-08 02:11:14.525335
5757,Switzerland,CHE,2024,67.103,2026-08-08 02:11:14.525335
5756,Switzerland,CHE,2025,66.747,2026-08-08 02:11:14.525335
1196,Channel Islands,CHI,1990,57.109,2026-08-08 02:11:14.525335
1195,Channel Islands,CHI,1991,57.296,2026-08-08 02:11:14.525335
1194,Channel Islands,CHI,1992,57.404,2026-08-08 02:11:14.525335
1193,Channel Islands,CHI,1993,57.394,2026-08-08 02:11:14.525335
1192,Channel Islands,CHI,1994,57.508,2026-08-08 02:11:14.525335
1191,Channel Islands,CHI,1995,57.828,2026-08-08 02:11:14.525335
1190,Channel Islands,CHI,1996,58.165,2026-08-08 02:11:14.525335
1189,Channel Islands,CHI,1997,58.415,2026-08-08 02:11:14.525335
1188,Channel Islands,CHI,1998,58.718,2026-08-08 02:11:14.525335
1187,Channel Islands,CHI,1999,59.126,2026-08-08 02:11:14.525335
1186,Channel Islands,CHI,2000,59.344,2026-08-08 02:11:14.525335
1185,Channel Islands,CHI,2001,59.377,2026-08-08 02:11:14.525335
1184,Channel Islands,CHI,2002,59.468,2026-08-08 02:11:14.525335
1183,Channel Islands,CHI,2003,59.497,2026-08-08 02:11:14.525335
1182,Channel Islands,CHI,2004,59.569,2026-08-08 02:11:14.525335
1181,Channel Islands,CHI,2005,59.738,2026-08-08 02:11:14.525335
1180,Channel Islands,CHI,2006,59.713,2026-08-08 02:11:14.525335
1179,Channel Islands,CHI,2007,59.721,2026-08-08 02:11:14.525335
1178,Channel Islands,CHI,2008,59.727,2026-08-08 02:11:14.525335
1177,Channel Islands,CHI,2009,59.671,2026-08-08 02:11:14.525335
1176,Channel Islands,CHI,2010,59.959,2026-08-08 02:11:14.525335
1175,Channel Islands,CHI,2011,59.36,2026-08-08 02:11:14.525335
1174,Channel Islands,CHI,2012,59.501,2026-08-08 02:11:14.525335
1173,Channel Islands,CHI,2013,59.337,2026-08-08 02:11:14.525335
1172,Channel Islands,CHI,2014,58.914,2026-08-08 02:11:14.525335
1171,Channel Islands,CHI,2015,58.991,2026-08-08 02:11:14.525335
1170,Channel Islands,CHI,2016,58.909,2026-08-08 02:11:14.525335
1169,Channel Islands,CHI,2017,58.738,2026-08-08 02:11:14.525335
1168,Channel Islands,CHI,2018,58.55,2026-08-08 02:11:14.525335
1167,Channel Islands,CHI,2019,58.377,2026-08-08 02:11:14.525335
1166,Channel Islands,CHI,2020,57.535,2026-08-08 02:11:14.525335
1165,Channel Islands,CHI,2021,57.819,2026-08-08 02:11:14.525335
1164,Channel Islands,CHI,2022,57.729,2026-08-08 02:11:14.525335
1163,Channel Islands,CHI,2023,57.084,2026-08-08 02:11:14.525335
1118,Channel Islands,CHI,2024,56.728,2026-08-08 02:11:14.525335
1162,Channel Islands,CHI,2025,56.356,2026-08-08 02:11:14.525335
1232,Chile,CHL,1990,52.514,2026-08-08 02:11:14.525335
1231,Chile,CHL,1991,53.199,2026-08-08 02:11:14.525335
1230,Chile,CHL,1992,54.247,2026-08-08 02:11:14.525335
1229,Chile,CHL,1993,54.81,2026-08-08 02:11:14.525335
1228,Chile,CHL,1994,55.206,2026-08-08 02:11:14.525335
1227,Chile,CHL,1995,56.03,2026-08-08 02:11:14.525335
1226,Chile,CHL,1996,56.63,2026-08-08 02:11:14.525335
1225,Chile,CHL,1997,56.619,2026-08-08 02:11:14.525335
1224,Chile,CHL,1998,56.752,2026-08-08 02:11:14.525335
1223,Chile,CHL,1999,56.647,2026-08-08 02:11:14.525335
1222,Chile,CHL,2000,55.909,2026-08-08 02:11:14.525335
1221,Chile,CHL,2001,55.014,2026-08-08 02:11:14.525335
1220,Chile,CHL,2002,54.512,2026-08-08 02:11:14.525335
1219,Chile,CHL,2003,55.031,2026-08-08 02:11:14.525335
1218,Chile,CHL,2004,55.397,2026-08-08 02:11:14.525335
1217,Chile,CHL,2005,55.735,2026-08-08 02:11:14.525335
1216,Chile,CHL,2006,56.875,2026-08-08 02:11:14.525335
1215,Chile,CHL,2007,57.348,2026-08-08 02:11:14.525335
1214,Chile,CHL,2008,58.546,2026-08-08 02:11:14.525335
1213,Chile,CHL,2009,58.345,2026-08-08 02:11:14.525335
1212,Chile,CHL,2010,60.369,2026-08-08 02:11:14.525335
1211,Chile,CHL,2011,61.715,2026-08-08 02:11:14.525335
1210,Chile,CHL,2012,61.688,2026-08-08 02:11:14.525335
1209,Chile,CHL,2013,61.811,2026-08-08 02:11:14.525335
1208,Chile,CHL,2014,62.118,2026-08-08 02:11:14.525335
1207,Chile,CHL,2015,62.262,2026-08-08 02:11:14.525335
1206,Chile,CHL,2016,62.324,2026-08-08 02:11:14.525335
1205,Chile,CHL,2017,62.951,2026-08-08 02:11:14.525335
1204,Chile,CHL,2018,63.207,2026-08-08 02:11:14.525335
1203,Chile,CHL,2019,63.072,2026-08-08 02:11:14.525335
1202,Chile,CHL,2020,56.358,2026-08-08 02:11:14.525335
1201,Chile,CHL,2021,57.552,2026-08-08 02:11:14.525335
1200,Chile,CHL,2022,60.138,2026-08-08 02:11:14.525335
1199,Chile,CHL,2023,61.521,2026-08-08 02:11:14.525335
1198,Chile,CHL,2024,62.295,2026-08-08 02:11:14.525335
1197,Chile,CHL,2025,62.304,2026-08-08 02:11:14.525335
1268,China,CHN,1990,79.17,2026-08-08 02:11:14.525335
1267,China,CHN,1991,78.706,2026-08-08 02:11:14.525335
1266,China,CHN,1992,78.234,2026-08-08 02:11:14.525335
1265,China,CHN,1993,77.754,2026-08-08 02:11:14.525335
1264,China,CHN,1994,77.267,2026-08-08 02:11:14.525335
1263,China,CHN,1995,76.773,2026-08-08 02:11:14.525335
1262,China,CHN,1996,76.271,2026-08-08 02:11:14.525335
1261,China,CHN,1997,75.762,2026-08-08 02:11:14.525335
1260,China,CHN,1998,75.246,2026-08-08 02:11:14.525335
1259,China,CHN,1999,74.722,2026-08-08 02:11:14.525335
1258,China,CHN,2000,74.19,2026-08-08 02:11:14.525335
1257,China,CHN,2001,73.878,2026-08-08 02:11:14.525335
1256,China,CHN,2002,73.563,2026-08-08 02:11:14.525335
1255,China,CHN,2003,73.246,2026-08-08 02:11:14.525335
1254,China,CHN,2004,72.927,2026-08-08 02:11:14.525335
1253,China,CHN,2005,72.605,2026-08-08 02:11:14.525335
1252,China,CHN,2006,72.281,2026-08-08 02:11:14.525335
1251,China,CHN,2007,71.954,2026-08-08 02:11:14.525335
1250,China,CHN,2008,71.625,2026-08-08 02:11:14.525335
1249,China,CHN,2009,71.294,2026-08-08 02:11:14.525335
1248,China,CHN,2010,70.96,2026-08-08 02:11:14.525335
1247,China,CHN,2011,70.86,2026-08-08 02:11:14.525335
1246,China,CHN,2012,70.41,2026-08-08 02:11:14.525335
1245,China,CHN,2013,69.97,2026-08-08 02:11:14.525335
1244,China,CHN,2014,69.65,2026-08-08 02:11:14.525335
1243,China,CHN,2015,69.3,2026-08-08 02:11:14.525335
1242,China,CHN,2016,68.88,2026-08-08 02:11:14.525335
1241,China,CHN,2017,68.35,2026-08-08 02:11:14.525335
1240,China,CHN,2018,67.81,2026-08-08 02:11:14.525335
1239,China,CHN,2019,67.38,2026-08-08 02:11:14.525335
1238,China,CHN,2020,65.721,2026-08-08 02:11:14.525335
1237,China,CHN,2021,67.11,2026-08-08 02:11:14.525335
1236,China,CHN,2022,65.8,2026-08-08 02:11:14.525335
1235,China,CHN,2023,65.83,2026-08-08 02:11:14.525335
1234,China,CHN,2024,64.91,2026-08-08 02:11:14.525335
1233,China,CHN,2025,64.551,2026-08-08 02:11:14.525335
1484,Cote d'Ivoire,CIV,1990,65.604,2026-08-08 02:11:14.525335
1483,Cote d'Ivoire,CIV,1991,65.554,2026-08-08 02:11:14.525335
1482,Cote d'Ivoire,CIV,1992,65.498,2026-08-08 02:11:14.525335
1481,Cote d'Ivoire,CIV,1993,65.44,2026-08-08 02:11:14.525335
1480,Cote d'Ivoire,CIV,1994,65.381,2026-08-08 02:11:14.525335
1479,Cote d'Ivoire,CIV,1995,65.321,2026-08-08 02:11:14.525335
1478,Cote d'Ivoire,CIV,1996,65.265,2026-08-08 02:11:14.525335
1477,Cote d'Ivoire,CIV,1997,65.213,2026-08-08 02:11:14.525335
1476,Cote d'Ivoire,CIV,1998,65.17,2026-08-08 02:11:14.525335
1475,Cote d'Ivoire,CIV,1999,65.322,2026-08-08 02:11:14.525335
1474,Cote d'Ivoire,CIV,2000,65.474,2026-08-08 02:11:14.525335
1473,Cote d'Ivoire,CIV,2001,65.625,2026-08-08 02:11:14.525335
1472,Cote d'Ivoire,CIV,2002,65.776,2026-08-08 02:11:14.525335
1471,Cote d'Ivoire,CIV,2003,65.927,2026-08-08 02:11:14.525335
1470,Cote d'Ivoire,CIV,2004,66.078,2026-08-08 02:11:14.525335
1469,Cote d'Ivoire,CIV,2005,66.228,2026-08-08 02:11:14.525335
1468,Cote d'Ivoire,CIV,2006,66.378,2026-08-08 02:11:14.525335
1467,Cote d'Ivoire,CIV,2007,66.527,2026-08-08 02:11:14.525335
1466,Cote d'Ivoire,CIV,2008,66.676,2026-08-08 02:11:14.525335
1465,Cote d'Ivoire,CIV,2009,66.825,2026-08-08 02:11:14.525335
1464,Cote d'Ivoire,CIV,2010,66.973,2026-08-08 02:11:14.525335
1463,Cote d'Ivoire,CIV,2011,67.122,2026-08-08 02:11:14.525335
1462,Cote d'Ivoire,CIV,2012,67.269,2026-08-08 02:11:14.525335
1461,Cote d'Ivoire,CIV,2013,67.16,2026-08-08 02:11:14.525335
1460,Cote d'Ivoire,CIV,2014,67.05,2026-08-08 02:11:14.525335
1459,Cote d'Ivoire,CIV,2015,66.94,2026-08-08 02:11:14.525335
1458,Cote d'Ivoire,CIV,2016,66.829,2026-08-08 02:11:14.525335
1457,Cote d'Ivoire,CIV,2017,66.121,2026-08-08 02:11:14.525335
1456,Cote d'Ivoire,CIV,2018,65.406,2026-08-08 02:11:14.525335
1455,Cote d'Ivoire,CIV,2019,64.684,2026-08-08 02:11:14.525335
1454,Cote d'Ivoire,CIV,2020,64.893,2026-08-08 02:11:14.525335
1453,Cote d'Ivoire,CIV,2021,66.233,2026-08-08 02:11:14.525335
1452,Cote d'Ivoire,CIV,2022,67.149,2026-08-08 02:11:14.525335
1451,Cote d'Ivoire,CIV,2023,67.129,2026-08-08 02:11:14.525335
1450,Cote d'Ivoire,CIV,2024,67.108,2026-08-08 02:11:14.525335
1449,Cote d'Ivoire,CIV,2025,67.09,2026-08-08 02:11:14.525335
1052,Cameroon,CMR,1990,82.229,2026-08-08 02:11:14.525335
1051,Cameroon,CMR,1991,82.232,2026-08-08 02:11:14.525335
1050,Cameroon,CMR,1992,82.23,2026-08-08 02:11:14.525335
1049,Cameroon,CMR,1993,82.218,2026-08-08 02:11:14.525335
1048,Cameroon,CMR,1994,82.197,2026-08-08 02:11:14.525335
1047,Cameroon,CMR,1995,82.168,2026-08-08 02:11:14.525335
1046,Cameroon,CMR,1996,82.128,2026-08-08 02:11:14.525335
1045,Cameroon,CMR,1997,82.076,2026-08-08 02:11:14.525335
1044,Cameroon,CMR,1998,82.028,2026-08-08 02:11:14.525335
1043,Cameroon,CMR,1999,81.987,2026-08-08 02:11:14.525335
1042,Cameroon,CMR,2000,81.949,2026-08-08 02:11:14.525335
1041,Cameroon,CMR,2001,81.906,2026-08-08 02:11:14.525335
1040,Cameroon,CMR,2002,81.86,2026-08-08 02:11:14.525335
1039,Cameroon,CMR,2003,81.819,2026-08-08 02:11:14.525335
1038,Cameroon,CMR,2004,81.788,2026-08-08 02:11:14.525335
1037,Cameroon,CMR,2005,81.765,2026-08-08 02:11:14.525335
1036,Cameroon,CMR,2006,81.746,2026-08-08 02:11:14.525335
1035,Cameroon,CMR,2007,81.727,2026-08-08 02:11:14.525335
1034,Cameroon,CMR,2008,80.012,2026-08-08 02:11:14.525335
1033,Cameroon,CMR,2009,78.18,2026-08-08 02:11:14.525335
1032,Cameroon,CMR,2010,76.23,2026-08-08 02:11:14.525335
1031,Cameroon,CMR,2011,75.238,2026-08-08 02:11:14.525335
1030,Cameroon,CMR,2012,74.218,2026-08-08 02:11:14.525335
1029,Cameroon,CMR,2013,73.172,2026-08-08 02:11:14.525335
1028,Cameroon,CMR,2014,72.099,2026-08-08 02:11:14.525335
1027,Cameroon,CMR,2015,71.153,2026-08-08 02:11:14.525335
1026,Cameroon,CMR,2016,70.225,2026-08-08 02:11:14.525335
1025,Cameroon,CMR,2017,69.308,2026-08-08 02:11:14.525335
1024,Cameroon,CMR,2018,68.387,2026-08-08 02:11:14.525335
1023,Cameroon,CMR,2019,67.453,2026-08-08 02:11:14.525335
1022,Cameroon,CMR,2020,65.916,2026-08-08 02:11:14.525335
1021,Cameroon,CMR,2021,65.315,2026-08-08 02:11:14.525335
1020,Cameroon,CMR,2022,65.576,2026-08-08 02:11:14.525335
1019,Cameroon,CMR,2023,65.552,2026-08-08 02:11:14.525335
1018,Cameroon,CMR,2024,65.528,2026-08-08 02:11:14.525335
1017,Cameroon,CMR,2025,65.171,2026-08-08 02:11:14.525335
1376,"Congo, Dem. Rep.",COD,1990,72.191,2026-08-08 02:11:14.525335
1375,"Congo, Dem. Rep.",COD,1991,72.203,2026-08-08 02:11:14.525335
1374,"Congo, Dem. Rep.",COD,1992,72.216,2026-08-08 02:11:14.525335
1373,"Congo, Dem. Rep.",COD,1993,72.219,2026-08-08 02:11:14.525335
1372,"Congo, Dem. Rep.",COD,1994,72.124,2026-08-08 02:11:14.525335
1371,"Congo, Dem. Rep.",COD,1995,72.099,2026-08-08 02:11:14.525335
1370,"Congo, Dem. Rep.",COD,1996,72.276,2026-08-08 02:11:14.525335
1369,"Congo, Dem. Rep.",COD,1997,72.459,2026-08-08 02:11:14.525335
1368,"Congo, Dem. Rep.",COD,1998,72.52,2026-08-08 02:11:14.525335
1367,"Congo, Dem. Rep.",COD,1999,72.516,2026-08-08 02:11:14.525335
1366,"Congo, Dem. Rep.",COD,2000,72.527,2026-08-08 02:11:14.525335
1365,"Congo, Dem. Rep.",COD,2001,72.536,2026-08-08 02:11:14.525335
1364,"Congo, Dem. Rep.",COD,2002,72.548,2026-08-08 02:11:14.525335
1363,"Congo, Dem. Rep.",COD,2003,72.566,2026-08-08 02:11:14.525335
1362,"Congo, Dem. Rep.",COD,2004,72.579,2026-08-08 02:11:14.525335
1361,"Congo, Dem. Rep.",COD,2005,72.581,2026-08-08 02:11:14.525335
1360,"Congo, Dem. Rep.",COD,2006,71.694,2026-08-08 02:11:14.525335
1359,"Congo, Dem. Rep.",COD,2007,70.789,2026-08-08 02:11:14.525335
1358,"Congo, Dem. Rep.",COD,2008,69.868,2026-08-08 02:11:14.525335
1357,"Congo, Dem. Rep.",COD,2009,68.931,2026-08-08 02:11:14.525335
1356,"Congo, Dem. Rep.",COD,2010,67.977,2026-08-08 02:11:14.525335
1355,"Congo, Dem. Rep.",COD,2011,67.009,2026-08-08 02:11:14.525335
1354,"Congo, Dem. Rep.",COD,2012,66.025,2026-08-08 02:11:14.525335
1353,"Congo, Dem. Rep.",COD,2013,65.778,2026-08-08 02:11:14.525335
1352,"Congo, Dem. Rep.",COD,2014,65.533,2026-08-08 02:11:14.525335
1351,"Congo, Dem. Rep.",COD,2015,65.29,2026-08-08 02:11:14.525335
1350,"Congo, Dem. Rep.",COD,2016,65.025,2026-08-08 02:11:14.525335
1349,"Congo, Dem. Rep.",COD,2017,64.756,2026-08-08 02:11:14.525335
1348,"Congo, Dem. Rep.",COD,2018,64.519,2026-08-08 02:11:14.525335
1347,"Congo, Dem. Rep.",COD,2019,64.296,2026-08-08 02:11:14.525335
1346,"Congo, Dem. Rep.",COD,2020,63.44,2026-08-08 02:11:14.525335
1345,"Congo, Dem. Rep.",COD,2021,63.623,2026-08-08 02:11:14.525335
1344,"Congo, Dem. Rep.",COD,2022,64.363,2026-08-08 02:11:14.525335
1343,"Congo, Dem. Rep.",COD,2023,64.396,2026-08-08 02:11:14.525335
1342,"Congo, Dem. Rep.",COD,2024,64.411,2026-08-08 02:11:14.525335
1341,"Congo, Dem. Rep.",COD,2025,64.306,2026-08-08 02:11:14.525335
1412,"Congo, Rep.",COG,1990,68.681,2026-08-08 02:11:14.525335
1411,"Congo, Rep.",COG,1991,68.634,2026-08-08 02:11:14.525335
1410,"Congo, Rep.",COG,1992,68.588,2026-08-08 02:11:14.525335
1409,"Congo, Rep.",COG,1993,68.534,2026-08-08 02:11:14.525335
1408,"Congo, Rep.",COG,1994,68.49,2026-08-08 02:11:14.525335
1407,"Congo, Rep.",COG,1995,68.46,2026-08-08 02:11:14.525335
1406,"Congo, Rep.",COG,1996,68.431,2026-08-08 02:11:14.525335
1405,"Congo, Rep.",COG,1997,68.451,2026-08-08 02:11:14.525335
1404,"Congo, Rep.",COG,1998,68.458,2026-08-08 02:11:14.525335
1403,"Congo, Rep.",COG,1999,68.405,2026-08-08 02:11:14.525335
1402,"Congo, Rep.",COG,2000,68.248,2026-08-08 02:11:14.525335
1401,"Congo, Rep.",COG,2001,68.111,2026-08-08 02:11:14.525335
1400,"Congo, Rep.",COG,2002,68.103,2026-08-08 02:11:14.525335
1399,"Congo, Rep.",COG,2003,68.067,2026-08-08 02:11:14.525335
1398,"Congo, Rep.",COG,2004,67.992,2026-08-08 02:11:14.525335
1397,"Congo, Rep.",COG,2005,67.918,2026-08-08 02:11:14.525335
1396,"Congo, Rep.",COG,2006,67.846,2026-08-08 02:11:14.525335
1395,"Congo, Rep.",COG,2007,67.797,2026-08-08 02:11:14.525335
1394,"Congo, Rep.",COG,2008,67.795,2026-08-08 02:11:14.525335
1393,"Congo, Rep.",COG,2009,67.76,2026-08-08 02:11:14.525335
1392,"Congo, Rep.",COG,2010,67.735,2026-08-08 02:11:14.525335
1391,"Congo, Rep.",COG,2011,67.788,2026-08-08 02:11:14.525335
1390,"Congo, Rep.",COG,2012,67.869,2026-08-08 02:11:14.525335
1389,"Congo, Rep.",COG,2013,67.965,2026-08-08 02:11:14.525335
1388,"Congo, Rep.",COG,2014,68.046,2026-08-08 02:11:14.525335
1387,"Congo, Rep.",COG,2015,68.11,2026-08-08 02:11:14.525335
1386,"Congo, Rep.",COG,2016,68.147,2026-08-08 02:11:14.525335
1385,"Congo, Rep.",COG,2017,68.156,2026-08-08 02:11:14.525335
1384,"Congo, Rep.",COG,2018,68.147,2026-08-08 02:11:14.525335
1383,"Congo, Rep.",COG,2019,68.119,2026-08-08 02:11:14.525335
1382,"Congo, Rep.",COG,2020,64.941,2026-08-08 02:11:14.525335
1381,"Congo, Rep.",COG,2021,65.541,2026-08-08 02:11:14.525335
1380,"Congo, Rep.",COG,2022,67.946,2026-08-08 02:11:14.525335
1379,"Congo, Rep.",COG,2023,67.897,2026-08-08 02:11:14.525335
1378,"Congo, Rep.",COG,2024,67.847,2026-08-08 02:11:14.525335
1377,"Congo, Rep.",COG,2025,67.825,2026-08-08 02:11:14.525335
1304,Colombia,COL,1990,66.743,2026-08-08 02:11:14.525335
1303,Colombia,COL,1991,66.74,2026-08-08 02:11:14.525335
1302,Colombia,COL,1992,66.964,2026-08-08 02:11:14.525335
1301,Colombia,COL,1993,67.33,2026-08-08 02:11:14.525335
1300,Colombia,COL,1994,67.743,2026-08-08 02:11:14.525335
1299,Colombia,COL,1995,68.095,2026-08-08 02:11:14.525335
1298,Colombia,COL,1996,68.119,2026-08-08 02:11:14.525335
1297,Colombia,COL,1997,68.295,2026-08-08 02:11:14.525335
1296,Colombia,COL,1998,68.159,2026-08-08 02:11:14.525335
1295,Colombia,COL,1999,67.485,2026-08-08 02:11:14.525335
1294,Colombia,COL,2000,67.625,2026-08-08 02:11:14.525335
1293,Colombia,COL,2001,67.635,2026-08-08 02:11:14.525335
1292,Colombia,COL,2002,66.596,2026-08-08 02:11:14.525335
1291,Colombia,COL,2003,67.436,2026-08-08 02:11:14.525335
1290,Colombia,COL,2004,66.686,2026-08-08 02:11:14.525335
1289,Colombia,COL,2005,65.339,2026-08-08 02:11:14.525335
1288,Colombia,COL,2006,64.616,2026-08-08 02:11:14.525335
1287,Colombia,COL,2007,63.887,2026-08-08 02:11:14.525335
1286,Colombia,COL,2008,64.158,2026-08-08 02:11:14.525335
1285,Colombia,COL,2009,66.954,2026-08-08 02:11:14.525335
1284,Colombia,COL,2010,67.079,2026-08-08 02:11:14.525335
1283,Colombia,COL,2011,67.514,2026-08-08 02:11:14.525335
1282,Colombia,COL,2012,68.072,2026-08-08 02:11:14.525335
1281,Colombia,COL,2013,67.273,2026-08-08 02:11:14.525335
1280,Colombia,COL,2014,66.991,2026-08-08 02:11:14.525335
1279,Colombia,COL,2015,67.019,2026-08-08 02:11:14.525335
1278,Colombia,COL,2016,66.418,2026-08-08 02:11:14.525335
1277,Colombia,COL,2017,66.013,2026-08-08 02:11:14.525335
1276,Colombia,COL,2018,65.237,2026-08-08 02:11:14.525335
1275,Colombia,COL,2019,64.322,2026-08-08 02:11:14.525335
1274,Colombia,COL,2020,63.415,2026-08-08 02:11:14.525335
1273,Colombia,COL,2021,64.33,2026-08-08 02:11:14.525335
1272,Colombia,COL,2022,63.155,2026-08-08 02:11:14.525335
1271,Colombia,COL,2023,63.736,2026-08-08 02:11:14.525335
1270,Colombia,COL,2024,63.528,2026-08-08 02:11:14.525335
1269,Colombia,COL,2025,63.398,2026-08-08 02:11:14.525335
1340,Comoros,COM,1990,41.706,2026-08-08 02:11:14.525335
1339,Comoros,COM,1991,41.698,2026-08-08 02:11:14.525335
1338,Comoros,COM,1992,41.745,2026-08-08 02:11:14.525335
1337,Comoros,COM,1993,41.84,2026-08-08 02:11:14.525335
1336,Comoros,COM,1994,41.909,2026-08-08 02:11:14.525335
1335,Comoros,COM,1995,41.952,2026-08-08 02:11:14.525335
1334,Comoros,COM,1996,41.971,2026-08-08 02:11:14.525335
1333,Comoros,COM,1997,41.96,2026-08-08 02:11:14.525335
1332,Comoros,COM,1998,41.915,2026-08-08 02:11:14.525335
1331,Comoros,COM,1999,41.822,2026-08-08 02:11:14.525335
1330,Comoros,COM,2000,41.719,2026-08-08 02:11:14.525335
1329,Comoros,COM,2001,41.646,2026-08-08 02:11:14.525335
1328,Comoros,COM,2002,41.595,2026-08-08 02:11:14.525335
1327,Comoros,COM,2003,41.523,2026-08-08 02:11:14.525335
1326,Comoros,COM,2004,41.376,2026-08-08 02:11:14.525335
1325,Comoros,COM,2005,41.683,2026-08-08 02:11:14.525335
1324,Comoros,COM,2006,41.99,2026-08-08 02:11:14.525335
1323,Comoros,COM,2007,42.298,2026-08-08 02:11:14.525335
1322,Comoros,COM,2008,42.606,2026-08-08 02:11:14.525335
1321,Comoros,COM,2009,42.915,2026-08-08 02:11:14.525335
1320,Comoros,COM,2010,43.224,2026-08-08 02:11:14.525335
1319,Comoros,COM,2011,43.534,2026-08-08 02:11:14.525335
1318,Comoros,COM,2012,43.845,2026-08-08 02:11:14.525335
1317,Comoros,COM,2013,44.156,2026-08-08 02:11:14.525335
1316,Comoros,COM,2014,44.467,2026-08-08 02:11:14.525335
1315,Comoros,COM,2015,46.084,2026-08-08 02:11:14.525335
1314,Comoros,COM,2016,47.689,2026-08-08 02:11:14.525335
1313,Comoros,COM,2017,49.253,2026-08-08 02:11:14.525335
1312,Comoros,COM,2018,50.788,2026-08-08 02:11:14.525335
1311,Comoros,COM,2019,52.328,2026-08-08 02:11:14.525335
1310,Comoros,COM,2020,53.471,2026-08-08 02:11:14.525335
1309,Comoros,COM,2021,55.195,2026-08-08 02:11:14.525335
1308,Comoros,COM,2022,55.468,2026-08-08 02:11:14.525335
1307,Comoros,COM,2023,55.422,2026-08-08 02:11:14.525335
1306,Comoros,COM,2024,55.387,2026-08-08 02:11:14.525335
1305,Comoros,COM,2025,55.772,2026-08-08 02:11:14.525335
980,Cabo Verde,CPV,1990,60.89,2026-08-08 02:11:14.525335
979,Cabo Verde,CPV,1991,60.629,2026-08-08 02:11:14.525335
978,Cabo Verde,CPV,1992,60.367,2026-08-08 02:11:14.525335
977,Cabo Verde,CPV,1993,60.105,2026-08-08 02:11:14.525335
976,Cabo Verde,CPV,1994,59.842,2026-08-08 02:11:14.525335
975,Cabo Verde,CPV,1995,59.579,2026-08-08 02:11:14.525335
974,Cabo Verde,CPV,1996,59.315,2026-08-08 02:11:14.525335
973,Cabo Verde,CPV,1997,59.051,2026-08-08 02:11:14.525335
972,Cabo Verde,CPV,1998,58.786,2026-08-08 02:11:14.525335
971,Cabo Verde,CPV,1999,58.52,2026-08-08 02:11:14.525335
970,Cabo Verde,CPV,2000,58.254,2026-08-08 02:11:14.525335
969,Cabo Verde,CPV,2001,57.988,2026-08-08 02:11:14.525335
968,Cabo Verde,CPV,2002,57.721,2026-08-08 02:11:14.525335
967,Cabo Verde,CPV,2003,57.454,2026-08-08 02:11:14.525335
966,Cabo Verde,CPV,2004,57.186,2026-08-08 02:11:14.525335
965,Cabo Verde,CPV,2005,56.918,2026-08-08 02:11:14.525335
964,Cabo Verde,CPV,2006,56.649,2026-08-08 02:11:14.525335
963,Cabo Verde,CPV,2007,56.38,2026-08-08 02:11:14.525335
962,Cabo Verde,CPV,2008,56.111,2026-08-08 02:11:14.525335
961,Cabo Verde,CPV,2009,55.841,2026-08-08 02:11:14.525335
960,Cabo Verde,CPV,2010,59.12,2026-08-08 02:11:14.525335
959,Cabo Verde,CPV,2011,59.129,2026-08-08 02:11:14.525335
958,Cabo Verde,CPV,2012,59.137,2026-08-08 02:11:14.525335
957,Cabo Verde,CPV,2013,59.146,2026-08-08 02:11:14.525335
956,Cabo Verde,CPV,2014,59.154,2026-08-08 02:11:14.525335
955,Cabo Verde,CPV,2015,59.163,2026-08-08 02:11:14.525335
954,Cabo Verde,CPV,2016,59.171,2026-08-08 02:11:14.525335
953,Cabo Verde,CPV,2017,59.18,2026-08-08 02:11:14.525335
952,Cabo Verde,CPV,2018,55.56,2026-08-08 02:11:14.525335
951,Cabo Verde,CPV,2019,57.43,2026-08-08 02:11:14.525335
950,Cabo Verde,CPV,2020,53.405,2026-08-08 02:11:14.525335
949,Cabo Verde,CPV,2021,54.185,2026-08-08 02:11:14.525335
948,Cabo Verde,CPV,2022,57.198,2026-08-08 02:11:14.525335
947,Cabo Verde,CPV,2023,57.122,2026-08-08 02:11:14.525335
946,Cabo Verde,CPV,2024,57.034,2026-08-08 02:11:14.525335
945,Cabo Verde,CPV,2025,57.025,2026-08-08 02:11:14.525335
1448,Costa Rica,CRI,1990,57.35,2026-08-08 02:11:14.525335
1447,Costa Rica,CRI,1991,56.5,2026-08-08 02:11:14.525335
1446,Costa Rica,CRI,1992,55.66,2026-08-08 02:11:14.525335
1445,Costa Rica,CRI,1993,56.54,2026-08-08 02:11:14.525335
1444,Costa Rica,CRI,1994,57.02,2026-08-08 02:11:14.525335
1443,Costa Rica,CRI,1995,58.03,2026-08-08 02:11:14.525335
1442,Costa Rica,CRI,1996,55.97,2026-08-08 02:11:14.525335
1441,Costa Rica,CRI,1997,58.13,2026-08-08 02:11:14.525335
1440,Costa Rica,CRI,1998,59.69,2026-08-08 02:11:14.525335
1439,Costa Rica,CRI,1999,59.69,2026-08-08 02:11:14.525335
1438,Costa Rica,CRI,2000,58.87,2026-08-08 02:11:14.525335
1437,Costa Rica,CRI,2001,60.231,2026-08-08 02:11:14.525335
1436,Costa Rica,CRI,2002,59.76,2026-08-08 02:11:14.525335
1435,Costa Rica,CRI,2003,60.04,2026-08-08 02:11:14.525335
1434,Costa Rica,CRI,2004,58.867,2026-08-08 02:11:14.525335
1433,Costa Rica,CRI,2005,61.309,2026-08-08 02:11:14.525335
1432,Costa Rica,CRI,2006,60.647,2026-08-08 02:11:14.525335
1431,Costa Rica,CRI,2007,61.428,2026-08-08 02:11:14.525335
1430,Costa Rica,CRI,2008,60.909,2026-08-08 02:11:14.525335
1429,Costa Rica,CRI,2009,60.485,2026-08-08 02:11:14.525335
1428,Costa Rica,CRI,2010,59.214,2026-08-08 02:11:14.525335
1427,Costa Rica,CRI,2011,60.62,2026-08-08 02:11:14.525335
1426,Costa Rica,CRI,2012,64.332,2026-08-08 02:11:14.525335
1425,Costa Rica,CRI,2013,63.662,2026-08-08 02:11:14.525335
1424,Costa Rica,CRI,2014,64.189,2026-08-08 02:11:14.525335
1423,Costa Rica,CRI,2015,62.808,2026-08-08 02:11:14.525335
1422,Costa Rica,CRI,2016,59.687,2026-08-08 02:11:14.525335
1421,Costa Rica,CRI,2017,59.848,2026-08-08 02:11:14.525335
1420,Costa Rica,CRI,2018,62.21,2026-08-08 02:11:14.525335
1419,Costa Rica,CRI,2019,64.263,2026-08-08 02:11:14.525335
1418,Costa Rica,CRI,2020,60.629,2026-08-08 02:11:14.525335
1417,Costa Rica,CRI,2021,61.767,2026-08-08 02:11:14.525335
1416,Costa Rica,CRI,2022,61.491,2026-08-08 02:11:14.525335
1415,Costa Rica,CRI,2023,56.831,2026-08-08 02:11:14.525335
1414,Costa Rica,CRI,2024,57.687,2026-08-08 02:11:14.525335
1413,Costa Rica,CRI,2025,57.659,2026-08-08 02:11:14.525335
1556,Cuba,CUB,1990,52.228,2026-08-08 02:11:14.525335
1555,Cuba,CUB,1991,52.25,2026-08-08 02:11:14.525335
1554,Cuba,CUB,1992,52.258,2026-08-08 02:11:14.525335
1553,Cuba,CUB,1993,52.204,2026-08-08 02:11:14.525335
1552,Cuba,CUB,1994,52.39,2026-08-08 02:11:14.525335
1551,Cuba,CUB,1995,52.604,2026-08-08 02:11:14.525335
1550,Cuba,CUB,1996,52.92,2026-08-08 02:11:14.525335
1549,Cuba,CUB,1997,53.16,2026-08-08 02:11:14.525335
1548,Cuba,CUB,1998,53.325,2026-08-08 02:11:14.525335
1547,Cuba,CUB,1999,53.544,2026-08-08 02:11:14.525335
1546,Cuba,CUB,2000,53.708,2026-08-08 02:11:14.525335
1545,Cuba,CUB,2001,53.785,2026-08-08 02:11:14.525335
1544,Cuba,CUB,2002,53.793,2026-08-08 02:11:14.525335
1543,Cuba,CUB,2003,53.802,2026-08-08 02:11:14.525335
1542,Cuba,CUB,2004,53.819,2026-08-08 02:11:14.525335
1541,Cuba,CUB,2005,53.927,2026-08-08 02:11:14.525335
1540,Cuba,CUB,2006,54.062,2026-08-08 02:11:14.525335
1539,Cuba,CUB,2007,54.156,2026-08-08 02:11:14.525335
1538,Cuba,CUB,2008,54.238,2026-08-08 02:11:14.525335
1537,Cuba,CUB,2009,55.476,2026-08-08 02:11:14.525335
1536,Cuba,CUB,2010,54.824,2026-08-08 02:11:14.525335
1535,Cuba,CUB,2011,54.944,2026-08-08 02:11:14.525335
1534,Cuba,CUB,2012,55.088,2026-08-08 02:11:14.525335
1533,Cuba,CUB,2013,55.26,2026-08-08 02:11:14.525335
1532,Cuba,CUB,2014,55.397,2026-08-08 02:11:14.525335
1531,Cuba,CUB,2015,55.552,2026-08-08 02:11:14.525335
1530,Cuba,CUB,2016,55.581,2026-08-08 02:11:14.525335
1529,Cuba,CUB,2017,55.556,2026-08-08 02:11:14.525335
1528,Cuba,CUB,2018,55.461,2026-08-08 02:11:14.525335
1527,Cuba,CUB,2019,55.275,2026-08-08 02:11:14.525335
1526,Cuba,CUB,2020,52.552,2026-08-08 02:11:14.525335
1525,Cuba,CUB,2021,52.787,2026-08-08 02:11:14.525335
1524,Cuba,CUB,2022,53.669,2026-08-08 02:11:14.525335
1523,Cuba,CUB,2023,53.165,2026-08-08 02:11:14.525335
1522,Cuba,CUB,2024,52.635,2026-08-08 02:11:14.525335
1521,Cuba,CUB,2025,52.248,2026-08-08 02:11:14.525335
1592,Cyprus,CYP,1990,60.317,2026-08-08 02:11:14.525335
1591,Cyprus,CYP,1991,60.726,2026-08-08 02:11:14.525335
1590,Cyprus,CYP,1992,60.383,2026-08-08 02:11:14.525335
1589,Cyprus,CYP,1993,60.533,2026-08-08 02:11:14.525335
1588,Cyprus,CYP,1994,60.68,2026-08-08 02:11:14.525335
1587,Cyprus,CYP,1995,60.771,2026-08-08 02:11:14.525335
1586,Cyprus,CYP,1996,60.791,2026-08-08 02:11:14.525335
1585,Cyprus,CYP,1997,60.735,2026-08-08 02:11:14.525335
1584,Cyprus,CYP,1998,60.621,2026-08-08 02:11:14.525335
1583,Cyprus,CYP,1999,60.484,2026-08-08 02:11:14.525335
1582,Cyprus,CYP,2000,60.361,2026-08-08 02:11:14.525335
1581,Cyprus,CYP,2001,61.912,2026-08-08 02:11:14.525335
1580,Cyprus,CYP,2002,61.833,2026-08-08 02:11:14.525335
1579,Cyprus,CYP,2003,63.074,2026-08-08 02:11:14.525335
1578,Cyprus,CYP,2004,63.283,2026-08-08 02:11:14.525335
1577,Cyprus,CYP,2005,63.297,2026-08-08 02:11:14.525335
1576,Cyprus,CYP,2006,63.3,2026-08-08 02:11:14.525335
1575,Cyprus,CYP,2007,63.823,2026-08-08 02:11:14.525335
1574,Cyprus,CYP,2008,63.678,2026-08-08 02:11:14.525335
1573,Cyprus,CYP,2009,63.701,2026-08-08 02:11:14.525335
1572,Cyprus,CYP,2010,64.19,2026-08-08 02:11:14.525335
1571,Cyprus,CYP,2011,63.828,2026-08-08 02:11:14.525335
1570,Cyprus,CYP,2012,64.036,2026-08-08 02:11:14.525335
1569,Cyprus,CYP,2013,64.036,2026-08-08 02:11:14.525335
1568,Cyprus,CYP,2014,64.633,2026-08-08 02:11:14.525335
1567,Cyprus,CYP,2015,64.16,2026-08-08 02:11:14.525335
1566,Cyprus,CYP,2016,63.762,2026-08-08 02:11:14.525335
1565,Cyprus,CYP,2017,64.377,2026-08-08 02:11:14.525335
1564,Cyprus,CYP,2018,65.38,2026-08-08 02:11:14.525335
1563,Cyprus,CYP,2019,66.112,2026-08-08 02:11:14.525335
1562,Cyprus,CYP,2020,65.734,2026-08-08 02:11:14.525335
1561,Cyprus,CYP,2021,66.476,2026-08-08 02:11:14.525335
1560,Cyprus,CYP,2022,67.624,2026-08-08 02:11:14.525335
1559,Cyprus,CYP,2023,67.945,2026-08-08 02:11:14.525335
1558,Cyprus,CYP,2024,67.189,2026-08-08 02:11:14.525335
1557,Cyprus,CYP,2025,66.961,2026-08-08 02:11:14.525335
1628,Czechia,CZE,1990,61.585,2026-08-08 02:11:14.525335
1627,Czechia,CZE,1991,61.373,2026-08-08 02:11:14.525335
1626,Czechia,CZE,1992,61.401,2026-08-08 02:11:14.525335
1625,Czechia,CZE,1993,61.42,2026-08-08 02:11:14.525335
1624,Czechia,CZE,1994,61.677,2026-08-08 02:11:14.525335
1623,Czechia,CZE,1995,61.552,2026-08-08 02:11:14.525335
1622,Czechia,CZE,1996,61.3,2026-08-08 02:11:14.525335
1621,Czechia,CZE,1997,61.157,2026-08-08 02:11:14.525335
1620,Czechia,CZE,1998,61.061,2026-08-08 02:11:14.525335
1619,Czechia,CZE,1999,61.049,2026-08-08 02:11:14.525335
1618,Czechia,CZE,2000,60.415,2026-08-08 02:11:14.525335
1617,Czechia,CZE,2001,60.01,2026-08-08 02:11:14.525335
1616,Czechia,CZE,2002,59.813,2026-08-08 02:11:14.525335
1615,Czechia,CZE,2003,59.498,2026-08-08 02:11:14.525335
1614,Czechia,CZE,2004,59.229,2026-08-08 02:11:14.525335
1613,Czechia,CZE,2005,59.42,2026-08-08 02:11:14.525335
1612,Czechia,CZE,2006,59.273,2026-08-08 02:11:14.525335
1611,Czechia,CZE,2007,58.774,2026-08-08 02:11:14.525335
1610,Czechia,CZE,2008,58.409,2026-08-08 02:11:14.525335
1609,Czechia,CZE,2009,58.554,2026-08-08 02:11:14.525335
1608,Czechia,CZE,2010,58.343,2026-08-08 02:11:14.525335
1607,Czechia,CZE,2011,58.265,2026-08-08 02:11:14.525335
1606,Czechia,CZE,2012,58.641,2026-08-08 02:11:14.525335
1605,Czechia,CZE,2013,59.255,2026-08-08 02:11:14.525335
1604,Czechia,CZE,2014,59.27,2026-08-08 02:11:14.525335
1603,Czechia,CZE,2015,59.372,2026-08-08 02:11:14.525335
1602,Czechia,CZE,2016,59.821,2026-08-08 02:11:14.525335
1601,Czechia,CZE,2017,60.073,2026-08-08 02:11:14.525335
1600,Czechia,CZE,2018,60.373,2026-08-08 02:11:14.525335
1599,Czechia,CZE,2019,60.118,2026-08-08 02:11:14.525335
1598,Czechia,CZE,2020,59.46,2026-08-08 02:11:14.525335
1597,Czechia,CZE,2021,59.45,2026-08-08 02:11:14.525335
1596,Czechia,CZE,2022,59.865,2026-08-08 02:11:14.525335
1595,Czechia,CZE,2023,60.434,2026-08-08 02:11:14.525335
1594,Czechia,CZE,2024,60.624,2026-08-08 02:11:14.525335
1593,Czechia,CZE,2025,60.341,2026-08-08 02:11:14.525335
2311,Germany,DEU,1990,58.171,2026-08-08 02:11:14.525335
2310,Germany,DEU,1991,59.598,2026-08-08 02:11:14.525335
2309,Germany,DEU,1992,59.076,2026-08-08 02:11:14.525335
2308,Germany,DEU,1993,58.549,2026-08-08 02:11:14.525335
2307,Germany,DEU,1994,58.684,2026-08-08 02:11:14.525335
2306,Germany,DEU,1995,58.253,2026-08-08 02:11:14.525335
2305,Germany,DEU,1996,58.01,2026-08-08 02:11:14.525335
2304,Germany,DEU,1997,58.233,2026-08-08 02:11:14.525335
2303,Germany,DEU,1998,58.173,2026-08-08 02:11:14.525335
2302,Germany,DEU,1999,58.336,2026-08-08 02:11:14.525335
2301,Germany,DEU,2000,57.989,2026-08-08 02:11:14.525335
2300,Germany,DEU,2001,57.899,2026-08-08 02:11:14.525335
2299,Germany,DEU,2002,57.79,2026-08-08 02:11:14.525335
2298,Germany,DEU,2003,57.846,2026-08-08 02:11:14.525335
2297,Germany,DEU,2004,57.458,2026-08-08 02:11:14.525335
2296,Germany,DEU,2005,58.332,2026-08-08 02:11:14.525335
2295,Germany,DEU,2006,58.997,2026-08-08 02:11:14.525335
2294,Germany,DEU,2007,59.065,2026-08-08 02:11:14.525335
2293,Germany,DEU,2008,59.087,2026-08-08 02:11:14.525335
2292,Germany,DEU,2009,59.211,2026-08-08 02:11:14.525335
2291,Germany,DEU,2010,59.312,2026-08-08 02:11:14.525335
2290,Germany,DEU,2011,59.853,2026-08-08 02:11:14.525335
2289,Germany,DEU,2012,59.958,2026-08-08 02:11:14.525335
2288,Germany,DEU,2013,60.278,2026-08-08 02:11:14.525335
2287,Germany,DEU,2014,60.378,2026-08-08 02:11:14.525335
2286,Germany,DEU,2015,60.22,2026-08-08 02:11:14.525335
2285,Germany,DEU,2016,60.411,2026-08-08 02:11:14.525335
2284,Germany,DEU,2017,60.659,2026-08-08 02:11:14.525335
2283,Germany,DEU,2018,60.859,2026-08-08 02:11:14.525335
2282,Germany,DEU,2019,61.307,2026-08-08 02:11:14.525335
2281,Germany,DEU,2020,60.478,2026-08-08 02:11:14.525335
2280,Germany,DEU,2021,60.395,2026-08-08 02:11:14.525335
2279,Germany,DEU,2022,60.835,2026-08-08 02:11:14.525335
2278,Germany,DEU,2023,61.05,2026-08-08 02:11:14.525335
2277,Germany,DEU,2024,60.921,2026-08-08 02:11:14.525335
2276,Germany,DEU,2025,60.571,2026-08-08 02:11:14.525335
1699,Djibouti,DJI,1990,35.114,2026-08-08 02:11:14.525335
1698,Djibouti,DJI,1991,35.059,2026-08-08 02:11:14.525335
1697,Djibouti,DJI,1992,35.002,2026-08-08 02:11:14.525335
1696,Djibouti,DJI,1993,34.937,2026-08-08 02:11:14.525335
1695,Djibouti,DJI,1994,34.869,2026-08-08 02:11:14.525335
1694,Djibouti,DJI,1995,34.795,2026-08-08 02:11:14.525335
1693,Djibouti,DJI,1996,34.698,2026-08-08 02:11:14.525335
1692,Djibouti,DJI,1997,34.514,2026-08-08 02:11:14.525335
1691,Djibouti,DJI,1998,34.297,2026-08-08 02:11:14.525335
1690,Djibouti,DJI,1999,34.135,2026-08-08 02:11:14.525335
1689,Djibouti,DJI,2000,34.013,2026-08-08 02:11:14.525335
1688,Djibouti,DJI,2001,33.898,2026-08-08 02:11:14.525335
1687,Djibouti,DJI,2002,33.794,2026-08-08 02:11:14.525335
1686,Djibouti,DJI,2003,33.753,2026-08-08 02:11:14.525335
1685,Djibouti,DJI,2004,33.747,2026-08-08 02:11:14.525335
1684,Djibouti,DJI,2005,33.715,2026-08-08 02:11:14.525335
1683,Djibouti,DJI,2006,33.635,2026-08-08 02:11:14.525335
1682,Djibouti,DJI,2007,33.524,2026-08-08 02:11:14.525335
1681,Djibouti,DJI,2008,33.407,2026-08-08 02:11:14.525335
1680,Djibouti,DJI,2009,33.29,2026-08-08 02:11:14.525335
1679,Djibouti,DJI,2010,33.18,2026-08-08 02:11:14.525335
1678,Djibouti,DJI,2011,33.071,2026-08-08 02:11:14.525335
1677,Djibouti,DJI,2012,32.962,2026-08-08 02:11:14.525335
1676,Djibouti,DJI,2013,32.847,2026-08-08 02:11:14.525335
1675,Djibouti,DJI,2014,32.72,2026-08-08 02:11:14.525335
1674,Djibouti,DJI,2015,32.581,2026-08-08 02:11:14.525335
1673,Djibouti,DJI,2016,32.431,2026-08-08 02:11:14.525335
1672,Djibouti,DJI,2017,32.272,2026-08-08 02:11:14.525335
1671,Djibouti,DJI,2018,32.111,2026-08-08 02:11:14.525335
1670,Djibouti,DJI,2019,31.955,2026-08-08 02:11:14.525335
1669,Djibouti,DJI,2020,31.564,2026-08-08 02:11:14.525335
1668,Djibouti,DJI,2021,31.784,2026-08-08 02:11:14.525335
1667,Djibouti,DJI,2022,31.789,2026-08-08 02:11:14.525335
1666,Djibouti,DJI,2023,31.775,2026-08-08 02:11:14.525335
1665,Djibouti,DJI,2024,31.773,2026-08-08 02:11:14.525335
1664,Djibouti,DJI,2025,31.744,2026-08-08 02:11:14.525335
1663,Denmark,DNK,1990,67.301,2026-08-08 02:11:14.525335
1662,Denmark,DNK,1991,67.21,2026-08-08 02:11:14.525335
1661,Denmark,DNK,1992,67.075,2026-08-08 02:11:14.525335
1660,Denmark,DNK,1993,66.438,2026-08-08 02:11:14.525335
1659,Denmark,DNK,1994,64.506,2026-08-08 02:11:14.525335
1658,Denmark,DNK,1995,65.251,2026-08-08 02:11:14.525335
1657,Denmark,DNK,1996,65.394,2026-08-08 02:11:14.525335
1656,Denmark,DNK,1997,65.694,2026-08-08 02:11:14.525335
1655,Denmark,DNK,1998,65.315,2026-08-08 02:11:14.525335
1654,Denmark,DNK,1999,66.09,2026-08-08 02:11:14.525335
1653,Denmark,DNK,2000,65.757,2026-08-08 02:11:14.525335
1652,Denmark,DNK,2001,65.421,2026-08-08 02:11:14.525335
1651,Denmark,DNK,2002,65.984,2026-08-08 02:11:14.525335
1650,Denmark,DNK,2003,65.768,2026-08-08 02:11:14.525335
1649,Denmark,DNK,2004,66.137,2026-08-08 02:11:14.525335
1648,Denmark,DNK,2005,65.933,2026-08-08 02:11:14.525335
1647,Denmark,DNK,2006,66.341,2026-08-08 02:11:14.525335
1646,Denmark,DNK,2007,65.886,2026-08-08 02:11:14.525335
1645,Denmark,DNK,2008,65.208,2026-08-08 02:11:14.525335
1644,Denmark,DNK,2009,64.506,2026-08-08 02:11:14.525335
1643,Denmark,DNK,2010,63.604,2026-08-08 02:11:14.525335
1642,Denmark,DNK,2011,63.167,2026-08-08 02:11:14.525335
1641,Denmark,DNK,2012,62.418,2026-08-08 02:11:14.525335
1640,Denmark,DNK,2013,61.49,2026-08-08 02:11:14.525335
1639,Denmark,DNK,2014,61.336,2026-08-08 02:11:14.525335
1638,Denmark,DNK,2015,61.413,2026-08-08 02:11:14.525335
1637,Denmark,DNK,2016,61.744,2026-08-08 02:11:14.525335
1636,Denmark,DNK,2017,61.827,2026-08-08 02:11:14.525335
1635,Denmark,DNK,2018,61.906,2026-08-08 02:11:14.525335
1634,Denmark,DNK,2019,62.445,2026-08-08 02:11:14.525335
1633,Denmark,DNK,2020,62.144,2026-08-08 02:11:14.525335
1632,Denmark,DNK,2021,62.667,2026-08-08 02:11:14.525335
1631,Denmark,DNK,2022,63.504,2026-08-08 02:11:14.525335
1630,Denmark,DNK,2023,63.752,2026-08-08 02:11:14.525335
1629,Denmark,DNK,2024,65.045,2026-08-08 02:11:14.525335
1,Denmark,DNK,2025,64.935,2026-08-08 02:11:14.525335
1735,Dominican Republic,DOM,1990,56.993,2026-08-08 02:11:14.525335
1734,Dominican Republic,DOM,1991,56.95,2026-08-08 02:11:14.525335
1733,Dominican Republic,DOM,1992,57.282,2026-08-08 02:11:14.525335
1732,Dominican Republic,DOM,1993,57.48,2026-08-08 02:11:14.525335
1731,Dominican Republic,DOM,1994,57.505,2026-08-08 02:11:14.525335
1730,Dominican Republic,DOM,1995,57.645,2026-08-08 02:11:14.525335
1729,Dominican Republic,DOM,1996,57.799,2026-08-08 02:11:14.525335
1728,Dominican Republic,DOM,1997,58.058,2026-08-08 02:11:14.525335
1727,Dominican Republic,DOM,1998,58.244,2026-08-08 02:11:14.525335
1726,Dominican Republic,DOM,1999,58.402,2026-08-08 02:11:14.525335
1725,Dominican Republic,DOM,2000,58.514,2026-08-08 02:11:14.525335
1724,Dominican Republic,DOM,2001,57.276,2026-08-08 02:11:14.525335
1723,Dominican Republic,DOM,2002,57.568,2026-08-08 02:11:14.525335
1722,Dominican Republic,DOM,2003,56.633,2026-08-08 02:11:14.525335
1721,Dominican Republic,DOM,2004,56.853,2026-08-08 02:11:14.525335
1720,Dominican Republic,DOM,2005,56.623,2026-08-08 02:11:14.525335
1719,Dominican Republic,DOM,2006,57.304,2026-08-08 02:11:14.525335
1718,Dominican Republic,DOM,2007,57.21,2026-08-08 02:11:14.525335
1717,Dominican Republic,DOM,2008,57.585,2026-08-08 02:11:14.525335
1716,Dominican Republic,DOM,2009,55.47,2026-08-08 02:11:14.525335
1715,Dominican Republic,DOM,2010,56.706,2026-08-08 02:11:14.525335
1714,Dominican Republic,DOM,2011,58.157,2026-08-08 02:11:14.525335
1713,Dominican Republic,DOM,2012,59.431,2026-08-08 02:11:14.525335
1712,Dominican Republic,DOM,2013,59.269,2026-08-08 02:11:14.525335
1711,Dominican Republic,DOM,2014,59.529,2026-08-08 02:11:14.525335
1710,Dominican Republic,DOM,2015,62.007,2026-08-08 02:11:14.525335
1709,Dominican Republic,DOM,2016,62.451,2026-08-08 02:11:14.525335
1708,Dominican Republic,DOM,2017,62.367,2026-08-08 02:11:14.525335
1707,Dominican Republic,DOM,2018,63.771,2026-08-08 02:11:14.525335
1706,Dominican Republic,DOM,2019,65.189,2026-08-08 02:11:14.525335
1705,Dominican Republic,DOM,2020,60.365,2026-08-08 02:11:14.525335
1704,Dominican Republic,DOM,2021,63.174,2026-08-08 02:11:14.525335
1703,Dominican Republic,DOM,2022,63.224,2026-08-08 02:11:14.525335
1702,Dominican Republic,DOM,2023,64.282,2026-08-08 02:11:14.525335
1701,Dominican Republic,DOM,2024,64.648,2026-08-08 02:11:14.525335
1700,Dominican Republic,DOM,2025,64.839,2026-08-08 02:11:14.525335
116,Algeria,DZA,1990,45.624,2026-08-08 02:11:14.525335
115,Algeria,DZA,1991,45.824,2026-08-08 02:11:14.525335
114,Algeria,DZA,1992,45.799,2026-08-08 02:11:14.525335
113,Algeria,DZA,1993,45.788,2026-08-08 02:11:14.525335
112,Algeria,DZA,1994,45.761,2026-08-08 02:11:14.525335
111,Algeria,DZA,1995,45.601,2026-08-08 02:11:14.525335
110,Algeria,DZA,1996,45.446,2026-08-08 02:11:14.525335
109,Algeria,DZA,1997,45.059,2026-08-08 02:11:14.525335
108,Algeria,DZA,1998,44.719,2026-08-08 02:11:14.525335
107,Algeria,DZA,1999,44.492,2026-08-08 02:11:14.525335
106,Algeria,DZA,2000,44.275,2026-08-08 02:11:14.525335
105,Algeria,DZA,2001,44.076,2026-08-08 02:11:14.525335
104,Algeria,DZA,2002,43.864,2026-08-08 02:11:14.525335
103,Algeria,DZA,2003,43.661,2026-08-08 02:11:14.525335
102,Algeria,DZA,2004,43.498,2026-08-08 02:11:14.525335
101,Algeria,DZA,2005,43.348,2026-08-08 02:11:14.525335
100,Algeria,DZA,2006,43.247,2026-08-08 02:11:14.525335
99,Algeria,DZA,2007,43.177,2026-08-08 02:11:14.525335
98,Algeria,DZA,2008,43.149,2026-08-08 02:11:14.525335
97,Algeria,DZA,2009,43.164,2026-08-08 02:11:14.525335
96,Algeria,DZA,2010,43.507,2026-08-08 02:11:14.525335
95,Algeria,DZA,2011,43.321,2026-08-08 02:11:14.525335
94,Algeria,DZA,2012,43.11,2026-08-08 02:11:14.525335
93,Algeria,DZA,2013,42.874,2026-08-08 02:11:14.525335
92,Algeria,DZA,2014,42.603,2026-08-08 02:11:14.525335
91,Algeria,DZA,2015,42.459,2026-08-08 02:11:14.525335
90,Algeria,DZA,2016,42.333,2026-08-08 02:11:14.525335
89,Algeria,DZA,2017,42.325,2026-08-08 02:11:14.525335
88,Algeria,DZA,2018,42.281,2026-08-08 02:11:14.525335
87,Algeria,DZA,2019,42.203,2026-08-08 02:11:14.525335
86,Algeria,DZA,2020,38.042,2026-08-08 02:11:14.525335
85,Algeria,DZA,2021,38.425,2026-08-08 02:11:14.525335
84,Algeria,DZA,2022,41.795,2026-08-08 02:11:14.525335
83,Algeria,DZA,2023,41.507,2026-08-08 02:11:14.525335
82,Algeria,DZA,2024,41.161,2026-08-08 02:11:14.525335
81,Algeria,DZA,2025,40.784,2026-08-08 02:11:14.525335
1771,Ecuador,ECU,1990,63.018,2026-08-08 02:11:14.525335
1770,Ecuador,ECU,1991,63.235,2026-08-08 02:11:14.525335
1769,Ecuador,ECU,1992,63.234,2026-08-08 02:11:14.525335
1768,Ecuador,ECU,1993,63.226,2026-08-08 02:11:14.525335
1767,Ecuador,ECU,1994,63.463,2026-08-08 02:11:14.525335
1766,Ecuador,ECU,1995,63.498,2026-08-08 02:11:14.525335
1765,Ecuador,ECU,1996,63.48,2026-08-08 02:11:14.525335
1764,Ecuador,ECU,1997,64.25,2026-08-08 02:11:14.525335
1763,Ecuador,ECU,1998,66.38,2026-08-08 02:11:14.525335
1762,Ecuador,ECU,1999,64.928,2026-08-08 02:11:14.525335
1761,Ecuador,ECU,2000,63.449,2026-08-08 02:11:14.525335
1760,Ecuador,ECU,2001,64.082,2026-08-08 02:11:14.525335
1759,Ecuador,ECU,2002,64.711,2026-08-08 02:11:14.525335
1758,Ecuador,ECU,2003,65.335,2026-08-08 02:11:14.525335
1757,Ecuador,ECU,2004,67.468,2026-08-08 02:11:14.525335
1756,Ecuador,ECU,2005,66.977,2026-08-08 02:11:14.525335
1755,Ecuador,ECU,2006,67.949,2026-08-08 02:11:14.525335
1754,Ecuador,ECU,2007,66.767,2026-08-08 02:11:14.525335
1753,Ecuador,ECU,2008,66.549,2026-08-08 02:11:14.525335
1752,Ecuador,ECU,2009,64.013,2026-08-08 02:11:14.525335
1751,Ecuador,ECU,2010,62.684,2026-08-08 02:11:14.525335
1750,Ecuador,ECU,2011,61.78,2026-08-08 02:11:14.525335
1749,Ecuador,ECU,2012,62.452,2026-08-08 02:11:14.525335
1748,Ecuador,ECU,2013,62.261,2026-08-08 02:11:14.525335
1747,Ecuador,ECU,2014,62.619,2026-08-08 02:11:14.525335
1746,Ecuador,ECU,2015,65.658,2026-08-08 02:11:14.525335
1745,Ecuador,ECU,2016,67.669,2026-08-08 02:11:14.525335
1744,Ecuador,ECU,2017,68.154,2026-08-08 02:11:14.525335
1743,Ecuador,ECU,2018,66.66,2026-08-08 02:11:14.525335
1742,Ecuador,ECU,2019,66.179,2026-08-08 02:11:14.525335
1741,Ecuador,ECU,2020,60.033,2026-08-08 02:11:14.525335
1740,Ecuador,ECU,2021,65.686,2026-08-08 02:11:14.525335
1739,Ecuador,ECU,2022,65.832,2026-08-08 02:11:14.525335
1738,Ecuador,ECU,2023,64.489,2026-08-08 02:11:14.525335
1737,Ecuador,ECU,2024,64.54,2026-08-08 02:11:14.525335
1736,Ecuador,ECU,2025,64.497,2026-08-08 02:11:14.525335
1807,"Egypt, Arab Rep.",EGY,1990,46.68,2026-08-08 02:11:14.525335
1806,"Egypt, Arab Rep.",EGY,1991,46.72,2026-08-08 02:11:14.525335
1805,"Egypt, Arab Rep.",EGY,1992,47.19,2026-08-08 02:11:14.525335
1804,"Egypt, Arab Rep.",EGY,1993,47.89,2026-08-08 02:11:14.525335
1803,"Egypt, Arab Rep.",EGY,1994,48.88,2026-08-08 02:11:14.525335
1802,"Egypt, Arab Rep.",EGY,1995,47.92,2026-08-08 02:11:14.525335
1801,"Egypt, Arab Rep.",EGY,1996,47.279,2026-08-08 02:11:14.525335
1800,"Egypt, Arab Rep.",EGY,1997,46.639,2026-08-08 02:11:14.525335
1799,"Egypt, Arab Rep.",EGY,1998,46.0,2026-08-08 02:11:14.525335
1798,"Egypt, Arab Rep.",EGY,1999,47.52,2026-08-08 02:11:14.525335
1797,"Egypt, Arab Rep.",EGY,2000,46.222,2026-08-08 02:11:14.525335
1796,"Egypt, Arab Rep.",EGY,2001,44.93,2026-08-08 02:11:14.525335
1795,"Egypt, Arab Rep.",EGY,2002,43.19,2026-08-08 02:11:14.525335
1794,"Egypt, Arab Rep.",EGY,2003,44.129,2026-08-08 02:11:14.525335
1793,"Egypt, Arab Rep.",EGY,2004,45.073,2026-08-08 02:11:14.525335
1792,"Egypt, Arab Rep.",EGY,2005,46.02,2026-08-08 02:11:14.525335
1791,"Egypt, Arab Rep.",EGY,2006,46.97,2026-08-08 02:11:14.525335
1790,"Egypt, Arab Rep.",EGY,2007,47.93,2026-08-08 02:11:14.525335
1789,"Egypt, Arab Rep.",EGY,2008,47.551,2026-08-08 02:11:14.525335
1788,"Egypt, Arab Rep.",EGY,2009,47.902,2026-08-08 02:11:14.525335
1787,"Egypt, Arab Rep.",EGY,2010,49.368,2026-08-08 02:11:14.525335
1786,"Egypt, Arab Rep.",EGY,2011,48.785,2026-08-08 02:11:14.525335
1785,"Egypt, Arab Rep.",EGY,2012,48.494,2026-08-08 02:11:14.525335
1784,"Egypt, Arab Rep.",EGY,2013,48.436,2026-08-08 02:11:14.525335
1783,"Egypt, Arab Rep.",EGY,2014,48.117,2026-08-08 02:11:14.525335
1782,"Egypt, Arab Rep.",EGY,2015,46.978,2026-08-08 02:11:14.525335
1781,"Egypt, Arab Rep.",EGY,2016,46.63,2026-08-08 02:11:14.525335
1780,"Egypt, Arab Rep.",EGY,2017,44.95,2026-08-08 02:11:14.525335
1779,"Egypt, Arab Rep.",EGY,2018,43.299,2026-08-08 02:11:14.525335
1778,"Egypt, Arab Rep.",EGY,2019,42.199,2026-08-08 02:11:14.525335
1777,"Egypt, Arab Rep.",EGY,2020,41.616,2026-08-08 02:11:14.525335
1776,"Egypt, Arab Rep.",EGY,2021,42.987,2026-08-08 02:11:14.525335
1775,"Egypt, Arab Rep.",EGY,2022,42.837,2026-08-08 02:11:14.525335
1774,"Egypt, Arab Rep.",EGY,2023,44.669,2026-08-08 02:11:14.525335
1773,"Egypt, Arab Rep.",EGY,2024,44.596,2026-08-08 02:11:14.525335
1772,"Egypt, Arab Rep.",EGY,2025,44.568,2026-08-08 02:11:14.525335
1915,Eritrea,ERI,1990,81.003,2026-08-08 02:11:14.525335
1914,Eritrea,ERI,1991,80.975,2026-08-08 02:11:14.525335
1913,Eritrea,ERI,1992,80.962,2026-08-08 02:11:14.525335
1912,Eritrea,ERI,1993,80.82,2026-08-08 02:11:14.525335
1911,Eritrea,ERI,1994,80.669,2026-08-08 02:11:14.525335
1910,Eritrea,ERI,1995,80.404,2026-08-08 02:11:14.525335
1909,Eritrea,ERI,1996,80.246,2026-08-08 02:11:14.525335
1908,Eritrea,ERI,1997,80.479,2026-08-08 02:11:14.525335
1907,Eritrea,ERI,1998,80.648,2026-08-08 02:11:14.525335
1906,Eritrea,ERI,1999,80.723,2026-08-08 02:11:14.525335
1905,Eritrea,ERI,2000,80.76,2026-08-08 02:11:14.525335
1904,Eritrea,ERI,2001,80.62,2026-08-08 02:11:14.525335
1903,Eritrea,ERI,2002,80.436,2026-08-08 02:11:14.525335
1902,Eritrea,ERI,2003,80.226,2026-08-08 02:11:14.525335
1901,Eritrea,ERI,2004,80.025,2026-08-08 02:11:14.525335
1900,Eritrea,ERI,2005,79.992,2026-08-08 02:11:14.525335
1899,Eritrea,ERI,2006,80.039,2026-08-08 02:11:14.525335
1898,Eritrea,ERI,2007,80.041,2026-08-08 02:11:14.525335
1897,Eritrea,ERI,2008,79.972,2026-08-08 02:11:14.525335
1896,Eritrea,ERI,2009,79.814,2026-08-08 02:11:14.525335
1895,Eritrea,ERI,2010,79.703,2026-08-08 02:11:14.525335
1894,Eritrea,ERI,2011,79.514,2026-08-08 02:11:14.525335
1893,Eritrea,ERI,2012,79.36,2026-08-08 02:11:14.525335
1892,Eritrea,ERI,2013,79.317,2026-08-08 02:11:14.525335
1891,Eritrea,ERI,2014,79.105,2026-08-08 02:11:14.525335
1890,Eritrea,ERI,2015,79.205,2026-08-08 02:11:14.525335
1889,Eritrea,ERI,2016,79.08,2026-08-08 02:11:14.525335
1888,Eritrea,ERI,2017,78.996,2026-08-08 02:11:14.525335
1887,Eritrea,ERI,2018,78.688,2026-08-08 02:11:14.525335
1886,Eritrea,ERI,2019,78.388,2026-08-08 02:11:14.525335
1885,Eritrea,ERI,2020,77.509,2026-08-08 02:11:14.525335
1884,Eritrea,ERI,2021,77.949,2026-08-08 02:11:14.525335
1883,Eritrea,ERI,2022,78.35,2026-08-08 02:11:14.525335
1882,Eritrea,ERI,2023,78.348,2026-08-08 02:11:14.525335
1881,Eritrea,ERI,2024,78.338,2026-08-08 02:11:14.525335
1880,Eritrea,ERI,2025,78.348,2026-08-08 02:11:14.525335
5543,Spain,ESP,1990,49.859,2026-08-08 02:11:14.525335
5542,Spain,ESP,1991,49.736,2026-08-08 02:11:14.525335
5541,Spain,ESP,1992,49.796,2026-08-08 02:11:14.525335
5540,Spain,ESP,1993,49.873,2026-08-08 02:11:14.525335
5539,Spain,ESP,1994,50.307,2026-08-08 02:11:14.525335
5538,Spain,ESP,1995,50.116,2026-08-08 02:11:14.525335
5537,Spain,ESP,1996,50.415,2026-08-08 02:11:14.525335
5536,Spain,ESP,1997,50.916,2026-08-08 02:11:14.525335
5535,Spain,ESP,1998,51.242,2026-08-08 02:11:14.525335
5534,Spain,ESP,1999,51.771,2026-08-08 02:11:14.525335
5533,Spain,ESP,2000,52.889,2026-08-08 02:11:14.525335
5532,Spain,ESP,2001,52.093,2026-08-08 02:11:14.525335
5531,Spain,ESP,2002,53.661,2026-08-08 02:11:14.525335
5530,Spain,ESP,2003,54.819,2026-08-08 02:11:14.525335
5529,Spain,ESP,2004,55.73,2026-08-08 02:11:14.525335
5528,Spain,ESP,2005,56.881,2026-08-08 02:11:14.525335
5527,Spain,ESP,2006,57.835,2026-08-08 02:11:14.525335
5526,Spain,ESP,2007,58.335,2026-08-08 02:11:14.525335
5525,Spain,ESP,2008,59.084,2026-08-08 02:11:14.525335
5524,Spain,ESP,2009,59.251,2026-08-08 02:11:14.525335
5523,Spain,ESP,2010,59.357,2026-08-08 02:11:14.525335
5522,Spain,ESP,2011,59.373,2026-08-08 02:11:14.525335
5521,Spain,ESP,2012,59.403,2026-08-08 02:11:14.525335
5520,Spain,ESP,2013,59.131,2026-08-08 02:11:14.525335
5519,Spain,ESP,2014,58.733,2026-08-08 02:11:14.525335
5518,Spain,ESP,2015,58.623,2026-08-08 02:11:14.525335
5517,Spain,ESP,2016,58.325,2026-08-08 02:11:14.525335
5516,Spain,ESP,2017,58.047,2026-08-08 02:11:14.525335
5515,Spain,ESP,2018,57.634,2026-08-08 02:11:14.525335
5514,Spain,ESP,2019,57.626,2026-08-08 02:11:14.525335
5513,Spain,ESP,2020,56.401,2026-08-08 02:11:14.525335
5512,Spain,ESP,2021,57.272,2026-08-08 02:11:14.525335
5511,Spain,ESP,2022,57.571,2026-08-08 02:11:14.525335
5510,Spain,ESP,2023,57.588,2026-08-08 02:11:14.525335
5509,Spain,ESP,2024,57.843,2026-08-08 02:11:14.525335
5508,Spain,ESP,2025,57.41,2026-08-08 02:11:14.525335
1951,Estonia,EST,1990,67.979,2026-08-08 02:11:14.525335
1950,Estonia,EST,1991,66.776,2026-08-08 02:11:14.525335
1949,Estonia,EST,1992,64.677,2026-08-08 02:11:14.525335
1948,Estonia,EST,1993,63.164,2026-08-08 02:11:14.525335
1947,Estonia,EST,1994,63.064,2026-08-08 02:11:14.525335
1946,Estonia,EST,1995,61.843,2026-08-08 02:11:14.525335
1945,Estonia,EST,1996,61.212,2026-08-08 02:11:14.525335
1944,Estonia,EST,1997,61.491,2026-08-08 02:11:14.525335
1943,Estonia,EST,1998,60.226,2026-08-08 02:11:14.525335
1942,Estonia,EST,1999,58.98,2026-08-08 02:11:14.525335
1941,Estonia,EST,2000,58.906,2026-08-08 02:11:14.525335
1940,Estonia,EST,2001,57.99,2026-08-08 02:11:14.525335
1939,Estonia,EST,2002,56.958,2026-08-08 02:11:14.525335
1938,Estonia,EST,2003,58.75,2026-08-08 02:11:14.525335
1937,Estonia,EST,2004,58.928,2026-08-08 02:11:14.525335
1936,Estonia,EST,2005,58.608,2026-08-08 02:11:14.525335
1935,Estonia,EST,2006,60.497,2026-08-08 02:11:14.525335
1934,Estonia,EST,2007,60.514,2026-08-08 02:11:14.525335
1933,Estonia,EST,2008,61.157,2026-08-08 02:11:14.525335
1932,Estonia,EST,2009,60.759,2026-08-08 02:11:14.525335
1931,Estonia,EST,2010,60.508,2026-08-08 02:11:14.525335
1930,Estonia,EST,2011,61.255,2026-08-08 02:11:14.525335
1929,Estonia,EST,2012,61.256,2026-08-08 02:11:14.525335
1928,Estonia,EST,2013,61.272,2026-08-08 02:11:14.525335
1927,Estonia,EST,2014,61.079,2026-08-08 02:11:14.525335
1926,Estonia,EST,2015,61.817,2026-08-08 02:11:14.525335
1925,Estonia,EST,2016,62.639,2026-08-08 02:11:14.525335
1924,Estonia,EST,2017,63.244,2026-08-08 02:11:14.525335
1923,Estonia,EST,2018,63.498,2026-08-08 02:11:14.525335
1922,Estonia,EST,2019,63.161,2026-08-08 02:11:14.525335
1921,Estonia,EST,2020,63.039,2026-08-08 02:11:14.525335
1920,Estonia,EST,2021,63.186,2026-08-08 02:11:14.525335
1919,Estonia,EST,2022,65.113,2026-08-08 02:11:14.525335
1918,Estonia,EST,2023,65.604,2026-08-08 02:11:14.525335
1917,Estonia,EST,2024,65.449,2026-08-08 02:11:14.525335
1916,Estonia,EST,2025,65.128,2026-08-08 02:11:14.525335
2023,Ethiopia,ETH,1990,81.806,2026-08-08 02:11:14.525335
2022,Ethiopia,ETH,1991,81.801,2026-08-08 02:11:14.525335
2021,Ethiopia,ETH,1992,81.803,2026-08-08 02:11:14.525335
2020,Ethiopia,ETH,1993,81.831,2026-08-08 02:11:14.525335
2019,Ethiopia,ETH,1994,81.861,2026-08-08 02:11:14.525335
2018,Ethiopia,ETH,1995,81.891,2026-08-08 02:11:14.525335
2017,Ethiopia,ETH,1996,81.925,2026-08-08 02:11:14.525335
2016,Ethiopia,ETH,1997,81.965,2026-08-08 02:11:14.525335
2015,Ethiopia,ETH,1998,82.009,2026-08-08 02:11:14.525335
2014,Ethiopia,ETH,1999,82.047,2026-08-08 02:11:14.525335
2013,Ethiopia,ETH,2000,82.073,2026-08-08 02:11:14.525335
2012,Ethiopia,ETH,2001,82.085,2026-08-08 02:11:14.525335
2011,Ethiopia,ETH,2002,82.082,2026-08-08 02:11:14.525335
2010,Ethiopia,ETH,2003,82.067,2026-08-08 02:11:14.525335
2009,Ethiopia,ETH,2004,82.046,2026-08-08 02:11:14.525335
2008,Ethiopia,ETH,2005,82.019,2026-08-08 02:11:14.525335
2007,Ethiopia,ETH,2006,81.923,2026-08-08 02:11:14.525335
2006,Ethiopia,ETH,2007,81.826,2026-08-08 02:11:14.525335
2005,Ethiopia,ETH,2008,81.729,2026-08-08 02:11:14.525335
2004,Ethiopia,ETH,2009,81.632,2026-08-08 02:11:14.525335
2003,Ethiopia,ETH,2010,81.534,2026-08-08 02:11:14.525335
2002,Ethiopia,ETH,2011,81.435,2026-08-08 02:11:14.525335
2001,Ethiopia,ETH,2012,81.337,2026-08-08 02:11:14.525335
2000,Ethiopia,ETH,2013,81.238,2026-08-08 02:11:14.525335
1999,Ethiopia,ETH,2014,79.608,2026-08-08 02:11:14.525335
1998,Ethiopia,ETH,2015,77.984,2026-08-08 02:11:14.525335
1997,Ethiopia,ETH,2016,76.368,2026-08-08 02:11:14.525335
1996,Ethiopia,ETH,2017,74.758,2026-08-08 02:11:14.525335
1995,Ethiopia,ETH,2018,73.16,2026-08-08 02:11:14.525335
1994,Ethiopia,ETH,2019,71.573,2026-08-08 02:11:14.525335
1993,Ethiopia,ETH,2020,69.391,2026-08-08 02:11:14.525335
1992,Ethiopia,ETH,2021,68.253,2026-08-08 02:11:14.525335
1991,Ethiopia,ETH,2022,68.472,2026-08-08 02:11:14.525335
1990,Ethiopia,ETH,2023,68.459,2026-08-08 02:11:14.525335
1989,Ethiopia,ETH,2024,68.466,2026-08-08 02:11:14.525335
1988,Ethiopia,ETH,2025,68.461,2026-08-08 02:11:14.525335
2095,Finland,FIN,1990,64.744,2026-08-08 02:11:14.525335
2094,Finland,FIN,1991,63.413,2026-08-08 02:11:14.525335
2093,Finland,FIN,1992,62.075,2026-08-08 02:11:14.525335
2092,Finland,FIN,1993,61.278,2026-08-08 02:11:14.525335
2091,Finland,FIN,1994,60.513,2026-08-08 02:11:14.525335
2090,Finland,FIN,1995,59.715,2026-08-08 02:11:14.525335
2089,Finland,FIN,1996,59.234,2026-08-08 02:11:14.525335
2088,Finland,FIN,1997,60.107,2026-08-08 02:11:14.525335
2087,Finland,FIN,1998,60.166,2026-08-08 02:11:14.525335
2086,Finland,FIN,1999,61.067,2026-08-08 02:11:14.525335
2085,Finland,FIN,2000,61.407,2026-08-08 02:11:14.525335
2084,Finland,FIN,2001,61.92,2026-08-08 02:11:14.525335
2083,Finland,FIN,2002,62.141,2026-08-08 02:11:14.525335
2082,Finland,FIN,2003,62.135,2026-08-08 02:11:14.525335
2081,Finland,FIN,2004,61.844,2026-08-08 02:11:14.525335
2080,Finland,FIN,2005,62.21,2026-08-08 02:11:14.525335
2079,Finland,FIN,2006,62.276,2026-08-08 02:11:14.525335
2078,Finland,FIN,2007,61.122,2026-08-08 02:11:14.525335
2077,Finland,FIN,2008,61.426,2026-08-08 02:11:14.525335
2076,Finland,FIN,2009,60.384,2026-08-08 02:11:14.525335
2075,Finland,FIN,2010,59.714,2026-08-08 02:11:14.525335
2074,Finland,FIN,2011,59.82,2026-08-08 02:11:14.525335
2073,Finland,FIN,2012,59.588,2026-08-08 02:11:14.525335
2072,Finland,FIN,2013,59.112,2026-08-08 02:11:14.525335
2071,Finland,FIN,2014,58.738,2026-08-08 02:11:14.525335
2070,Finland,FIN,2015,58.763,2026-08-08 02:11:14.525335
2069,Finland,FIN,2016,58.545,2026-08-08 02:11:14.525335
2068,Finland,FIN,2017,58.667,2026-08-08 02:11:14.525335
2067,Finland,FIN,2018,59.309,2026-08-08 02:11:14.525335
2066,Finland,FIN,2019,59.184,2026-08-08 02:11:14.525335
2065,Finland,FIN,2020,58.848,2026-08-08 02:11:14.525335
2064,Finland,FIN,2021,59.768,2026-08-08 02:11:14.525335
2063,Finland,FIN,2022,60.422,2026-08-08 02:11:14.525335
2062,Finland,FIN,2023,60.275,2026-08-08 02:11:14.525335
2061,Finland,FIN,2024,59.853,2026-08-08 02:11:14.525335
2060,Finland,FIN,2025,59.681,2026-08-08 02:11:14.525335
2059,Fiji,FJI,1990,59.766,2026-08-08 02:11:14.525335
2058,Fiji,FJI,1991,59.848,2026-08-08 02:11:14.525335
2057,Fiji,FJI,1992,59.728,2026-08-08 02:11:14.525335
2056,Fiji,FJI,1993,59.694,2026-08-08 02:11:14.525335
2055,Fiji,FJI,1994,59.591,2026-08-08 02:11:14.525335
2054,Fiji,FJI,1995,59.545,2026-08-08 02:11:14.525335
2053,Fiji,FJI,1996,59.45,2026-08-08 02:11:14.525335
2052,Fiji,FJI,1997,59.294,2026-08-08 02:11:14.525335
2051,Fiji,FJI,1998,59.139,2026-08-08 02:11:14.525335
2050,Fiji,FJI,1999,58.983,2026-08-08 02:11:14.525335
2049,Fiji,FJI,2000,58.826,2026-08-08 02:11:14.525335
2048,Fiji,FJI,2001,58.67,2026-08-08 02:11:14.525335
2047,Fiji,FJI,2002,58.514,2026-08-08 02:11:14.525335
2046,Fiji,FJI,2003,58.357,2026-08-08 02:11:14.525335
2045,Fiji,FJI,2004,58.2,2026-08-08 02:11:14.525335
2044,Fiji,FJI,2005,56.727,2026-08-08 02:11:14.525335
2043,Fiji,FJI,2006,57.804,2026-08-08 02:11:14.525335
2042,Fiji,FJI,2007,58.873,2026-08-08 02:11:14.525335
2041,Fiji,FJI,2008,59.933,2026-08-08 02:11:14.525335
2040,Fiji,FJI,2009,60.985,2026-08-08 02:11:14.525335
2039,Fiji,FJI,2010,62.026,2026-08-08 02:11:14.525335
2038,Fiji,FJI,2011,63.056,2026-08-08 02:11:14.525335
2037,Fiji,FJI,2012,61.686,2026-08-08 02:11:14.525335
2036,Fiji,FJI,2013,60.296,2026-08-08 02:11:14.525335
2035,Fiji,FJI,2014,58.89,2026-08-08 02:11:14.525335
2034,Fiji,FJI,2015,58.238,2026-08-08 02:11:14.525335
2033,Fiji,FJI,2016,57.584,2026-08-08 02:11:14.525335
2032,Fiji,FJI,2017,57.457,2026-08-08 02:11:14.525335
2031,Fiji,FJI,2018,57.361,2026-08-08 02:11:14.525335
2030,Fiji,FJI,2019,57.369,2026-08-08 02:11:14.525335
2029,Fiji,FJI,2020,53.999,2026-08-08 02:11:14.525335
2028,Fiji,FJI,2021,54.46,2026-08-08 02:11:14.525335
2027,Fiji,FJI,2022,57.116,2026-08-08 02:11:14.525335
2026,Fiji,FJI,2023,57.201,2026-08-08 02:11:14.525335
2025,Fiji,FJI,2024,57.219,2026-08-08 02:11:14.525335
2024,Fiji,FJI,2025,57.16,2026-08-08 02:11:14.525335
2131,France,FRA,1990,55.603,2026-08-08 02:11:14.525335
2130,France,FRA,1991,55.022,2026-08-08 02:11:14.525335
2129,France,FRA,1992,55.162,2026-08-08 02:11:14.525335
2128,France,FRA,1993,55.187,2026-08-08 02:11:14.525335
2127,France,FRA,1994,55.067,2026-08-08 02:11:14.525335
2126,France,FRA,1995,55.054,2026-08-08 02:11:14.525335
2125,France,FRA,1996,55.351,2026-08-08 02:11:14.525335
2124,France,FRA,1997,54.959,2026-08-08 02:11:14.525335
2123,France,FRA,1998,55.041,2026-08-08 02:11:14.525335
2122,France,FRA,1999,55.354,2026-08-08 02:11:14.525335
2121,France,FRA,2000,55.303,2026-08-08 02:11:14.525335
2120,France,FRA,2001,55.122,2026-08-08 02:11:14.525335
2119,France,FRA,2002,55.399,2026-08-08 02:11:14.525335
2118,France,FRA,2003,55.989,2026-08-08 02:11:14.525335
2117,France,FRA,2004,55.85,2026-08-08 02:11:14.525335
2116,France,FRA,2005,55.989,2026-08-08 02:11:14.525335
2115,France,FRA,2006,55.916,2026-08-08 02:11:14.525335
2114,France,FRA,2007,56.064,2026-08-08 02:11:14.525335
2113,France,FRA,2008,56.132,2026-08-08 02:11:14.525335
2112,France,FRA,2009,56.31,2026-08-08 02:11:14.525335
2111,France,FRA,2010,56.216,2026-08-08 02:11:14.525335
2110,France,FRA,2011,56.019,2026-08-08 02:11:14.525335
2109,France,FRA,2012,56.226,2026-08-08 02:11:14.525335
2108,France,FRA,2013,56.27,2026-08-08 02:11:14.525335
2107,France,FRA,2014,55.764,2026-08-08 02:11:14.525335
2106,France,FRA,2015,55.621,2026-08-08 02:11:14.525335
2105,France,FRA,2016,55.399,2026-08-08 02:11:14.525335
2104,France,FRA,2017,55.258,2026-08-08 02:11:14.525335
2103,France,FRA,2018,55.3,2026-08-08 02:11:14.525335
2102,France,FRA,2019,54.939,2026-08-08 02:11:14.525335
2101,France,FRA,2020,54.271,2026-08-08 02:11:14.525335
2100,France,FRA,2021,55.552,2026-08-08 02:11:14.525335
2099,France,FRA,2022,55.835,2026-08-08 02:11:14.525335
2098,France,FRA,2023,55.938,2026-08-08 02:11:14.525335
2097,France,FRA,2024,55.663,2026-08-08 02:11:14.525335
2096,France,FRA,2025,55.346,2026-08-08 02:11:14.525335
2203,Gabon,GAB,1990,48.521,2026-08-08 02:11:14.525335
2202,Gabon,GAB,1991,48.494,2026-08-08 02:11:14.525335
2201,Gabon,GAB,1992,48.558,2026-08-08 02:11:14.525335
2200,Gabon,GAB,1993,48.518,2026-08-08 02:11:14.525335
2199,Gabon,GAB,1994,48.464,2026-08-08 02:11:14.525335
2198,Gabon,GAB,1995,48.381,2026-08-08 02:11:14.525335
2197,Gabon,GAB,1996,48.297,2026-08-08 02:11:14.525335
2196,Gabon,GAB,1997,48.181,2026-08-08 02:11:14.525335
2195,Gabon,GAB,1998,48.09,2026-08-08 02:11:14.525335
2194,Gabon,GAB,1999,48.15,2026-08-08 02:11:14.525335
2193,Gabon,GAB,2000,48.133,2026-08-08 02:11:14.525335
2192,Gabon,GAB,2001,48.083,2026-08-08 02:11:14.525335
2191,Gabon,GAB,2002,48.076,2026-08-08 02:11:14.525335
2190,Gabon,GAB,2003,48.061,2026-08-08 02:11:14.525335
2189,Gabon,GAB,2004,48.096,2026-08-08 02:11:14.525335
2188,Gabon,GAB,2005,48.141,2026-08-08 02:11:14.525335
2187,Gabon,GAB,2006,48.294,2026-08-08 02:11:14.525335
2186,Gabon,GAB,2007,48.383,2026-08-08 02:11:14.525335
2185,Gabon,GAB,2008,48.624,2026-08-08 02:11:14.525335
2184,Gabon,GAB,2009,48.868,2026-08-08 02:11:14.525335
2183,Gabon,GAB,2010,49.077,2026-08-08 02:11:14.525335
2182,Gabon,GAB,2011,49.326,2026-08-08 02:11:14.525335
2181,Gabon,GAB,2012,49.615,2026-08-08 02:11:14.525335
2180,Gabon,GAB,2013,49.901,2026-08-08 02:11:14.525335
2179,Gabon,GAB,2014,50.195,2026-08-08 02:11:14.525335
2178,Gabon,GAB,2015,50.477,2026-08-08 02:11:14.525335
2177,Gabon,GAB,2016,50.762,2026-08-08 02:11:14.525335
2176,Gabon,GAB,2017,51.043,2026-08-08 02:11:14.525335
2175,Gabon,GAB,2018,51.28,2026-08-08 02:11:14.525335
2174,Gabon,GAB,2019,51.42,2026-08-08 02:11:14.525335
2173,Gabon,GAB,2020,47.881,2026-08-08 02:11:14.525335
2172,Gabon,GAB,2021,48.517,2026-08-08 02:11:14.525335
2171,Gabon,GAB,2022,51.578,2026-08-08 02:11:14.525335
2170,Gabon,GAB,2023,51.5,2026-08-08 02:11:14.525335
2169,Gabon,GAB,2024,51.315,2026-08-08 02:11:14.525335
2168,Gabon,GAB,2025,51.058,2026-08-08 02:11:14.525335
6327,United Kingdom,GBR,1990,62.376,2026-08-08 02:11:14.525335
6326,United Kingdom,GBR,1991,61.977,2026-08-08 02:11:14.525335
6325,United Kingdom,GBR,1992,61.539,2026-08-08 02:11:14.525335
6324,United Kingdom,GBR,1993,61.027,2026-08-08 02:11:14.525335
6323,United Kingdom,GBR,1994,60.827,2026-08-08 02:11:14.525335
6322,United Kingdom,GBR,1995,60.628,2026-08-08 02:11:14.525335
6321,United Kingdom,GBR,1996,60.701,2026-08-08 02:11:14.525335
6320,United Kingdom,GBR,1997,60.863,2026-08-08 02:11:14.525335
6319,United Kingdom,GBR,1998,60.765,2026-08-08 02:11:14.525335
6318,United Kingdom,GBR,1999,61.091,2026-08-08 02:11:14.525335
6317,United Kingdom,GBR,2000,61.338,2026-08-08 02:11:14.525335
6316,United Kingdom,GBR,2001,60.966,2026-08-08 02:11:14.525335
6315,United Kingdom,GBR,2002,61.254,2026-08-08 02:11:14.525335
6314,United Kingdom,GBR,2003,61.368,2026-08-08 02:11:14.525335
6313,United Kingdom,GBR,2004,61.417,2026-08-08 02:11:14.525335
6312,United Kingdom,GBR,2005,61.666,2026-08-08 02:11:14.525335
6311,United Kingdom,GBR,2006,62.098,2026-08-08 02:11:14.525335
6310,United Kingdom,GBR,2007,61.942,2026-08-08 02:11:14.525335
6309,United Kingdom,GBR,2008,62.185,2026-08-08 02:11:14.525335
6308,United Kingdom,GBR,2009,61.994,2026-08-08 02:11:14.525335
6307,United Kingdom,GBR,2010,61.801,2026-08-08 02:11:14.525335
6306,United Kingdom,GBR,2011,61.778,2026-08-08 02:11:14.525335
6305,United Kingdom,GBR,2012,61.99,2026-08-08 02:11:14.525335
6304,United Kingdom,GBR,2013,62.009,2026-08-08 02:11:14.525335
6303,United Kingdom,GBR,2014,62.131,2026-08-08 02:11:14.525335
6302,United Kingdom,GBR,2015,62.25,2026-08-08 02:11:14.525335
6301,United Kingdom,GBR,2016,62.408,2026-08-08 02:11:14.525335
6300,United Kingdom,GBR,2017,62.412,2026-08-08 02:11:14.525335
6299,United Kingdom,GBR,2018,62.619,2026-08-08 02:11:14.525335
6298,United Kingdom,GBR,2019,62.625,2026-08-08 02:11:14.525335
6297,United Kingdom,GBR,2020,62.573,2026-08-08 02:11:14.525335
6296,United Kingdom,GBR,2021,61.973,2026-08-08 02:11:14.525335
6295,United Kingdom,GBR,2022,61.905,2026-08-08 02:11:14.525335
6294,United Kingdom,GBR,2023,61.811,2026-08-08 02:11:14.525335
6293,United Kingdom,GBR,2024,61.556,2026-08-08 02:11:14.525335
6292,United Kingdom,GBR,2025,61.369,2026-08-08 02:11:14.525335
2275,Georgia,GEO,1990,75.732,2026-08-08 02:11:14.525335
2274,Georgia,GEO,1991,76.633,2026-08-08 02:11:14.525335
2273,Georgia,GEO,1992,77.627,2026-08-08 02:11:14.525335
2272,Georgia,GEO,1993,78.727,2026-08-08 02:11:14.525335
2271,Georgia,GEO,1994,79.948,2026-08-08 02:11:14.525335
2270,Georgia,GEO,1995,79.129,2026-08-08 02:11:14.525335
2269,Georgia,GEO,1996,77.311,2026-08-08 02:11:14.525335
2268,Georgia,GEO,1997,75.682,2026-08-08 02:11:14.525335
2267,Georgia,GEO,1998,75.02,2026-08-08 02:11:14.525335
2266,Georgia,GEO,1999,74.446,2026-08-08 02:11:14.525335
2265,Georgia,GEO,2000,74.012,2026-08-08 02:11:14.525335
2264,Georgia,GEO,2001,73.308,2026-08-08 02:11:14.525335
2263,Georgia,GEO,2002,72.627,2026-08-08 02:11:14.525335
2262,Georgia,GEO,2003,71.466,2026-08-08 02:11:14.525335
2261,Georgia,GEO,2004,70.851,2026-08-08 02:11:14.525335
2260,Georgia,GEO,2005,69.941,2026-08-08 02:11:14.525335
2259,Georgia,GEO,2006,69.119,2026-08-08 02:11:14.525335
2258,Georgia,GEO,2007,68.162,2026-08-08 02:11:14.525335
2257,Georgia,GEO,2008,67.97,2026-08-08 02:11:14.525335
2256,Georgia,GEO,2009,68.172,2026-08-08 02:11:14.525335
2255,Georgia,GEO,2010,67.698,2026-08-08 02:11:14.525335
2254,Georgia,GEO,2011,67.163,2026-08-08 02:11:14.525335
2253,Georgia,GEO,2012,66.759,2026-08-08 02:11:14.525335
2252,Georgia,GEO,2013,66.486,2026-08-08 02:11:14.525335
2251,Georgia,GEO,2014,66.298,2026-08-08 02:11:14.525335
2250,Georgia,GEO,2015,66.159,2026-08-08 02:11:14.525335
2249,Georgia,GEO,2016,66.021,2026-08-08 02:11:14.525335
2248,Georgia,GEO,2017,65.832,2026-08-08 02:11:14.525335
2247,Georgia,GEO,2018,63.934,2026-08-08 02:11:14.525335
2246,Georgia,GEO,2019,62.928,2026-08-08 02:11:14.525335
2245,Georgia,GEO,2020,63.399,2026-08-08 02:11:14.525335
2244,Georgia,GEO,2021,61.006,2026-08-08 02:11:14.525335
2243,Georgia,GEO,2022,63.686,2026-08-08 02:11:14.525335
2242,Georgia,GEO,2023,64.042,2026-08-08 02:11:14.525335
2241,Georgia,GEO,2024,64.345,2026-08-08 02:11:14.525335
2240,Georgia,GEO,2025,64.312,2026-08-08 02:11:14.525335
2347,Ghana,GHA,1990,73.074,2026-08-08 02:11:14.525335
2346,Ghana,GHA,1991,73.055,2026-08-08 02:11:14.525335
2345,Ghana,GHA,1992,72.992,2026-08-08 02:11:14.525335
2344,Ghana,GHA,1993,72.929,2026-08-08 02:11:14.525335
2343,Ghana,GHA,1994,72.866,2026-08-08 02:11:14.525335
2342,Ghana,GHA,1995,72.803,2026-08-08 02:11:14.525335
2341,Ghana,GHA,1996,72.739,2026-08-08 02:11:14.525335
2340,Ghana,GHA,1997,72.676,2026-08-08 02:11:14.525335
2339,Ghana,GHA,1998,72.613,2026-08-08 02:11:14.525335
2338,Ghana,GHA,1999,72.549,2026-08-08 02:11:14.525335
2337,Ghana,GHA,2000,72.486,2026-08-08 02:11:14.525335
2336,Ghana,GHA,2001,72.422,2026-08-08 02:11:14.525335
2335,Ghana,GHA,2002,72.358,2026-08-08 02:11:14.525335
2334,Ghana,GHA,2003,72.294,2026-08-08 02:11:14.525335
2333,Ghana,GHA,2004,72.23,2026-08-08 02:11:14.525335
2332,Ghana,GHA,2005,72.166,2026-08-08 02:11:14.525335
2331,Ghana,GHA,2006,72.102,2026-08-08 02:11:14.525335
2330,Ghana,GHA,2007,72.038,2026-08-08 02:11:14.525335
2329,Ghana,GHA,2008,71.974,2026-08-08 02:11:14.525335
2328,Ghana,GHA,2009,71.909,2026-08-08 02:11:14.525335
2327,Ghana,GHA,2010,71.845,2026-08-08 02:11:14.525335
2326,Ghana,GHA,2011,71.78,2026-08-08 02:11:14.525335
2325,Ghana,GHA,2012,71.715,2026-08-08 02:11:14.525335
2324,Ghana,GHA,2013,71.651,2026-08-08 02:11:14.525335
2323,Ghana,GHA,2014,70.466,2026-08-08 02:11:14.525335
2322,Ghana,GHA,2015,69.253,2026-08-08 02:11:14.525335
2321,Ghana,GHA,2016,68.066,2026-08-08 02:11:14.525335
2320,Ghana,GHA,2017,66.855,2026-08-08 02:11:14.525335
2319,Ghana,GHA,2018,65.282,2026-08-08 02:11:14.525335
2318,Ghana,GHA,2019,63.712,2026-08-08 02:11:14.525335
2317,Ghana,GHA,2020,61.615,2026-08-08 02:11:14.525335
2316,Ghana,GHA,2021,60.389,2026-08-08 02:11:14.525335
2315,Ghana,GHA,2022,59.101,2026-08-08 02:11:14.525335
2314,Ghana,GHA,2023,59.067,2026-08-08 02:11:14.525335
2313,Ghana,GHA,2024,59.056,2026-08-08 02:11:14.525335
2312,Ghana,GHA,2025,58.524,2026-08-08 02:11:14.525335
2489,Guinea,GIN,1990,63.743,2026-08-08 02:11:14.525335
2488,Guinea,GIN,1991,63.768,2026-08-08 02:11:14.525335
2487,Guinea,GIN,1992,63.801,2026-08-08 02:11:14.525335
2486,Guinea,GIN,1993,63.835,2026-08-08 02:11:14.525335
2485,Guinea,GIN,1994,63.871,2026-08-08 02:11:14.525335
2484,Guinea,GIN,1995,63.902,2026-08-08 02:11:14.525335
2483,Guinea,GIN,1996,63.928,2026-08-08 02:11:14.525335
2482,Guinea,GIN,1997,64.026,2026-08-08 02:11:14.525335
2481,Guinea,GIN,1998,64.127,2026-08-08 02:11:14.525335
2480,Guinea,GIN,1999,64.171,2026-08-08 02:11:14.525335
2479,Guinea,GIN,2000,64.233,2026-08-08 02:11:14.525335
2478,Guinea,GIN,2001,64.35,2026-08-08 02:11:14.525335
2477,Guinea,GIN,2002,64.416,2026-08-08 02:11:14.525335
2476,Guinea,GIN,2003,63.769,2026-08-08 02:11:14.525335
2475,Guinea,GIN,2004,63.117,2026-08-08 02:11:14.525335
2474,Guinea,GIN,2005,62.459,2026-08-08 02:11:14.525335
2473,Guinea,GIN,2006,61.798,2026-08-08 02:11:14.525335
2472,Guinea,GIN,2007,61.131,2026-08-08 02:11:14.525335
2471,Guinea,GIN,2008,60.461,2026-08-08 02:11:14.525335
2470,Guinea,GIN,2009,59.787,2026-08-08 02:11:14.525335
2469,Guinea,GIN,2010,59.108,2026-08-08 02:11:14.525335
2468,Guinea,GIN,2011,58.427,2026-08-08 02:11:14.525335
2467,Guinea,GIN,2012,57.742,2026-08-08 02:11:14.525335
2466,Guinea,GIN,2013,57.054,2026-08-08 02:11:14.525335
2465,Guinea,GIN,2014,56.364,2026-08-08 02:11:14.525335
2464,Guinea,GIN,2015,55.671,2026-08-08 02:11:14.525335
2463,Guinea,GIN,2016,54.975,2026-08-08 02:11:14.525335
2462,Guinea,GIN,2017,54.278,2026-08-08 02:11:14.525335
2461,Guinea,GIN,2018,53.579,2026-08-08 02:11:14.525335
2460,Guinea,GIN,2019,52.879,2026-08-08 02:11:14.525335
2459,Guinea,GIN,2020,52.376,2026-08-08 02:11:14.525335
2458,Guinea,GIN,2021,52.624,2026-08-08 02:11:14.525335
2457,Guinea,GIN,2022,52.82,2026-08-08 02:11:14.525335
2456,Guinea,GIN,2023,52.812,2026-08-08 02:11:14.525335
2455,Guinea,GIN,2024,52.792,2026-08-08 02:11:14.525335
3,Guinea,GIN,2025,52.61,2026-08-08 02:11:14.525335
2239,"Gambia, The",GMB,1990,48.233,2026-08-08 02:11:14.525335
2238,"Gambia, The",GMB,1991,48.236,2026-08-08 02:11:14.525335
2237,"Gambia, The",GMB,1992,48.245,2026-08-08 02:11:14.525335
2236,"Gambia, The",GMB,1993,48.261,2026-08-08 02:11:14.525335
2235,"Gambia, The",GMB,1994,48.268,2026-08-08 02:11:14.525335
2234,"Gambia, The",GMB,1995,48.289,2026-08-08 02:11:14.525335
2233,"Gambia, The",GMB,1996,48.314,2026-08-08 02:11:14.525335
2232,"Gambia, The",GMB,1997,48.353,2026-08-08 02:11:14.525335
2231,"Gambia, The",GMB,1998,48.367,2026-08-08 02:11:14.525335
2230,"Gambia, The",GMB,1999,48.399,2026-08-08 02:11:14.525335
2229,"Gambia, The",GMB,2000,48.413,2026-08-08 02:11:14.525335
2228,"Gambia, The",GMB,2001,48.423,2026-08-08 02:11:14.525335
2227,"Gambia, The",GMB,2002,48.34,2026-08-08 02:11:14.525335
2226,"Gambia, The",GMB,2003,48.348,2026-08-08 02:11:14.525335
2225,"Gambia, The",GMB,2004,48.353,2026-08-08 02:11:14.525335
2224,"Gambia, The",GMB,2005,48.263,2026-08-08 02:11:14.525335
2223,"Gambia, The",GMB,2006,48.188,2026-08-08 02:11:14.525335
2222,"Gambia, The",GMB,2007,48.145,2026-08-08 02:11:14.525335
2221,"Gambia, The",GMB,2008,48.131,2026-08-08 02:11:14.525335
2220,"Gambia, The",GMB,2009,48.12,2026-08-08 02:11:14.525335
2219,"Gambia, The",GMB,2010,48.105,2026-08-08 02:11:14.525335
2218,"Gambia, The",GMB,2011,47.957,2026-08-08 02:11:14.525335
2217,"Gambia, The",GMB,2012,47.949,2026-08-08 02:11:14.525335
2216,"Gambia, The",GMB,2013,47.923,2026-08-08 02:11:14.525335
2215,"Gambia, The",GMB,2014,47.854,2026-08-08 02:11:14.525335
2214,"Gambia, The",GMB,2015,47.835,2026-08-08 02:11:14.525335
2213,"Gambia, The",GMB,2016,47.793,2026-08-08 02:11:14.525335
2212,"Gambia, The",GMB,2017,47.773,2026-08-08 02:11:14.525335
2211,"Gambia, The",GMB,2018,47.77,2026-08-08 02:11:14.525335
2210,"Gambia, The",GMB,2019,47.753,2026-08-08 02:11:14.525335
2209,"Gambia, The",GMB,2020,47.675,2026-08-08 02:11:14.525335
2208,"Gambia, The",GMB,2021,47.636,2026-08-08 02:11:14.525335
2207,"Gambia, The",GMB,2022,47.597,2026-08-08 02:11:14.525335
2206,"Gambia, The",GMB,2023,47.549,2026-08-08 02:11:14.525335
2205,"Gambia, The",GMB,2024,47.507,2026-08-08 02:11:14.525335
2204,"Gambia, The",GMB,2025,47.457,2026-08-08 02:11:14.525335
2525,Guinea-Bissau,GNB,1990,64.085,2026-08-08 02:11:14.525335
2524,Guinea-Bissau,GNB,1991,64.053,2026-08-08 02:11:14.525335
2523,Guinea-Bissau,GNB,1992,64.032,2026-08-08 02:11:14.525335
2522,Guinea-Bissau,GNB,1993,64.023,2026-08-08 02:11:14.525335
2521,Guinea-Bissau,GNB,1994,64.019,2026-08-08 02:11:14.525335
2520,Guinea-Bissau,GNB,1995,64.003,2026-08-08 02:11:14.525335
2519,Guinea-Bissau,GNB,1996,63.973,2026-08-08 02:11:14.525335
2518,Guinea-Bissau,GNB,1997,63.934,2026-08-08 02:11:14.525335
2517,Guinea-Bissau,GNB,1998,63.896,2026-08-08 02:11:14.525335
2516,Guinea-Bissau,GNB,1999,63.858,2026-08-08 02:11:14.525335
2515,Guinea-Bissau,GNB,2000,63.813,2026-08-08 02:11:14.525335
2514,Guinea-Bissau,GNB,2001,63.766,2026-08-08 02:11:14.525335
2513,Guinea-Bissau,GNB,2002,63.722,2026-08-08 02:11:14.525335
2512,Guinea-Bissau,GNB,2003,63.68,2026-08-08 02:11:14.525335
2511,Guinea-Bissau,GNB,2004,63.638,2026-08-08 02:11:14.525335
2510,Guinea-Bissau,GNB,2005,63.6,2026-08-08 02:11:14.525335
2509,Guinea-Bissau,GNB,2006,63.569,2026-08-08 02:11:14.525335
2508,Guinea-Bissau,GNB,2007,63.537,2026-08-08 02:11:14.525335
2507,Guinea-Bissau,GNB,2008,63.5,2026-08-08 02:11:14.525335
2506,Guinea-Bissau,GNB,2009,63.458,2026-08-08 02:11:14.525335
2505,Guinea-Bissau,GNB,2010,63.413,2026-08-08 02:11:14.525335
2504,Guinea-Bissau,GNB,2011,63.368,2026-08-08 02:11:14.525335
2503,Guinea-Bissau,GNB,2012,63.323,2026-08-08 02:11:14.525335
2502,Guinea-Bissau,GNB,2013,63.275,2026-08-08 02:11:14.525335
2501,Guinea-Bissau,GNB,2014,63.221,2026-08-08 02:11:14.525335
2500,Guinea-Bissau,GNB,2015,63.157,2026-08-08 02:11:14.525335
2499,Guinea-Bissau,GNB,2016,63.085,2026-08-08 02:11:14.525335
2498,Guinea-Bissau,GNB,2017,63.0,2026-08-08 02:11:14.525335
2497,Guinea-Bissau,GNB,2018,62.901,2026-08-08 02:11:14.525335
2496,Guinea-Bissau,GNB,2019,62.167,2026-08-08 02:11:14.525335
2495,Guinea-Bissau,GNB,2020,62.502,2026-08-08 02:11:14.525335
2494,Guinea-Bissau,GNB,2021,63.765,2026-08-08 02:11:14.525335
2493,Guinea-Bissau,GNB,2022,64.838,2026-08-08 02:11:14.525335
2492,Guinea-Bissau,GNB,2023,64.796,2026-08-08 02:11:14.525335
2491,Guinea-Bissau,GNB,2024,64.751,2026-08-08 02:11:14.525335
2490,Guinea-Bissau,GNB,2025,64.814,2026-08-08 02:11:14.525335
1879,Equatorial Guinea,GNQ,1990,60.148,2026-08-08 02:11:14.525335
1878,Equatorial Guinea,GNQ,1991,60.489,2026-08-08 02:11:14.525335
1877,Equatorial Guinea,GNQ,1992,60.797,2026-08-08 02:11:14.525335
1876,Equatorial Guinea,GNQ,1993,61.071,2026-08-08 02:11:14.525335
1875,Equatorial Guinea,GNQ,1994,61.318,2026-08-08 02:11:14.525335
1874,Equatorial Guinea,GNQ,1995,61.529,2026-08-08 02:11:14.525335
1873,Equatorial Guinea,GNQ,1996,61.692,2026-08-08 02:11:14.525335
1872,Equatorial Guinea,GNQ,1997,61.817,2026-08-08 02:11:14.525335
1871,Equatorial Guinea,GNQ,1998,61.91,2026-08-08 02:11:14.525335
1870,Equatorial Guinea,GNQ,1999,61.934,2026-08-08 02:11:14.525335
1869,Equatorial Guinea,GNQ,2000,61.704,2026-08-08 02:11:14.525335
1868,Equatorial Guinea,GNQ,2001,61.224,2026-08-08 02:11:14.525335
1867,Equatorial Guinea,GNQ,2002,60.65,2026-08-08 02:11:14.525335
1866,Equatorial Guinea,GNQ,2003,60.032,2026-08-08 02:11:14.525335
1865,Equatorial Guinea,GNQ,2004,59.424,2026-08-08 02:11:14.525335
1864,Equatorial Guinea,GNQ,2005,59.035,2026-08-08 02:11:14.525335
1863,Equatorial Guinea,GNQ,2006,58.889,2026-08-08 02:11:14.525335
1862,Equatorial Guinea,GNQ,2007,58.847,2026-08-08 02:11:14.525335
1861,Equatorial Guinea,GNQ,2008,58.899,2026-08-08 02:11:14.525335
1860,Equatorial Guinea,GNQ,2009,59.045,2026-08-08 02:11:14.525335
1859,Equatorial Guinea,GNQ,2010,59.283,2026-08-08 02:11:14.525335
1858,Equatorial Guinea,GNQ,2011,59.617,2026-08-08 02:11:14.525335
1857,Equatorial Guinea,GNQ,2012,60.008,2026-08-08 02:11:14.525335
1856,Equatorial Guinea,GNQ,2013,60.389,2026-08-08 02:11:14.525335
1855,Equatorial Guinea,GNQ,2014,60.734,2026-08-08 02:11:14.525335
1854,Equatorial Guinea,GNQ,2015,61.011,2026-08-08 02:11:14.525335
1853,Equatorial Guinea,GNQ,2016,61.202,2026-08-08 02:11:14.525335
1852,Equatorial Guinea,GNQ,2017,61.305,2026-08-08 02:11:14.525335
1851,Equatorial Guinea,GNQ,2018,61.306,2026-08-08 02:11:14.525335
1850,Equatorial Guinea,GNQ,2019,61.198,2026-08-08 02:11:14.525335
1849,Equatorial Guinea,GNQ,2020,57.001,2026-08-08 02:11:14.525335
1848,Equatorial Guinea,GNQ,2021,57.677,2026-08-08 02:11:14.525335
1847,Equatorial Guinea,GNQ,2022,61.13,2026-08-08 02:11:14.525335
1846,Equatorial Guinea,GNQ,2023,61.142,2026-08-08 02:11:14.525335
1845,Equatorial Guinea,GNQ,2024,60.908,2026-08-08 02:11:14.525335
1844,Equatorial Guinea,GNQ,2025,60.513,2026-08-08 02:11:14.525335
2382,Greece,GRC,1990,50.544,2026-08-08 02:11:14.525335
2381,Greece,GRC,1991,48.992,2026-08-08 02:11:14.525335
2380,Greece,GRC,1992,49.62,2026-08-08 02:11:14.525335
2379,Greece,GRC,1993,49.555,2026-08-08 02:11:14.525335
2378,Greece,GRC,1994,50.072,2026-08-08 02:11:14.525335
2377,Greece,GRC,1995,50.344,2026-08-08 02:11:14.525335
2376,Greece,GRC,1996,50.899,2026-08-08 02:11:14.525335
2375,Greece,GRC,1997,50.653,2026-08-08 02:11:14.525335
2374,Greece,GRC,1998,51.752,2026-08-08 02:11:14.525335
2373,Greece,GRC,1999,51.58,2026-08-08 02:11:14.525335
2372,Greece,GRC,2000,51.442,2026-08-08 02:11:14.525335
2371,Greece,GRC,2001,50.72,2026-08-08 02:11:14.525335
2370,Greece,GRC,2002,51.014,2026-08-08 02:11:14.525335
2369,Greece,GRC,2003,51.404,2026-08-08 02:11:14.525335
2368,Greece,GRC,2004,52.032,2026-08-08 02:11:14.525335
2367,Greece,GRC,2005,52.161,2026-08-08 02:11:14.525335
2366,Greece,GRC,2006,52.427,2026-08-08 02:11:14.525335
2365,Greece,GRC,2007,52.274,2026-08-08 02:11:14.525335
2364,Greece,GRC,2008,52.328,2026-08-08 02:11:14.525335
2363,Greece,GRC,2009,52.734,2026-08-08 02:11:14.525335
2362,Greece,GRC,2010,52.894,2026-08-08 02:11:14.525335
2361,Greece,GRC,2011,52.155,2026-08-08 02:11:14.525335
2360,Greece,GRC,2012,51.893,2026-08-08 02:11:14.525335
2359,Greece,GRC,2013,51.565,2026-08-08 02:11:14.525335
2358,Greece,GRC,2014,51.23,2026-08-08 02:11:14.525335
2357,Greece,GRC,2015,51.201,2026-08-08 02:11:14.525335
2356,Greece,GRC,2016,51.147,2026-08-08 02:11:14.525335
2355,Greece,GRC,2017,51.022,2026-08-08 02:11:14.525335
2354,Greece,GRC,2018,50.8,2026-08-08 02:11:14.525335
2353,Greece,GRC,2019,50.855,2026-08-08 02:11:14.525335
2352,Greece,GRC,2020,50.055,2026-08-08 02:11:14.525335
2351,Greece,GRC,2021,50.33,2026-08-08 02:11:14.525335
2350,Greece,GRC,2022,51.826,2026-08-08 02:11:14.525335
2349,Greece,GRC,2023,51.801,2026-08-08 02:11:14.525335
2348,Greece,GRC,2024,52.333,2026-08-08 02:11:14.525335
2,Greece,GRC,2025,51.958,2026-08-08 02:11:14.525335
2454,Guatemala,GTM,1990,66.319,2026-08-08 02:11:14.525335
2453,Guatemala,GTM,1991,66.354,2026-08-08 02:11:14.525335
2452,Guatemala,GTM,1992,66.437,2026-08-08 02:11:14.525335
2451,Guatemala,GTM,1993,66.484,2026-08-08 02:11:14.525335
2450,Guatemala,GTM,1994,66.536,2026-08-08 02:11:14.525335
2449,Guatemala,GTM,1995,66.623,2026-08-08 02:11:14.525335
2448,Guatemala,GTM,1996,66.636,2026-08-08 02:11:14.525335
2447,Guatemala,GTM,1997,66.705,2026-08-08 02:11:14.525335
2446,Guatemala,GTM,1998,66.797,2026-08-08 02:11:14.525335
2445,Guatemala,GTM,1999,66.847,2026-08-08 02:11:14.525335
2444,Guatemala,GTM,2000,66.894,2026-08-08 02:11:14.525335
2443,Guatemala,GTM,2001,66.894,2026-08-08 02:11:14.525335
2442,Guatemala,GTM,2002,66.953,2026-08-08 02:11:14.525335
2441,Guatemala,GTM,2003,67.776,2026-08-08 02:11:14.525335
2440,Guatemala,GTM,2004,63.112,2026-08-08 02:11:14.525335
2439,Guatemala,GTM,2005,62.674,2026-08-08 02:11:14.525335
2438,Guatemala,GTM,2006,62.235,2026-08-08 02:11:14.525335
2437,Guatemala,GTM,2007,61.794,2026-08-08 02:11:14.525335
2436,Guatemala,GTM,2008,61.351,2026-08-08 02:11:14.525335
2435,Guatemala,GTM,2009,60.905,2026-08-08 02:11:14.525335
2434,Guatemala,GTM,2010,60.458,2026-08-08 02:11:14.525335
2433,Guatemala,GTM,2011,61.401,2026-08-08 02:11:14.525335
2432,Guatemala,GTM,2012,65.118,2026-08-08 02:11:14.525335
2431,Guatemala,GTM,2013,60.22,2026-08-08 02:11:14.525335
2430,Guatemala,GTM,2014,60.732,2026-08-08 02:11:14.525335
2429,Guatemala,GTM,2015,60.596,2026-08-08 02:11:14.525335
2428,Guatemala,GTM,2016,60.689,2026-08-08 02:11:14.525335
2427,Guatemala,GTM,2017,60.943,2026-08-08 02:11:14.525335
2426,Guatemala,GTM,2018,60.503,2026-08-08 02:11:14.525335
2425,Guatemala,GTM,2019,59.169,2026-08-08 02:11:14.525335
2424,Guatemala,GTM,2020,58.76,2026-08-08 02:11:14.525335
2423,Guatemala,GTM,2021,62.937,2026-08-08 02:11:14.525335
2422,Guatemala,GTM,2022,60.241,2026-08-08 02:11:14.525335
2421,Guatemala,GTM,2023,59.586,2026-08-08 02:11:14.525335
2420,Guatemala,GTM,2024,59.704,2026-08-08 02:11:14.525335
2419,Guatemala,GTM,2025,59.619,2026-08-08 02:11:14.525335
2418,Guam,GUM,1990,72.69,2026-08-08 02:11:14.525335
2417,Guam,GUM,1991,72.222,2026-08-08 02:11:14.525335
2416,Guam,GUM,1992,71.75,2026-08-08 02:11:14.525335
2415,Guam,GUM,1993,71.272,2026-08-08 02:11:14.525335
2414,Guam,GUM,1994,70.79,2026-08-08 02:11:14.525335
2413,Guam,GUM,1995,70.303,2026-08-08 02:11:14.525335
2412,Guam,GUM,1996,69.812,2026-08-08 02:11:14.525335
2411,Guam,GUM,1997,69.315,2026-08-08 02:11:14.525335
2410,Guam,GUM,1998,68.815,2026-08-08 02:11:14.525335
2409,Guam,GUM,1999,68.309,2026-08-08 02:11:14.525335
2408,Guam,GUM,2000,67.8,2026-08-08 02:11:14.525335
2407,Guam,GUM,2001,65.6,2026-08-08 02:11:14.525335
2406,Guam,GUM,2002,62.4,2026-08-08 02:11:14.525335
2405,Guam,GUM,2003,62.051,2026-08-08 02:11:14.525335
2404,Guam,GUM,2004,61.7,2026-08-08 02:11:14.525335
2403,Guam,GUM,2005,61.1,2026-08-08 02:11:14.525335
2402,Guam,GUM,2006,62.7,2026-08-08 02:11:14.525335
2401,Guam,GUM,2007,57.8,2026-08-08 02:11:14.525335
2400,Guam,GUM,2008,59.765,2026-08-08 02:11:14.525335
2399,Guam,GUM,2009,61.7,2026-08-08 02:11:14.525335
2398,Guam,GUM,2010,61.4,2026-08-08 02:11:14.525335
2397,Guam,GUM,2011,62.6,2026-08-08 02:11:14.525335
2396,Guam,GUM,2012,62.541,2026-08-08 02:11:14.525335
2395,Guam,GUM,2013,62.492,2026-08-08 02:11:14.525335
2394,Guam,GUM,2014,62.437,2026-08-08 02:11:14.525335
2393,Guam,GUM,2015,62.406,2026-08-08 02:11:14.525335
2392,Guam,GUM,2016,62.391,2026-08-08 02:11:14.525335
2391,Guam,GUM,2017,62.355,2026-08-08 02:11:14.525335
2390,Guam,GUM,2018,62.364,2026-08-08 02:11:14.525335
2389,Guam,GUM,2019,62.284,2026-08-08 02:11:14.525335
2388,Guam,GUM,2020,59.182,2026-08-08 02:11:14.525335
2387,Guam,GUM,2021,59.644,2026-08-08 02:11:14.525335
2386,Guam,GUM,2022,62.192,2026-08-08 02:11:14.525335
2385,Guam,GUM,2023,62.236,2026-08-08 02:11:14.525335
2384,Guam,GUM,2024,62.266,2026-08-08 02:11:14.525335
2383,Guam,GUM,2025,62.265,2026-08-08 02:11:14.525335
2561,Guyana,GUY,1990,59.454,2026-08-08 02:11:14.525335
2560,Guyana,GUY,1991,59.637,2026-08-08 02:11:14.525335
2559,Guyana,GUY,1992,59.846,2026-08-08 02:11:14.525335
2558,Guyana,GUY,1993,60.06,2026-08-08 02:11:14.525335
2557,Guyana,GUY,1994,59.663,2026-08-08 02:11:14.525335
2556,Guyana,GUY,1995,59.27,2026-08-08 02:11:14.525335
2555,Guyana,GUY,1996,58.876,2026-08-08 02:11:14.525335
2554,Guyana,GUY,1997,58.476,2026-08-08 02:11:14.525335
2553,Guyana,GUY,1998,58.065,2026-08-08 02:11:14.525335
2552,Guyana,GUY,1999,57.641,2026-08-08 02:11:14.525335
2551,Guyana,GUY,2000,57.203,2026-08-08 02:11:14.525335
2550,Guyana,GUY,2001,56.744,2026-08-08 02:11:14.525335
2549,Guyana,GUY,2002,56.261,2026-08-08 02:11:14.525335
2548,Guyana,GUY,2003,56.391,2026-08-08 02:11:14.525335
2547,Guyana,GUY,2004,56.462,2026-08-08 02:11:14.525335
2546,Guyana,GUY,2005,56.511,2026-08-08 02:11:14.525335
2545,Guyana,GUY,2006,56.537,2026-08-08 02:11:14.525335
2544,Guyana,GUY,2007,56.538,2026-08-08 02:11:14.525335
2543,Guyana,GUY,2008,56.518,2026-08-08 02:11:14.525335
2542,Guyana,GUY,2009,56.476,2026-08-08 02:11:14.525335
2541,Guyana,GUY,2010,56.41,2026-08-08 02:11:14.525335
2540,Guyana,GUY,2011,56.325,2026-08-08 02:11:14.525335
2539,Guyana,GUY,2012,56.198,2026-08-08 02:11:14.525335
2538,Guyana,GUY,2013,56.042,2026-08-08 02:11:14.525335
2537,Guyana,GUY,2014,55.895,2026-08-08 02:11:14.525335
2536,Guyana,GUY,2015,55.769,2026-08-08 02:11:14.525335
2535,Guyana,GUY,2016,55.672,2026-08-08 02:11:14.525335
2534,Guyana,GUY,2017,55.599,2026-08-08 02:11:14.525335
2533,Guyana,GUY,2018,55.791,2026-08-08 02:11:14.525335
2532,Guyana,GUY,2019,52.067,2026-08-08 02:11:14.525335
2531,Guyana,GUY,2020,50.741,2026-08-08 02:11:14.525335
2530,Guyana,GUY,2021,51.186,2026-08-08 02:11:14.525335
2529,Guyana,GUY,2022,54.019,2026-08-08 02:11:14.525335
2528,Guyana,GUY,2023,54.7,2026-08-08 02:11:14.525335
2527,Guyana,GUY,2024,55.138,2026-08-08 02:11:14.525335
2526,Guyana,GUY,2025,54.987,2026-08-08 02:11:14.525335
2669,"Hong Kong SAR, China",HKG,1990,63.217,2026-08-08 02:11:14.525335
2668,"Hong Kong SAR, China",HKG,1991,63.443,2026-08-08 02:11:14.525335
2667,"Hong Kong SAR, China",HKG,1992,62.403,2026-08-08 02:11:14.525335
2666,"Hong Kong SAR, China",HKG,1993,61.995,2026-08-08 02:11:14.525335
2665,"Hong Kong SAR, China",HKG,1994,61.823,2026-08-08 02:11:14.525335
2664,"Hong Kong SAR, China",HKG,1995,61.666,2026-08-08 02:11:14.525335
2663,"Hong Kong SAR, China",HKG,1996,61.385,2026-08-08 02:11:14.525335
2662,"Hong Kong SAR, China",HKG,1997,61.179,2026-08-08 02:11:14.525335
2661,"Hong Kong SAR, China",HKG,1998,61.146,2026-08-08 02:11:14.525335
2660,"Hong Kong SAR, China",HKG,1999,60.929,2026-08-08 02:11:14.525335
2659,"Hong Kong SAR, China",HKG,2000,60.705,2026-08-08 02:11:14.525335
2658,"Hong Kong SAR, China",HKG,2001,60.967,2026-08-08 02:11:14.525335
2657,"Hong Kong SAR, China",HKG,2002,61.252,2026-08-08 02:11:14.525335
2656,"Hong Kong SAR, China",HKG,2003,60.749,2026-08-08 02:11:14.525335
2655,"Hong Kong SAR, China",HKG,2004,60.676,2026-08-08 02:11:14.525335
2654,"Hong Kong SAR, China",HKG,2005,60.567,2026-08-08 02:11:14.525335
2653,"Hong Kong SAR, China",HKG,2006,60.544,2026-08-08 02:11:14.525335
2652,"Hong Kong SAR, China",HKG,2007,60.565,2026-08-08 02:11:14.525335
2651,"Hong Kong SAR, China",HKG,2008,60.077,2026-08-08 02:11:14.525335
2650,"Hong Kong SAR, China",HKG,2009,59.976,2026-08-08 02:11:14.525335
2649,"Hong Kong SAR, China",HKG,2010,58.823,2026-08-08 02:11:14.525335
2648,"Hong Kong SAR, China",HKG,2011,59.326,2026-08-08 02:11:14.525335
2647,"Hong Kong SAR, China",HKG,2012,59.744,2026-08-08 02:11:14.525335
2646,"Hong Kong SAR, China",HKG,2013,60.493,2026-08-08 02:11:14.525335
2645,"Hong Kong SAR, China",HKG,2014,60.326,2026-08-08 02:11:14.525335
2644,"Hong Kong SAR, China",HKG,2015,60.465,2026-08-08 02:11:14.525335
2643,"Hong Kong SAR, China",HKG,2016,60.397,2026-08-08 02:11:14.525335
2642,"Hong Kong SAR, China",HKG,2017,60.466,2026-08-08 02:11:14.525335
2641,"Hong Kong SAR, China",HKG,2018,60.647,2026-08-08 02:11:14.525335
2640,"Hong Kong SAR, China",HKG,2019,59.995,2026-08-08 02:11:14.525335
2639,"Hong Kong SAR, China",HKG,2020,58.975,2026-08-08 02:11:14.525335
2638,"Hong Kong SAR, China",HKG,2021,58.744,2026-08-08 02:11:14.525335
2637,"Hong Kong SAR, China",HKG,2022,57.851,2026-08-08 02:11:14.525335
2636,"Hong Kong SAR, China",HKG,2023,57.216,2026-08-08 02:11:14.525335
2635,"Hong Kong SAR, China",HKG,2024,56.838,2026-08-08 02:11:14.525335
2634,"Hong Kong SAR, China",HKG,2025,56.356,2026-08-08 02:11:14.525335
2633,Honduras,HND,1990,65.916,2026-08-08 02:11:14.525335
2632,Honduras,HND,1991,65.673,2026-08-08 02:11:14.525335
2631,Honduras,HND,1992,65.792,2026-08-08 02:11:14.525335
2630,Honduras,HND,1993,65.927,2026-08-08 02:11:14.525335
2629,Honduras,HND,1994,65.825,2026-08-08 02:11:14.525335
2628,Honduras,HND,1995,65.949,2026-08-08 02:11:14.525335
2627,Honduras,HND,1996,65.911,2026-08-08 02:11:14.525335
2626,Honduras,HND,1997,65.977,2026-08-08 02:11:14.525335
2625,Honduras,HND,1998,66.011,2026-08-08 02:11:14.525335
2624,Honduras,HND,1999,65.88,2026-08-08 02:11:14.525335
2623,Honduras,HND,2000,64.38,2026-08-08 02:11:14.525335
2622,Honduras,HND,2001,63.844,2026-08-08 02:11:14.525335
2621,Honduras,HND,2002,63.305,2026-08-08 02:11:14.525335
2620,Honduras,HND,2003,62.762,2026-08-08 02:11:14.525335
2619,Honduras,HND,2004,62.216,2026-08-08 02:11:14.525335
2618,Honduras,HND,2005,61.667,2026-08-08 02:11:14.525335
2617,Honduras,HND,2006,59.856,2026-08-08 02:11:14.525335
2616,Honduras,HND,2007,58.958,2026-08-08 02:11:14.525335
2615,Honduras,HND,2008,59.576,2026-08-08 02:11:14.525335
2614,Honduras,HND,2009,60.807,2026-08-08 02:11:14.525335
2613,Honduras,HND,2010,61.915,2026-08-08 02:11:14.525335
2612,Honduras,HND,2011,59.727,2026-08-08 02:11:14.525335
2611,Honduras,HND,2012,58.4,2026-08-08 02:11:14.525335
2610,Honduras,HND,2013,62.661,2026-08-08 02:11:14.525335
2609,Honduras,HND,2014,64.152,2026-08-08 02:11:14.525335
2608,Honduras,HND,2015,64.092,2026-08-08 02:11:14.525335
2607,Honduras,HND,2016,63.322,2026-08-08 02:11:14.525335
2606,Honduras,HND,2017,64.359,2026-08-08 02:11:14.525335
2605,Honduras,HND,2018,66.492,2026-08-08 02:11:14.525335
2604,Honduras,HND,2019,63.177,2026-08-08 02:11:14.525335
2603,Honduras,HND,2020,59.495,2026-08-08 02:11:14.525335
2602,Honduras,HND,2021,60.688,2026-08-08 02:11:14.525335
2601,Honduras,HND,2022,58.637,2026-08-08 02:11:14.525335
2600,Honduras,HND,2023,56.485,2026-08-08 02:11:14.525335
2599,Honduras,HND,2024,56.594,2026-08-08 02:11:14.525335
2598,Honduras,HND,2025,56.556,2026-08-08 02:11:14.525335
1520,Croatia,HRV,1990,57.734,2026-08-08 02:11:14.525335
1519,Croatia,HRV,1991,57.353,2026-08-08 02:11:14.525335
1518,Croatia,HRV,1992,56.798,2026-08-08 02:11:14.525335
1517,Croatia,HRV,1993,56.219,2026-08-08 02:11:14.525335
1516,Croatia,HRV,1994,55.637,2026-08-08 02:11:14.525335
1515,Croatia,HRV,1995,55.043,2026-08-08 02:11:14.525335
1514,Croatia,HRV,1996,54.481,2026-08-08 02:11:14.525335
1513,Croatia,HRV,1997,53.956,2026-08-08 02:11:14.525335
1512,Croatia,HRV,1998,53.461,2026-08-08 02:11:14.525335
1511,Croatia,HRV,1999,53.023,2026-08-08 02:11:14.525335
1510,Croatia,HRV,2000,52.632,2026-08-08 02:11:14.525335
1509,Croatia,HRV,2001,52.23,2026-08-08 02:11:14.525335
1508,Croatia,HRV,2002,51.762,2026-08-08 02:11:14.525335
1507,Croatia,HRV,2003,51.775,2026-08-08 02:11:14.525335
1506,Croatia,HRV,2004,52.917,2026-08-08 02:11:14.525335
1505,Croatia,HRV,2005,52.658,2026-08-08 02:11:14.525335
1504,Croatia,HRV,2006,52.107,2026-08-08 02:11:14.525335
1503,Croatia,HRV,2007,52.87,2026-08-08 02:11:14.525335
1502,Croatia,HRV,2008,53.08,2026-08-08 02:11:14.525335
1501,Croatia,HRV,2009,53.051,2026-08-08 02:11:14.525335
1500,Croatia,HRV,2010,52.535,2026-08-08 02:11:14.525335
1499,Croatia,HRV,2011,51.758,2026-08-08 02:11:14.525335
1498,Croatia,HRV,2012,51.325,2026-08-08 02:11:14.525335
1497,Croatia,HRV,2013,50.758,2026-08-08 02:11:14.525335
1496,Croatia,HRV,2014,52.184,2026-08-08 02:11:14.525335
1495,Croatia,HRV,2015,52.587,2026-08-08 02:11:14.525335
1494,Croatia,HRV,2016,51.158,2026-08-08 02:11:14.525335
1493,Croatia,HRV,2017,51.388,2026-08-08 02:11:14.525335
1492,Croatia,HRV,2018,50.935,2026-08-08 02:11:14.525335
1491,Croatia,HRV,2019,50.868,2026-08-08 02:11:14.525335
1490,Croatia,HRV,2020,50.97,2026-08-08 02:11:14.525335
1489,Croatia,HRV,2021,52.039,2026-08-08 02:11:14.525335
1488,Croatia,HRV,2022,52.508,2026-08-08 02:11:14.525335
1487,Croatia,HRV,2023,52.257,2026-08-08 02:11:14.525335
1486,Croatia,HRV,2024,52.356,2026-08-08 02:11:14.525335
1485,Croatia,HRV,2025,52.143,2026-08-08 02:11:14.525335
2597,Haiti,HTI,1990,66.75,2026-08-08 02:11:14.525335
2596,Haiti,HTI,1991,66.419,2026-08-08 02:11:14.525335
2595,Haiti,HTI,1992,66.087,2026-08-08 02:11:14.525335
2594,Haiti,HTI,1993,65.753,2026-08-08 02:11:14.525335
2593,Haiti,HTI,1994,65.417,2026-08-08 02:11:14.525335
2592,Haiti,HTI,1995,65.08,2026-08-08 02:11:14.525335
2591,Haiti,HTI,1996,64.623,2026-08-08 02:11:14.525335
2590,Haiti,HTI,1997,64.164,2026-08-08 02:11:14.525335
2589,Haiti,HTI,1998,63.702,2026-08-08 02:11:14.525335
2588,Haiti,HTI,1999,63.237,2026-08-08 02:11:14.525335
2587,Haiti,HTI,2000,62.77,2026-08-08 02:11:14.525335
2586,Haiti,HTI,2001,62.983,2026-08-08 02:11:14.525335
2585,Haiti,HTI,2002,63.196,2026-08-08 02:11:14.525335
2584,Haiti,HTI,2003,63.408,2026-08-08 02:11:14.525335
2583,Haiti,HTI,2004,63.619,2026-08-08 02:11:14.525335
2582,Haiti,HTI,2005,63.83,2026-08-08 02:11:14.525335
2581,Haiti,HTI,2006,64.191,2026-08-08 02:11:14.525335
2580,Haiti,HTI,2007,64.551,2026-08-08 02:11:14.525335
2579,Haiti,HTI,2008,64.909,2026-08-08 02:11:14.525335
2578,Haiti,HTI,2009,65.265,2026-08-08 02:11:14.525335
2577,Haiti,HTI,2010,65.62,2026-08-08 02:11:14.525335
2576,Haiti,HTI,2011,65.759,2026-08-08 02:11:14.525335
2575,Haiti,HTI,2012,65.721,2026-08-08 02:11:14.525335
2574,Haiti,HTI,2013,65.819,2026-08-08 02:11:14.525335
2573,Haiti,HTI,2014,65.869,2026-08-08 02:11:14.525335
2572,Haiti,HTI,2015,65.868,2026-08-08 02:11:14.525335
2571,Haiti,HTI,2016,65.882,2026-08-08 02:11:14.525335
2570,Haiti,HTI,2017,65.922,2026-08-08 02:11:14.525335
2569,Haiti,HTI,2018,65.934,2026-08-08 02:11:14.525335
2568,Haiti,HTI,2019,65.825,2026-08-08 02:11:14.525335
2567,Haiti,HTI,2020,65.199,2026-08-08 02:11:14.525335
2566,Haiti,HTI,2021,65.704,2026-08-08 02:11:14.525335
2565,Haiti,HTI,2022,64.798,2026-08-08 02:11:14.525335
2564,Haiti,HTI,2023,64.487,2026-08-08 02:11:14.525335
2563,Haiti,HTI,2024,63.968,2026-08-08 02:11:14.525335
2562,Haiti,HTI,2025,63.93,2026-08-08 02:11:14.525335
2705,Hungary,HUN,1990,51.541,2026-08-08 02:11:14.525335
2704,Hungary,HUN,1991,51.241,2026-08-08 02:11:14.525335
2703,Hungary,HUN,1992,51.119,2026-08-08 02:11:14.525335
2702,Hungary,HUN,1993,51.058,2026-08-08 02:11:14.525335
2701,Hungary,HUN,1994,50.996,2026-08-08 02:11:14.525335
2700,Hungary,HUN,1995,50.929,2026-08-08 02:11:14.525335
2699,Hungary,HUN,1996,50.875,2026-08-08 02:11:14.525335
2698,Hungary,HUN,1997,50.836,2026-08-08 02:11:14.525335
2697,Hungary,HUN,1998,50.819,2026-08-08 02:11:14.525335
2696,Hungary,HUN,1999,50.908,2026-08-08 02:11:14.525335
2695,Hungary,HUN,2000,51.157,2026-08-08 02:11:14.525335
2694,Hungary,HUN,2001,51.479,2026-08-08 02:11:14.525335
2693,Hungary,HUN,2002,51.765,2026-08-08 02:11:14.525335
2692,Hungary,HUN,2003,51.966,2026-08-08 02:11:14.525335
2691,Hungary,HUN,2004,52.184,2026-08-08 02:11:14.525335
2690,Hungary,HUN,2005,52.322,2026-08-08 02:11:14.525335
2689,Hungary,HUN,2006,52.408,2026-08-08 02:11:14.525335
2688,Hungary,HUN,2007,52.307,2026-08-08 02:11:14.525335
2687,Hungary,HUN,2008,52.176,2026-08-08 02:11:14.525335
2686,Hungary,HUN,2009,51.562,2026-08-08 02:11:14.525335
2685,Hungary,HUN,2010,51.99,2026-08-08 02:11:14.525335
2684,Hungary,HUN,2011,52.234,2026-08-08 02:11:14.525335
2683,Hungary,HUN,2012,52.869,2026-08-08 02:11:14.525335
2682,Hungary,HUN,2013,53.523,2026-08-08 02:11:14.525335
2681,Hungary,HUN,2014,55.011,2026-08-08 02:11:14.525335
2680,Hungary,HUN,2015,56.212,2026-08-08 02:11:14.525335
2679,Hungary,HUN,2016,57.297,2026-08-08 02:11:14.525335
2678,Hungary,HUN,2017,57.834,2026-08-08 02:11:14.525335
2677,Hungary,HUN,2018,58.297,2026-08-08 02:11:14.525335
2676,Hungary,HUN,2019,58.472,2026-08-08 02:11:14.525335
2675,Hungary,HUN,2020,58.446,2026-08-08 02:11:14.525335
2674,Hungary,HUN,2021,59.115,2026-08-08 02:11:14.525335
2673,Hungary,HUN,2022,59.856,2026-08-08 02:11:14.525335
2672,Hungary,HUN,2023,60.61,2026-08-08 02:11:14.525335
2671,Hungary,HUN,2024,60.66,2026-08-08 02:11:14.525335
2670,Hungary,HUN,2025,60.578,2026-08-08 02:11:14.525335
2813,Indonesia,IDN,1990,66.365,2026-08-08 02:11:14.525335
2812,Indonesia,IDN,1991,65.946,2026-08-08 02:11:14.525335
2811,Indonesia,IDN,1992,66.316,2026-08-08 02:11:14.525335
2810,Indonesia,IDN,1993,65.625,2026-08-08 02:11:14.525335
2809,Indonesia,IDN,1994,66.798,2026-08-08 02:11:14.525335
2808,Indonesia,IDN,1995,66.834,2026-08-08 02:11:14.525335
2807,Indonesia,IDN,1996,66.87,2026-08-08 02:11:14.525335
2806,Indonesia,IDN,1997,66.338,2026-08-08 02:11:14.525335
2805,Indonesia,IDN,1998,66.93,2026-08-08 02:11:14.525335
2804,Indonesia,IDN,1999,67.221,2026-08-08 02:11:14.525335
2803,Indonesia,IDN,2000,67.756,2026-08-08 02:11:14.525335
2802,Indonesia,IDN,2001,67.129,2026-08-08 02:11:14.525335
2801,Indonesia,IDN,2002,65.977,2026-08-08 02:11:14.525335
2800,Indonesia,IDN,2003,65.671,2026-08-08 02:11:14.525335
2799,Indonesia,IDN,2004,65.675,2026-08-08 02:11:14.525335
2798,Indonesia,IDN,2005,64.399,2026-08-08 02:11:14.525335
2797,Indonesia,IDN,2006,64.208,2026-08-08 02:11:14.525335
2796,Indonesia,IDN,2007,66.227,2026-08-08 02:11:14.525335
2795,Indonesia,IDN,2008,66.373,2026-08-08 02:11:14.525335
2794,Indonesia,IDN,2009,66.047,2026-08-08 02:11:14.525335
2793,Indonesia,IDN,2010,66.583,2026-08-08 02:11:14.525335
2792,Indonesia,IDN,2011,66.913,2026-08-08 02:11:14.525335
2791,Indonesia,IDN,2012,67.416,2026-08-08 02:11:14.525335
2790,Indonesia,IDN,2013,66.757,2026-08-08 02:11:14.525335
2789,Indonesia,IDN,2014,66.624,2026-08-08 02:11:14.525335
2788,Indonesia,IDN,2015,66.578,2026-08-08 02:11:14.525335
2787,Indonesia,IDN,2016,66.314,2026-08-08 02:11:14.525335
2786,Indonesia,IDN,2017,66.694,2026-08-08 02:11:14.525335
2785,Indonesia,IDN,2018,67.652,2026-08-08 02:11:14.525335
2784,Indonesia,IDN,2019,68.238,2026-08-08 02:11:14.525335
2783,Indonesia,IDN,2020,67.401,2026-08-08 02:11:14.525335
2782,Indonesia,IDN,2021,65.868,2026-08-08 02:11:14.525335
2781,Indonesia,IDN,2022,67.018,2026-08-08 02:11:14.525335
2780,Indonesia,IDN,2023,67.899,2026-08-08 02:11:14.525335
2779,Indonesia,IDN,2024,67.927,2026-08-08 02:11:14.525335
2778,Indonesia,IDN,2025,67.965,2026-08-08 02:11:14.525335
2777,India,IND,1990,57.937,2026-08-08 02:11:14.525335
2776,India,IND,1991,57.966,2026-08-08 02:11:14.525335
2775,India,IND,1992,57.997,2026-08-08 02:11:14.525335
2774,India,IND,1993,58.027,2026-08-08 02:11:14.525335
2773,India,IND,1994,58.063,2026-08-08 02:11:14.525335
2772,India,IND,1995,58.395,2026-08-08 02:11:14.525335
2771,India,IND,1996,58.729,2026-08-08 02:11:14.525335
2770,India,IND,1997,59.066,2026-08-08 02:11:14.525335
2769,India,IND,1998,59.404,2026-08-08 02:11:14.525335
2768,India,IND,1999,59.743,2026-08-08 02:11:14.525335
2767,India,IND,2000,60.079,2026-08-08 02:11:14.525335
2766,India,IND,2001,59.923,2026-08-08 02:11:14.525335
2765,India,IND,2002,59.765,2026-08-08 02:11:14.525335
2764,India,IND,2003,59.606,2026-08-08 02:11:14.525335
2763,India,IND,2004,59.445,2026-08-08 02:11:14.525335
2762,India,IND,2005,59.289,2026-08-08 02:11:14.525335
2761,India,IND,2006,58.345,2026-08-08 02:11:14.525335
2760,India,IND,2007,57.418,2026-08-08 02:11:14.525335
2759,India,IND,2008,56.511,2026-08-08 02:11:14.525335
2758,India,IND,2009,55.627,2026-08-08 02:11:14.525335
2757,India,IND,2010,54.766,2026-08-08 02:11:14.525335
2756,India,IND,2011,54.131,2026-08-08 02:11:14.525335
2755,India,IND,2012,53.509,2026-08-08 02:11:14.525335
2754,India,IND,2013,53.364,2026-08-08 02:11:14.525335
2753,India,IND,2014,53.206,2026-08-08 02:11:14.525335
2752,India,IND,2015,53.031,2026-08-08 02:11:14.525335
2751,India,IND,2016,52.852,2026-08-08 02:11:14.525335
2750,India,IND,2017,52.671,2026-08-08 02:11:14.525335
2749,India,IND,2018,52.482,2026-08-08 02:11:14.525335
2748,India,IND,2019,52.284,2026-08-08 02:11:14.525335
2747,India,IND,2020,51.547,2026-08-08 02:11:14.525335
2746,India,IND,2021,52.522,2026-08-08 02:11:14.525335
2745,India,IND,2022,53.587,2026-08-08 02:11:14.525335
2744,India,IND,2023,54.697,2026-08-08 02:11:14.525335
2743,India,IND,2024,55.639,2026-08-08 02:11:14.525335
2742,India,IND,2025,55.658,2026-08-08 02:11:14.525335
2920,Ireland,IRL,1990,60.49,2026-08-08 02:11:14.525335
2919,Ireland,IRL,1991,60.917,2026-08-08 02:11:14.525335
2918,Ireland,IRL,1992,60.182,2026-08-08 02:11:14.525335
2917,Ireland,IRL,1993,60.783,2026-08-08 02:11:14.525335
2916,Ireland,IRL,1994,61.298,2026-08-08 02:11:14.525335
2915,Ireland,IRL,1995,61.718,2026-08-08 02:11:14.525335
2914,Ireland,IRL,1996,62.928,2026-08-08 02:11:14.525335
2913,Ireland,IRL,1997,62.393,2026-08-08 02:11:14.525335
2912,Ireland,IRL,1998,63.325,2026-08-08 02:11:14.525335
2911,Ireland,IRL,1999,63.726,2026-08-08 02:11:14.525335
2910,Ireland,IRL,2000,64.358,2026-08-08 02:11:14.525335
2909,Ireland,IRL,2001,64.462,2026-08-08 02:11:14.525335
2908,Ireland,IRL,2002,64.428,2026-08-08 02:11:14.525335
2907,Ireland,IRL,2003,64.31,2026-08-08 02:11:14.525335
2906,Ireland,IRL,2004,64.364,2026-08-08 02:11:14.525335
2905,Ireland,IRL,2005,65.665,2026-08-08 02:11:14.525335
2904,Ireland,IRL,2006,66.086,2026-08-08 02:11:14.525335
2903,Ireland,IRL,2007,66.617,2026-08-08 02:11:14.525335
2902,Ireland,IRL,2008,65.939,2026-08-08 02:11:14.525335
2901,Ireland,IRL,2009,64.083,2026-08-08 02:11:14.525335
2900,Ireland,IRL,2010,62.597,2026-08-08 02:11:14.525335
2899,Ireland,IRL,2011,61.927,2026-08-08 02:11:14.525335
2898,Ireland,IRL,2012,61.589,2026-08-08 02:11:14.525335
2897,Ireland,IRL,2013,61.905,2026-08-08 02:11:14.525335
2896,Ireland,IRL,2014,61.705,2026-08-08 02:11:14.525335
2895,Ireland,IRL,2015,61.779,2026-08-08 02:11:14.525335
2894,Ireland,IRL,2016,62.119,2026-08-08 02:11:14.525335
2893,Ireland,IRL,2017,61.921,2026-08-08 02:11:14.525335
2892,Ireland,IRL,2018,62.142,2026-08-08 02:11:14.525335
2891,Ireland,IRL,2019,62.312,2026-08-08 02:11:14.525335
2890,Ireland,IRL,2020,61.09,2026-08-08 02:11:14.525335
2889,Ireland,IRL,2021,63.546,2026-08-08 02:11:14.525335
2888,Ireland,IRL,2022,64.444,2026-08-08 02:11:14.525335
2887,Ireland,IRL,2023,66.184,2026-08-08 02:11:14.525335
2886,Ireland,IRL,2024,65.014,2026-08-08 02:11:14.525335
4,Ireland,IRL,2025,64.844,2026-08-08 02:11:14.525335
2849,"Iran, Islamic Rep.",IRN,1990,47.142,2026-08-08 02:11:14.525335
2848,"Iran, Islamic Rep.",IRN,1991,46.781,2026-08-08 02:11:14.525335
2847,"Iran, Islamic Rep.",IRN,1992,46.307,2026-08-08 02:11:14.525335
2846,"Iran, Islamic Rep.",IRN,1993,45.796,2026-08-08 02:11:14.525335
2845,"Iran, Islamic Rep.",IRN,1994,45.226,2026-08-08 02:11:14.525335
2844,"Iran, Islamic Rep.",IRN,1995,44.599,2026-08-08 02:11:14.525335
2843,"Iran, Islamic Rep.",IRN,1996,43.931,2026-08-08 02:11:14.525335
2842,"Iran, Islamic Rep.",IRN,1997,43.932,2026-08-08 02:11:14.525335
2841,"Iran, Islamic Rep.",IRN,1998,43.95,2026-08-08 02:11:14.525335
2840,"Iran, Islamic Rep.",IRN,1999,44.012,2026-08-08 02:11:14.525335
2839,"Iran, Islamic Rep.",IRN,2000,44.133,2026-08-08 02:11:14.525335
2838,"Iran, Islamic Rep.",IRN,2001,44.327,2026-08-08 02:11:14.525335
2837,"Iran, Islamic Rep.",IRN,2002,44.572,2026-08-08 02:11:14.525335
2836,"Iran, Islamic Rep.",IRN,2003,44.959,2026-08-08 02:11:14.525335
2835,"Iran, Islamic Rep.",IRN,2004,45.506,2026-08-08 02:11:14.525335
2834,"Iran, Islamic Rep.",IRN,2005,46.119,2026-08-08 02:11:14.525335
2833,"Iran, Islamic Rep.",IRN,2006,45.293,2026-08-08 02:11:14.525335
2832,"Iran, Islamic Rep.",IRN,2007,44.434,2026-08-08 02:11:14.525335
2831,"Iran, Islamic Rep.",IRN,2008,42.271,2026-08-08 02:11:14.525335
2830,"Iran, Islamic Rep.",IRN,2009,43.032,2026-08-08 02:11:14.525335
2829,"Iran, Islamic Rep.",IRN,2010,42.296,2026-08-08 02:11:14.525335
2828,"Iran, Islamic Rep.",IRN,2011,40.616,2026-08-08 02:11:14.525335
2827,"Iran, Islamic Rep.",IRN,2012,41.768,2026-08-08 02:11:14.525335
2826,"Iran, Islamic Rep.",IRN,2013,41.15,2026-08-08 02:11:14.525335
2825,"Iran, Islamic Rep.",IRN,2014,40.889,2026-08-08 02:11:14.525335
2824,"Iran, Islamic Rep.",IRN,2015,41.941,2026-08-08 02:11:14.525335
2823,"Iran, Islamic Rep.",IRN,2016,43.165,2026-08-08 02:11:14.525335
2822,"Iran, Islamic Rep.",IRN,2017,44.235,2026-08-08 02:11:14.525335
2821,"Iran, Islamic Rep.",IRN,2018,44.39,2026-08-08 02:11:14.525335
2820,"Iran, Islamic Rep.",IRN,2019,44.027,2026-08-08 02:11:14.525335
2819,"Iran, Islamic Rep.",IRN,2020,41.359,2026-08-08 02:11:14.525335
2818,"Iran, Islamic Rep.",IRN,2021,41.043,2026-08-08 02:11:14.525335
2817,"Iran, Islamic Rep.",IRN,2022,40.562,2026-08-08 02:11:14.525335
2816,"Iran, Islamic Rep.",IRN,2023,41.517,2026-08-08 02:11:14.525335
2815,"Iran, Islamic Rep.",IRN,2024,41.266,2026-08-08 02:11:14.525335
2814,"Iran, Islamic Rep.",IRN,2025,40.965,2026-08-08 02:11:14.525335
2885,Iraq,IRQ,1990,42.462,2026-08-08 02:11:14.525335
2884,Iraq,IRQ,1991,42.452,2026-08-08 02:11:14.525335
2883,Iraq,IRQ,1992,42.377,2026-08-08 02:11:14.525335
2882,Iraq,IRQ,1993,42.364,2026-08-08 02:11:14.525335
2881,Iraq,IRQ,1994,42.355,2026-08-08 02:11:14.525335
2880,Iraq,IRQ,1995,42.329,2026-08-08 02:11:14.525335
2879,Iraq,IRQ,1996,42.315,2026-08-08 02:11:14.525335
2878,Iraq,IRQ,1997,42.26,2026-08-08 02:11:14.525335
2877,Iraq,IRQ,1998,42.205,2026-08-08 02:11:14.525335
2876,Iraq,IRQ,1999,42.151,2026-08-08 02:11:14.525335
2875,Iraq,IRQ,2000,42.096,2026-08-08 02:11:14.525335
2874,Iraq,IRQ,2001,42.041,2026-08-08 02:11:14.525335
2873,Iraq,IRQ,2002,41.987,2026-08-08 02:11:14.525335
2872,Iraq,IRQ,2003,41.932,2026-08-08 02:11:14.525335
2871,Iraq,IRQ,2004,41.877,2026-08-08 02:11:14.525335
2870,Iraq,IRQ,2005,41.823,2026-08-08 02:11:14.525335
2869,Iraq,IRQ,2006,41.768,2026-08-08 02:11:14.525335
2868,Iraq,IRQ,2007,41.714,2026-08-08 02:11:14.525335
2867,Iraq,IRQ,2008,41.568,2026-08-08 02:11:14.525335
2866,Iraq,IRQ,2009,41.423,2026-08-08 02:11:14.525335
2865,Iraq,IRQ,2010,41.278,2026-08-08 02:11:14.525335
2864,Iraq,IRQ,2011,41.132,2026-08-08 02:11:14.525335
2863,Iraq,IRQ,2012,40.987,2026-08-08 02:11:14.525335
2862,Iraq,IRQ,2013,41.956,2026-08-08 02:11:14.525335
2861,Iraq,IRQ,2014,42.93,2026-08-08 02:11:14.525335
2860,Iraq,IRQ,2015,43.04,2026-08-08 02:11:14.525335
2859,Iraq,IRQ,2016,43.15,2026-08-08 02:11:14.525335
2858,Iraq,IRQ,2017,41.89,2026-08-08 02:11:14.525335
2857,Iraq,IRQ,2018,41.244,2026-08-08 02:11:14.525335
2856,Iraq,IRQ,2019,40.522,2026-08-08 02:11:14.525335
2855,Iraq,IRQ,2020,40.307,2026-08-08 02:11:14.525335
2854,Iraq,IRQ,2021,39.663,2026-08-08 02:11:14.525335
2853,Iraq,IRQ,2022,41.478,2026-08-08 02:11:14.525335
2852,Iraq,IRQ,2023,41.628,2026-08-08 02:11:14.525335
2851,Iraq,IRQ,2024,41.556,2026-08-08 02:11:14.525335
2850,Iraq,IRQ,2025,41.533,2026-08-08 02:11:14.525335
2741,Iceland,ISL,1990,72.681,2026-08-08 02:11:14.525335
2740,Iceland,ISL,1991,72.743,2026-08-08 02:11:14.525335
2739,Iceland,ISL,1992,73.251,2026-08-08 02:11:14.525335
2738,Iceland,ISL,1993,72.915,2026-08-08 02:11:14.525335
2737,Iceland,ISL,1994,73.177,2026-08-08 02:11:14.525335
2736,Iceland,ISL,1995,75.669,2026-08-08 02:11:14.525335
2735,Iceland,ISL,1996,74.382,2026-08-08 02:11:14.525335
2734,Iceland,ISL,1997,73.525,2026-08-08 02:11:14.525335
2733,Iceland,ISL,1998,75.006,2026-08-08 02:11:14.525335
2732,Iceland,ISL,1999,76.268,2026-08-08 02:11:14.525335
2731,Iceland,ISL,2000,77.862,2026-08-08 02:11:14.525335
2730,Iceland,ISL,2001,77.779,2026-08-08 02:11:14.525335
2729,Iceland,ISL,2002,76.72,2026-08-08 02:11:14.525335
2728,Iceland,ISL,2003,77.229,2026-08-08 02:11:14.525335
2727,Iceland,ISL,2004,76.311,2026-08-08 02:11:14.525335
2726,Iceland,ISL,2005,75.73,2026-08-08 02:11:14.525335
2725,Iceland,ISL,2006,76.89,2026-08-08 02:11:14.525335
2724,Iceland,ISL,2007,77.159,2026-08-08 02:11:14.525335
2723,Iceland,ISL,2008,76.416,2026-08-08 02:11:14.525335
2722,Iceland,ISL,2009,74.829,2026-08-08 02:11:14.525335
2721,Iceland,ISL,2010,74.685,2026-08-08 02:11:14.525335
2720,Iceland,ISL,2011,74.187,2026-08-08 02:11:14.525335
2719,Iceland,ISL,2012,74.278,2026-08-08 02:11:14.525335
2718,Iceland,ISL,2013,74.897,2026-08-08 02:11:14.525335
2717,Iceland,ISL,2014,75.968,2026-08-08 02:11:14.525335
2716,Iceland,ISL,2015,76.677,2026-08-08 02:11:14.525335
2715,Iceland,ISL,2016,77.416,2026-08-08 02:11:14.525335
2714,Iceland,ISL,2017,76.892,2026-08-08 02:11:14.525335
2713,Iceland,ISL,2018,75.978,2026-08-08 02:11:14.525335
2712,Iceland,ISL,2019,75.698,2026-08-08 02:11:14.525335
2711,Iceland,ISL,2020,73.555,2026-08-08 02:11:14.525335
2710,Iceland,ISL,2021,73.413,2026-08-08 02:11:14.525335
2709,Iceland,ISL,2022,74.468,2026-08-08 02:11:14.525335
2708,Iceland,ISL,2023,74.748,2026-08-08 02:11:14.525335
2707,Iceland,ISL,2024,75.153,2026-08-08 02:11:14.525335
2706,Iceland,ISL,2025,74.926,2026-08-08 02:11:14.525335
2956,Israel,ISR,1990,58.823,2026-08-08 02:11:14.525335
2955,Israel,ISR,1991,59.019,2026-08-08 02:11:14.525335
2954,Israel,ISR,1992,59.487,2026-08-08 02:11:14.525335
2953,Israel,ISR,1993,60.885,2026-08-08 02:11:14.525335
2952,Israel,ISR,1994,61.718,2026-08-08 02:11:14.525335
2951,Israel,ISR,1995,62.124,2026-08-08 02:11:14.525335
2950,Israel,ISR,1996,61.434,2026-08-08 02:11:14.525335
2949,Israel,ISR,1997,61.025,2026-08-08 02:11:14.525335
2948,Israel,ISR,1998,60.445,2026-08-08 02:11:14.525335
2947,Israel,ISR,1999,60.772,2026-08-08 02:11:14.525335
2946,Israel,ISR,2000,61.353,2026-08-08 02:11:14.525335
2945,Israel,ISR,2001,61.334,2026-08-08 02:11:14.525335
2944,Israel,ISR,2002,60.562,2026-08-08 02:11:14.525335
2943,Israel,ISR,2003,60.879,2026-08-08 02:11:14.525335
2942,Israel,ISR,2004,61.369,2026-08-08 02:11:14.525335
2941,Israel,ISR,2005,61.799,2026-08-08 02:11:14.525335
2940,Israel,ISR,2006,62.222,2026-08-08 02:11:14.525335
2939,Israel,ISR,2007,62.772,2026-08-08 02:11:14.525335
2938,Israel,ISR,2008,62.811,2026-08-08 02:11:14.525335
2937,Israel,ISR,2009,62.874,2026-08-08 02:11:14.525335
2936,Israel,ISR,2010,63.257,2026-08-08 02:11:14.525335
2935,Israel,ISR,2011,63.036,2026-08-08 02:11:14.525335
2934,Israel,ISR,2012,65.26,2026-08-08 02:11:14.525335
2933,Israel,ISR,2013,65.111,2026-08-08 02:11:14.525335
2932,Israel,ISR,2014,65.62,2026-08-08 02:11:14.525335
2931,Israel,ISR,2015,65.55,2026-08-08 02:11:14.525335
2930,Israel,ISR,2016,65.635,2026-08-08 02:11:14.525335
2929,Israel,ISR,2017,65.491,2026-08-08 02:11:14.525335
2928,Israel,ISR,2018,65.432,2026-08-08 02:11:14.525335
2927,Israel,ISR,2019,64.996,2026-08-08 02:11:14.525335
2926,Israel,ISR,2020,63.406,2026-08-08 02:11:14.525335
2925,Israel,ISR,2021,63.319,2026-08-08 02:11:14.525335
2924,Israel,ISR,2022,64.738,2026-08-08 02:11:14.525335
2923,Israel,ISR,2023,65.055,2026-08-08 02:11:14.525335
2922,Israel,ISR,2024,65.494,2026-08-08 02:11:14.525335
2921,Israel,ISR,2025,65.489,2026-08-08 02:11:14.525335
2992,Italy,ITA,1990,50.073,2026-08-08 02:11:14.525335
2991,Italy,ITA,1991,50.334,2026-08-08 02:11:14.525335
2990,Italy,ITA,1992,48.522,2026-08-08 02:11:14.525335
2989,Italy,ITA,1993,47.988,2026-08-08 02:11:14.525335
2988,Italy,ITA,1994,47.242,2026-08-08 02:11:14.525335
2987,Italy,ITA,1995,46.868,2026-08-08 02:11:14.525335
2986,Italy,ITA,1996,47.275,2026-08-08 02:11:14.525335
2985,Italy,ITA,1997,47.296,2026-08-08 02:11:14.525335
2984,Italy,ITA,1998,47.566,2026-08-08 02:11:14.525335
2983,Italy,ITA,1999,47.798,2026-08-08 02:11:14.525335
2982,Italy,ITA,2000,47.818,2026-08-08 02:11:14.525335
2981,Italy,ITA,2001,47.882,2026-08-08 02:11:14.525335
2980,Italy,ITA,2002,48.244,2026-08-08 02:11:14.525335
2979,Italy,ITA,2003,48.624,2026-08-08 02:11:14.525335
2978,Italy,ITA,2004,49.489,2026-08-08 02:11:14.525335
2977,Italy,ITA,2005,48.916,2026-08-08 02:11:14.525335
2976,Italy,ITA,2006,48.88,2026-08-08 02:11:14.525335
2975,Italy,ITA,2007,48.578,2026-08-08 02:11:14.525335
2974,Italy,ITA,2008,48.921,2026-08-08 02:11:14.525335
2973,Italy,ITA,2009,48.283,2026-08-08 02:11:14.525335
2972,Italy,ITA,2010,47.994,2026-08-08 02:11:14.525335
2971,Italy,ITA,2011,47.882,2026-08-08 02:11:14.525335
2970,Italy,ITA,2012,48.809,2026-08-08 02:11:14.525335
2969,Italy,ITA,2013,48.494,2026-08-08 02:11:14.525335
2968,Italy,ITA,2014,48.731,2026-08-08 02:11:14.525335
2967,Italy,ITA,2015,48.621,2026-08-08 02:11:14.525335
2966,Italy,ITA,2016,49.164,2026-08-08 02:11:14.525335
2965,Italy,ITA,2017,49.501,2026-08-08 02:11:14.525335
2964,Italy,ITA,2018,49.621,2026-08-08 02:11:14.525335
2963,Italy,ITA,2019,49.589,2026-08-08 02:11:14.525335
2962,Italy,ITA,2020,48.218,2026-08-08 02:11:14.525335
2961,Italy,ITA,2021,48.443,2026-08-08 02:11:14.525335
2960,Italy,ITA,2022,49.034,2026-08-08 02:11:14.525335
2959,Italy,ITA,2023,49.8,2026-08-08 02:11:14.525335
2958,Italy,ITA,2024,49.588,2026-08-08 02:11:14.525335
2957,Italy,ITA,2025,49.302,2026-08-08 02:11:14.525335
3028,Jamaica,JAM,1990,71.238,2026-08-08 02:11:14.525335
3027,Jamaica,JAM,1991,70.891,2026-08-08 02:11:14.525335
3026,Jamaica,JAM,1992,70.555,2026-08-08 02:11:14.525335
3025,Jamaica,JAM,1993,70.204,2026-08-08 02:11:14.525335
3024,Jamaica,JAM,1994,69.816,2026-08-08 02:11:14.525335
3023,Jamaica,JAM,1995,69.396,2026-08-08 02:11:14.525335
3022,Jamaica,JAM,1996,68.947,2026-08-08 02:11:14.525335
3021,Jamaica,JAM,1997,68.464,2026-08-08 02:11:14.525335
3020,Jamaica,JAM,1998,67.968,2026-08-08 02:11:14.525335
3019,Jamaica,JAM,1999,67.235,2026-08-08 02:11:14.525335
3018,Jamaica,JAM,2000,66.669,2026-08-08 02:11:14.525335
3017,Jamaica,JAM,2001,66.113,2026-08-08 02:11:14.525335
3016,Jamaica,JAM,2002,65.761,2026-08-08 02:11:14.525335
3015,Jamaica,JAM,2003,65.4,2026-08-08 02:11:14.525335
3014,Jamaica,JAM,2004,65.361,2026-08-08 02:11:14.525335
3013,Jamaica,JAM,2005,65.177,2026-08-08 02:11:14.525335
3012,Jamaica,JAM,2006,64.94,2026-08-08 02:11:14.525335
3011,Jamaica,JAM,2007,64.67,2026-08-08 02:11:14.525335
3010,Jamaica,JAM,2008,64.385,2026-08-08 02:11:14.525335
3009,Jamaica,JAM,2009,62.175,2026-08-08 02:11:14.525335
3008,Jamaica,JAM,2010,60.491,2026-08-08 02:11:14.525335
3007,Jamaica,JAM,2011,60.816,2026-08-08 02:11:14.525335
3006,Jamaica,JAM,2012,60.731,2026-08-08 02:11:14.525335
3005,Jamaica,JAM,2013,61.843,2026-08-08 02:11:14.525335
3004,Jamaica,JAM,2014,62.549,2026-08-08 02:11:14.525335
3003,Jamaica,JAM,2015,65.496,2026-08-08 02:11:14.525335
3002,Jamaica,JAM,2016,64.922,2026-08-08 02:11:14.525335
3001,Jamaica,JAM,2017,65.674,2026-08-08 02:11:14.525335
3000,Jamaica,JAM,2018,65.484,2026-08-08 02:11:14.525335
2999,Jamaica,JAM,2019,66.967,2026-08-08 02:11:14.525335
2998,Jamaica,JAM,2020,64.834,2026-08-08 02:11:14.525335
2997,Jamaica,JAM,2021,65.694,2026-08-08 02:11:14.525335
2996,Jamaica,JAM,2022,67.654,2026-08-08 02:11:14.525335
2995,Jamaica,JAM,2023,69.469,2026-08-08 02:11:14.525335
2994,Jamaica,JAM,2024,69.443,2026-08-08 02:11:14.525335
2993,Jamaica,JAM,2025,69.566,2026-08-08 02:11:14.525335
3100,Jordan,JOR,1990,39.339,2026-08-08 02:11:14.525335
3099,Jordan,JOR,1991,39.507,2026-08-08 02:11:14.525335
3098,Jordan,JOR,1992,39.401,2026-08-08 02:11:14.525335
3097,Jordan,JOR,1993,39.442,2026-08-08 02:11:14.525335
3096,Jordan,JOR,1994,39.462,2026-08-08 02:11:14.525335
3095,Jordan,JOR,1995,39.441,2026-08-08 02:11:14.525335
3094,Jordan,JOR,1996,39.468,2026-08-08 02:11:14.525335
3093,Jordan,JOR,1997,39.458,2026-08-08 02:11:14.525335
3092,Jordan,JOR,1998,39.448,2026-08-08 02:11:14.525335
3091,Jordan,JOR,1999,39.431,2026-08-08 02:11:14.525335
3090,Jordan,JOR,2000,39.4,2026-08-08 02:11:14.525335
3089,Jordan,JOR,2001,38.8,2026-08-08 02:11:14.525335
3088,Jordan,JOR,2002,38.4,2026-08-08 02:11:14.525335
3087,Jordan,JOR,2003,37.4,2026-08-08 02:11:14.525335
3086,Jordan,JOR,2004,37.849,2026-08-08 02:11:14.525335
3085,Jordan,JOR,2005,38.3,2026-08-08 02:11:14.525335
3084,Jordan,JOR,2006,37.7,2026-08-08 02:11:14.525335
3083,Jordan,JOR,2007,39.8,2026-08-08 02:11:14.525335
3082,Jordan,JOR,2008,39.5,2026-08-08 02:11:14.525335
3081,Jordan,JOR,2009,40.1,2026-08-08 02:11:14.525335
3080,Jordan,JOR,2010,39.5,2026-08-08 02:11:14.525335
3079,Jordan,JOR,2011,39.0,2026-08-08 02:11:14.525335
3078,Jordan,JOR,2012,38.0,2026-08-08 02:11:14.525335
3077,Jordan,JOR,2013,37.1,2026-08-08 02:11:14.525335
3076,Jordan,JOR,2014,36.4,2026-08-08 02:11:14.525335
3075,Jordan,JOR,2015,37.659,2026-08-08 02:11:14.525335
3074,Jordan,JOR,2016,38.935,2026-08-08 02:11:14.525335
3073,Jordan,JOR,2017,40.226,2026-08-08 02:11:14.525335
3072,Jordan,JOR,2018,39.176,2026-08-08 02:11:14.525335
3071,Jordan,JOR,2019,39.242,2026-08-08 02:11:14.525335
3070,Jordan,JOR,2020,39.947,2026-08-08 02:11:14.525335
3069,Jordan,JOR,2021,38.67,2026-08-08 02:11:14.525335
3068,Jordan,JOR,2022,38.555,2026-08-08 02:11:14.525335
3067,Jordan,JOR,2023,40.123,2026-08-08 02:11:14.525335
3066,Jordan,JOR,2024,40.006,2026-08-08 02:11:14.525335
3065,Jordan,JOR,2025,40.052,2026-08-08 02:11:14.525335
3064,Japan,JPN,1990,63.392,2026-08-08 02:11:14.525335
3063,Japan,JPN,1991,63.794,2026-08-08 02:11:14.525335
3062,Japan,JPN,1992,63.989,2026-08-08 02:11:14.525335
3061,Japan,JPN,1993,63.809,2026-08-08 02:11:14.525335
3060,Japan,JPN,1994,63.609,2026-08-08 02:11:14.525335
3059,Japan,JPN,1995,63.419,2026-08-08 02:11:14.525335
3058,Japan,JPN,1996,63.488,2026-08-08 02:11:14.525335
3057,Japan,JPN,1997,63.674,2026-08-08 02:11:14.525335
3056,Japan,JPN,1998,63.329,2026-08-08 02:11:14.525335
3055,Japan,JPN,1999,62.847,2026-08-08 02:11:14.525335
3054,Japan,JPN,2000,62.442,2026-08-08 02:11:14.525335
3053,Japan,JPN,2001,61.993,2026-08-08 02:11:14.525335
3052,Japan,JPN,2002,61.234,2026-08-08 02:11:14.525335
3051,Japan,JPN,2003,60.766,2026-08-08 02:11:14.525335
3050,Japan,JPN,2004,60.42,2026-08-08 02:11:14.525335
3049,Japan,JPN,2005,60.418,2026-08-08 02:11:14.525335
3048,Japan,JPN,2006,60.423,2026-08-08 02:11:14.525335
3047,Japan,JPN,2007,60.395,2026-08-08 02:11:14.525335
3046,Japan,JPN,2008,60.155,2026-08-08 02:11:14.525335
3045,Japan,JPN,2009,59.864,2026-08-08 02:11:14.525335
3044,Japan,JPN,2010,59.579,2026-08-08 02:11:14.525335
3043,Japan,JPN,2011,59.249,2026-08-08 02:11:14.525335
3042,Japan,JPN,2012,59.012,2026-08-08 02:11:14.525335
3041,Japan,JPN,2013,59.245,2026-08-08 02:11:14.525335
3040,Japan,JPN,2014,59.443,2026-08-08 02:11:14.525335
3039,Japan,JPN,2015,59.499,2026-08-08 02:11:14.525335
3038,Japan,JPN,2016,59.986,2026-08-08 02:11:14.525335
3037,Japan,JPN,2017,60.444,2026-08-08 02:11:14.525335
3036,Japan,JPN,2018,61.446,2026-08-08 02:11:14.525335
3035,Japan,JPN,2019,62.008,2026-08-08 02:11:14.525335
3034,Japan,JPN,2020,61.947,2026-08-08 02:11:14.525335
3033,Japan,JPN,2021,62.053,2026-08-08 02:11:14.525335
3032,Japan,JPN,2022,62.502,2026-08-08 02:11:14.525335
3031,Japan,JPN,2023,62.9,2026-08-08 02:11:14.525335
3030,Japan,JPN,2024,63.3,2026-08-08 02:11:14.525335
3029,Japan,JPN,2025,63.448,2026-08-08 02:11:14.525335
3136,Kazakhstan,KAZ,1990,69.948,2026-08-08 02:11:14.525335
3135,Kazakhstan,KAZ,1991,70.356,2026-08-08 02:11:14.525335
3134,Kazakhstan,KAZ,1992,70.586,2026-08-08 02:11:14.525335
3133,Kazakhstan,KAZ,1993,71.011,2026-08-08 02:11:14.525335
3132,Kazakhstan,KAZ,1994,71.659,2026-08-08 02:11:14.525335
3131,Kazakhstan,KAZ,1995,72.062,2026-08-08 02:11:14.525335
3130,Kazakhstan,KAZ,1996,71.914,2026-08-08 02:11:14.525335
3129,Kazakhstan,KAZ,1997,71.678,2026-08-08 02:11:14.525335
3128,Kazakhstan,KAZ,1998,71.645,2026-08-08 02:11:14.525335
3127,Kazakhstan,KAZ,1999,71.425,2026-08-08 02:11:14.525335
3126,Kazakhstan,KAZ,2000,70.958,2026-08-08 02:11:14.525335
3125,Kazakhstan,KAZ,2001,70.425,2026-08-08 02:11:14.525335
3124,Kazakhstan,KAZ,2002,70.11,2026-08-08 02:11:14.525335
3123,Kazakhstan,KAZ,2003,70.02,2026-08-08 02:11:14.525335
3122,Kazakhstan,KAZ,2004,69.86,2026-08-08 02:11:14.525335
3121,Kazakhstan,KAZ,2005,69.45,2026-08-08 02:11:14.525335
3120,Kazakhstan,KAZ,2006,69.68,2026-08-08 02:11:14.525335
3119,Kazakhstan,KAZ,2007,70.39,2026-08-08 02:11:14.525335
3118,Kazakhstan,KAZ,2008,71.12,2026-08-08 02:11:14.525335
3117,Kazakhstan,KAZ,2009,71.022,2026-08-08 02:11:14.525335
3116,Kazakhstan,KAZ,2010,70.924,2026-08-08 02:11:14.525335
3115,Kazakhstan,KAZ,2011,70.825,2026-08-08 02:11:14.525335
3114,Kazakhstan,KAZ,2012,70.726,2026-08-08 02:11:14.525335
3113,Kazakhstan,KAZ,2013,70.627,2026-08-08 02:11:14.525335
3112,Kazakhstan,KAZ,2014,70.528,2026-08-08 02:11:14.525335
3111,Kazakhstan,KAZ,2015,70.429,2026-08-08 02:11:14.525335
3110,Kazakhstan,KAZ,2016,70.33,2026-08-08 02:11:14.525335
3109,Kazakhstan,KAZ,2017,70.23,2026-08-08 02:11:14.525335
3108,Kazakhstan,KAZ,2018,70.13,2026-08-08 02:11:14.525335
3107,Kazakhstan,KAZ,2019,70.08,2026-08-08 02:11:14.525335
3106,Kazakhstan,KAZ,2020,69.2,2026-08-08 02:11:14.525335
3105,Kazakhstan,KAZ,2021,69.36,2026-08-08 02:11:14.525335
3104,Kazakhstan,KAZ,2022,70.196,2026-08-08 02:11:14.525335
3103,Kazakhstan,KAZ,2023,70.401,2026-08-08 02:11:14.525335
3102,Kazakhstan,KAZ,2024,70.587,2026-08-08 02:11:14.525335
3101,Kazakhstan,KAZ,2025,67.77,2026-08-08 02:11:14.525335
3172,Kenya,KEN,1990,72.995,2026-08-08 02:11:14.525335
3171,Kenya,KEN,1991,72.938,2026-08-08 02:11:14.525335
3170,Kenya,KEN,1992,72.879,2026-08-08 02:11:14.525335
3169,Kenya,KEN,1993,72.813,2026-08-08 02:11:14.525335
3168,Kenya,KEN,1994,72.742,2026-08-08 02:11:14.525335
3167,Kenya,KEN,1995,72.67,2026-08-08 02:11:14.525335
3166,Kenya,KEN,1996,72.603,2026-08-08 02:11:14.525335
3165,Kenya,KEN,1997,72.535,2026-08-08 02:11:14.525335
3164,Kenya,KEN,1998,72.467,2026-08-08 02:11:14.525335
3163,Kenya,KEN,1999,72.391,2026-08-08 02:11:14.525335
3162,Kenya,KEN,2000,72.512,2026-08-08 02:11:14.525335
3161,Kenya,KEN,2001,72.633,2026-08-08 02:11:14.525335
3160,Kenya,KEN,2002,72.753,2026-08-08 02:11:14.525335
3159,Kenya,KEN,2003,72.873,2026-08-08 02:11:14.525335
3158,Kenya,KEN,2004,72.993,2026-08-08 02:11:14.525335
3157,Kenya,KEN,2005,73.113,2026-08-08 02:11:14.525335
3156,Kenya,KEN,2006,73.232,2026-08-08 02:11:14.525335
3155,Kenya,KEN,2007,73.351,2026-08-08 02:11:14.525335
3154,Kenya,KEN,2008,73.469,2026-08-08 02:11:14.525335
3153,Kenya,KEN,2009,73.587,2026-08-08 02:11:14.525335
3152,Kenya,KEN,2010,73.705,2026-08-08 02:11:14.525335
3151,Kenya,KEN,2011,73.823,2026-08-08 02:11:14.525335
3150,Kenya,KEN,2012,73.94,2026-08-08 02:11:14.525335
3149,Kenya,KEN,2013,74.057,2026-08-08 02:11:14.525335
3148,Kenya,KEN,2014,74.173,2026-08-08 02:11:14.525335
3147,Kenya,KEN,2015,74.289,2026-08-08 02:11:14.525335
3146,Kenya,KEN,2016,74.405,2026-08-08 02:11:14.525335
3145,Kenya,KEN,2017,72.306,2026-08-08 02:11:14.525335
3144,Kenya,KEN,2018,70.103,2026-08-08 02:11:14.525335
3143,Kenya,KEN,2019,67.803,2026-08-08 02:11:14.525335
3142,Kenya,KEN,2020,67.081,2026-08-08 02:11:14.525335
3141,Kenya,KEN,2021,67.462,2026-08-08 02:11:14.525335
3140,Kenya,KEN,2022,67.503,2026-08-08 02:11:14.525335
3139,Kenya,KEN,2023,67.463,2026-08-08 02:11:14.525335
3138,Kenya,KEN,2024,67.418,2026-08-08 02:11:14.525335
3137,Kenya,KEN,2025,67.385,2026-08-08 02:11:14.525335
3316,Kyrgyz Republic,KGZ,1990,59.202,2026-08-08 02:11:14.525335
3315,Kyrgyz Republic,KGZ,1991,60.548,2026-08-08 02:11:14.525335
3314,Kyrgyz Republic,KGZ,1992,62.891,2026-08-08 02:11:14.525335
3313,Kyrgyz Republic,KGZ,1993,65.541,2026-08-08 02:11:14.525335
3312,Kyrgyz Republic,KGZ,1994,69.309,2026-08-08 02:11:14.525335
3311,Kyrgyz Republic,KGZ,1995,70.455,2026-08-08 02:11:14.525335
3310,Kyrgyz Republic,KGZ,1996,69.519,2026-08-08 02:11:14.525335
3309,Kyrgyz Republic,KGZ,1997,68.143,2026-08-08 02:11:14.525335
3308,Kyrgyz Republic,KGZ,1998,68.046,2026-08-08 02:11:14.525335
3307,Kyrgyz Republic,KGZ,1999,67.689,2026-08-08 02:11:14.525335
3306,Kyrgyz Republic,KGZ,2000,66.997,2026-08-08 02:11:14.525335
3305,Kyrgyz Republic,KGZ,2001,66.292,2026-08-08 02:11:14.525335
3304,Kyrgyz Republic,KGZ,2002,66.447,2026-08-08 02:11:14.525335
3303,Kyrgyz Republic,KGZ,2003,65.504,2026-08-08 02:11:14.525335
3302,Kyrgyz Republic,KGZ,2004,64.606,2026-08-08 02:11:14.525335
3301,Kyrgyz Republic,KGZ,2005,64.814,2026-08-08 02:11:14.525335
3300,Kyrgyz Republic,KGZ,2006,64.498,2026-08-08 02:11:14.525335
3299,Kyrgyz Republic,KGZ,2007,63.364,2026-08-08 02:11:14.525335
3298,Kyrgyz Republic,KGZ,2008,62.286,2026-08-08 02:11:14.525335
3297,Kyrgyz Republic,KGZ,2009,62.06,2026-08-08 02:11:14.525335
3296,Kyrgyz Republic,KGZ,2010,62.342,2026-08-08 02:11:14.525335
3295,Kyrgyz Republic,KGZ,2011,63.299,2026-08-08 02:11:14.525335
3294,Kyrgyz Republic,KGZ,2012,61.505,2026-08-08 02:11:14.525335
3293,Kyrgyz Republic,KGZ,2013,58.5,2026-08-08 02:11:14.525335
3292,Kyrgyz Republic,KGZ,2014,59.18,2026-08-08 02:11:14.525335
3291,Kyrgyz Republic,KGZ,2015,59.511,2026-08-08 02:11:14.525335
3290,Kyrgyz Republic,KGZ,2016,59.215,2026-08-08 02:11:14.525335
3289,Kyrgyz Republic,KGZ,2017,56.868,2026-08-08 02:11:14.525335
3288,Kyrgyz Republic,KGZ,2018,58.46,2026-08-08 02:11:14.525335
3287,Kyrgyz Republic,KGZ,2019,58.869,2026-08-08 02:11:14.525335
3286,Kyrgyz Republic,KGZ,2020,57.31,2026-08-08 02:11:14.525335
3285,Kyrgyz Republic,KGZ,2021,59.025,2026-08-08 02:11:14.525335
3284,Kyrgyz Republic,KGZ,2022,59.182,2026-08-08 02:11:14.525335
3283,Kyrgyz Republic,KGZ,2023,56.921,2026-08-08 02:11:14.525335
3282,Kyrgyz Republic,KGZ,2024,57.475,2026-08-08 02:11:14.525335
3281,Kyrgyz Republic,KGZ,2025,57.366,2026-08-08 02:11:14.525335
1016,Cambodia,KHM,1990,79.974,2026-08-08 02:11:14.525335
1015,Cambodia,KHM,1991,79.936,2026-08-08 02:11:14.525335
1014,Cambodia,KHM,1992,79.919,2026-08-08 02:11:14.525335
1013,Cambodia,KHM,1993,79.944,2026-08-08 02:11:14.525335
1012,Cambodia,KHM,1994,80.512,2026-08-08 02:11:14.525335
1011,Cambodia,KHM,1995,80.497,2026-08-08 02:11:14.525335
1010,Cambodia,KHM,1996,80.516,2026-08-08 02:11:14.525335
1009,Cambodia,KHM,1997,80.548,2026-08-08 02:11:14.525335
1008,Cambodia,KHM,1998,80.543,2026-08-08 02:11:14.525335
1007,Cambodia,KHM,1999,80.432,2026-08-08 02:11:14.525335
1006,Cambodia,KHM,2000,80.429,2026-08-08 02:11:14.525335
1005,Cambodia,KHM,2001,80.426,2026-08-08 02:11:14.525335
1004,Cambodia,KHM,2002,80.423,2026-08-08 02:11:14.525335
1003,Cambodia,KHM,2003,80.42,2026-08-08 02:11:14.525335
1002,Cambodia,KHM,2004,80.624,2026-08-08 02:11:14.525335
1001,Cambodia,KHM,2005,80.826,2026-08-08 02:11:14.525335
1000,Cambodia,KHM,2006,81.027,2026-08-08 02:11:14.525335
999,Cambodia,KHM,2007,81.226,2026-08-08 02:11:14.525335
998,Cambodia,KHM,2008,78.939,2026-08-08 02:11:14.525335
997,Cambodia,KHM,2009,82.016,2026-08-08 02:11:14.525335
996,Cambodia,KHM,2010,84.751,2026-08-08 02:11:14.525335
995,Cambodia,KHM,2011,85.439,2026-08-08 02:11:14.525335
994,Cambodia,KHM,2012,82.987,2026-08-08 02:11:14.525335
993,Cambodia,KHM,2013,80.219,2026-08-08 02:11:14.525335
992,Cambodia,KHM,2014,80.293,2026-08-08 02:11:14.525335
991,Cambodia,KHM,2015,79.603,2026-08-08 02:11:14.525335
990,Cambodia,KHM,2016,81.735,2026-08-08 02:11:14.525335
989,Cambodia,KHM,2017,81.409,2026-08-08 02:11:14.525335
988,Cambodia,KHM,2018,81.911,2026-08-08 02:11:14.525335
987,Cambodia,KHM,2019,82.422,2026-08-08 02:11:14.525335
986,Cambodia,KHM,2020,82.238,2026-08-08 02:11:14.525335
985,Cambodia,KHM,2021,79.51,2026-08-08 02:11:14.525335
984,Cambodia,KHM,2022,82.338,2026-08-08 02:11:14.525335
983,Cambodia,KHM,2023,82.348,2026-08-08 02:11:14.525335
982,Cambodia,KHM,2024,82.373,2026-08-08 02:11:14.525335
981,Cambodia,KHM,2025,82.392,2026-08-08 02:11:14.525335
3244,"Korea, Rep.",KOR,1990,59.379,2026-08-08 02:11:14.525335
3243,"Korea, Rep.",KOR,1991,60.107,2026-08-08 02:11:14.525335
3242,"Korea, Rep.",KOR,1992,60.394,2026-08-08 02:11:14.525335
3241,"Korea, Rep.",KOR,1993,60.411,2026-08-08 02:11:14.525335
3240,"Korea, Rep.",KOR,1994,61.13,2026-08-08 02:11:14.525335
3239,"Korea, Rep.",KOR,1995,61.46,2026-08-08 02:11:14.525335
3238,"Korea, Rep.",KOR,1996,61.669,2026-08-08 02:11:14.525335
3237,"Korea, Rep.",KOR,1997,62.022,2026-08-08 02:11:14.525335
3236,"Korea, Rep.",KOR,1998,60.213,2026-08-08 02:11:14.525335
3235,"Korea, Rep.",KOR,1999,60.179,2026-08-08 02:11:14.525335
3234,"Korea, Rep.",KOR,2000,60.754,2026-08-08 02:11:14.525335
3233,"Korea, Rep.",KOR,2001,61.11,2026-08-08 02:11:14.525335
3232,"Korea, Rep.",KOR,2002,61.617,2026-08-08 02:11:14.525335
3231,"Korea, Rep.",KOR,2003,61.113,2026-08-08 02:11:14.525335
3230,"Korea, Rep.",KOR,2004,61.816,2026-08-08 02:11:14.525335
3229,"Korea, Rep.",KOR,2005,61.558,2026-08-08 02:11:14.525335
3228,"Korea, Rep.",KOR,2006,61.463,2026-08-08 02:11:14.525335
3227,"Korea, Rep.",KOR,2007,61.317,2026-08-08 02:11:14.525335
3226,"Korea, Rep.",KOR,2008,60.813,2026-08-08 02:11:14.525335
3225,"Korea, Rep.",KOR,2009,60.224,2026-08-08 02:11:14.525335
3224,"Korea, Rep.",KOR,2010,60.334,2026-08-08 02:11:14.525335
3223,"Korea, Rep.",KOR,2011,60.636,2026-08-08 02:11:14.525335
3222,"Korea, Rep.",KOR,2012,60.928,2026-08-08 02:11:14.525335
3221,"Korea, Rep.",KOR,2013,61.4,2026-08-08 02:11:14.525335
3220,"Korea, Rep.",KOR,2014,62.277,2026-08-08 02:11:14.525335
3219,"Korea, Rep.",KOR,2015,62.58,2026-08-08 02:11:14.525335
3218,"Korea, Rep.",KOR,2016,62.626,2026-08-08 02:11:14.525335
3217,"Korea, Rep.",KOR,2017,62.91,2026-08-08 02:11:14.525335
3216,"Korea, Rep.",KOR,2018,62.757,2026-08-08 02:11:14.525335
3215,"Korea, Rep.",KOR,2019,62.994,2026-08-08 02:11:14.525335
3214,"Korea, Rep.",KOR,2020,62.274,2026-08-08 02:11:14.525335
3213,"Korea, Rep.",KOR,2021,62.55,2026-08-08 02:11:14.525335
3212,"Korea, Rep.",KOR,2022,63.794,2026-08-08 02:11:14.525335
3211,"Korea, Rep.",KOR,2023,64.266,2026-08-08 02:11:14.525335
3210,"Korea, Rep.",KOR,2024,64.465,2026-08-08 02:11:14.525335
3209,"Korea, Rep.",KOR,2025,64.351,2026-08-08 02:11:14.525335
3280,Kuwait,KWT,1990,64.946,2026-08-08 02:11:14.525335
3279,Kuwait,KWT,1991,64.104,2026-08-08 02:11:14.525335
3278,Kuwait,KWT,1992,63.361,2026-08-08 02:11:14.525335
3277,Kuwait,KWT,1993,63.852,2026-08-08 02:11:14.525335
3276,Kuwait,KWT,1994,65.874,2026-08-08 02:11:14.525335
3275,Kuwait,KWT,1995,67.251,2026-08-08 02:11:14.525335
3274,Kuwait,KWT,1996,67.322,2026-08-08 02:11:14.525335
3273,Kuwait,KWT,1997,66.798,2026-08-08 02:11:14.525335
3272,Kuwait,KWT,1998,66.338,2026-08-08 02:11:14.525335
3271,Kuwait,KWT,1999,66.027,2026-08-08 02:11:14.525335
3270,Kuwait,KWT,2000,65.932,2026-08-08 02:11:14.525335
3269,Kuwait,KWT,2001,66.088,2026-08-08 02:11:14.525335
3268,Kuwait,KWT,2002,66.499,2026-08-08 02:11:14.525335
3267,Kuwait,KWT,2003,67.133,2026-08-08 02:11:14.525335
3266,Kuwait,KWT,2004,67.927,2026-08-08 02:11:14.525335
3265,Kuwait,KWT,2005,68.302,2026-08-08 02:11:14.525335
3264,Kuwait,KWT,2006,68.084,2026-08-08 02:11:14.525335
3263,Kuwait,KWT,2007,67.887,2026-08-08 02:11:14.525335
3262,Kuwait,KWT,2008,67.937,2026-08-08 02:11:14.525335
3261,Kuwait,KWT,2009,68.218,2026-08-08 02:11:14.525335
3260,Kuwait,KWT,2010,68.7,2026-08-08 02:11:14.525335
3259,Kuwait,KWT,2011,69.701,2026-08-08 02:11:14.525335
3258,Kuwait,KWT,2012,70.724,2026-08-08 02:11:14.525335
3257,Kuwait,KWT,2013,71.329,2026-08-08 02:11:14.525335
3256,Kuwait,KWT,2014,71.845,2026-08-08 02:11:14.525335
3255,Kuwait,KWT,2015,72.324,2026-08-08 02:11:14.525335
3254,Kuwait,KWT,2016,72.704,2026-08-08 02:11:14.525335
3253,Kuwait,KWT,2017,73.388,2026-08-08 02:11:14.525335
3252,Kuwait,KWT,2018,73.568,2026-08-08 02:11:14.525335
3251,Kuwait,KWT,2019,73.328,2026-08-08 02:11:14.525335
3250,Kuwait,KWT,2020,69.199,2026-08-08 02:11:14.525335
3249,Kuwait,KWT,2021,70.585,2026-08-08 02:11:14.525335
3248,Kuwait,KWT,2022,74.352,2026-08-08 02:11:14.525335
3247,Kuwait,KWT,2023,73.971,2026-08-08 02:11:14.525335
3246,Kuwait,KWT,2024,73.559,2026-08-08 02:11:14.525335
3245,Kuwait,KWT,2025,73.365,2026-08-08 02:11:14.525335
3352,Lao PDR,LAO,1990,62.465,2026-08-08 02:11:14.525335
3351,Lao PDR,LAO,1991,62.44,2026-08-08 02:11:14.525335
3350,Lao PDR,LAO,1992,62.392,2026-08-08 02:11:14.525335
3349,Lao PDR,LAO,1993,62.336,2026-08-08 02:11:14.525335
3348,Lao PDR,LAO,1994,62.239,2026-08-08 02:11:14.525335
3347,Lao PDR,LAO,1995,62.159,2026-08-08 02:11:14.525335
3346,Lao PDR,LAO,1996,62.077,2026-08-08 02:11:14.525335
3345,Lao PDR,LAO,1997,61.99,2026-08-08 02:11:14.525335
3344,Lao PDR,LAO,1998,61.951,2026-08-08 02:11:14.525335
3343,Lao PDR,LAO,1999,61.849,2026-08-08 02:11:14.525335
3342,Lao PDR,LAO,2000,61.772,2026-08-08 02:11:14.525335
3341,Lao PDR,LAO,2001,61.695,2026-08-08 02:11:14.525335
3340,Lao PDR,LAO,2002,61.614,2026-08-08 02:11:14.525335
3339,Lao PDR,LAO,2003,61.528,2026-08-08 02:11:14.525335
3338,Lao PDR,LAO,2004,61.434,2026-08-08 02:11:14.525335
3337,Lao PDR,LAO,2005,61.326,2026-08-08 02:11:14.525335
3336,Lao PDR,LAO,2006,61.189,2026-08-08 02:11:14.525335
3335,Lao PDR,LAO,2007,61.07,2026-08-08 02:11:14.525335
3334,Lao PDR,LAO,2008,60.945,2026-08-08 02:11:14.525335
3333,Lao PDR,LAO,2009,60.825,2026-08-08 02:11:14.525335
3332,Lao PDR,LAO,2010,60.682,2026-08-08 02:11:14.525335
3331,Lao PDR,LAO,2011,60.547,2026-08-08 02:11:14.525335
3330,Lao PDR,LAO,2012,60.411,2026-08-08 02:11:14.525335
3329,Lao PDR,LAO,2013,60.272,2026-08-08 02:11:14.525335
3328,Lao PDR,LAO,2014,60.14,2026-08-08 02:11:14.525335
3327,Lao PDR,LAO,2015,60.016,2026-08-08 02:11:14.525335
3326,Lao PDR,LAO,2016,59.898,2026-08-08 02:11:14.525335
3325,Lao PDR,LAO,2017,59.782,2026-08-08 02:11:14.525335
3324,Lao PDR,LAO,2018,60.989,2026-08-08 02:11:14.525335
3323,Lao PDR,LAO,2019,62.207,2026-08-08 02:11:14.525335
3322,Lao PDR,LAO,2020,62.912,2026-08-08 02:11:14.525335
3321,Lao PDR,LAO,2021,64.618,2026-08-08 02:11:14.525335
3320,Lao PDR,LAO,2022,66.001,2026-08-08 02:11:14.525335
3319,Lao PDR,LAO,2023,65.99,2026-08-08 02:11:14.525335
3318,Lao PDR,LAO,2024,65.989,2026-08-08 02:11:14.525335
3317,Lao PDR,LAO,2025,66.087,2026-08-08 02:11:14.525335
3422,Lebanon,LBN,1990,44.845,2026-08-08 02:11:14.525335
3421,Lebanon,LBN,1991,44.833,2026-08-08 02:11:14.525335
3420,Lebanon,LBN,1992,44.601,2026-08-08 02:11:14.525335
3419,Lebanon,LBN,1993,44.451,2026-08-08 02:11:14.525335
3418,Lebanon,LBN,1994,44.341,2026-08-08 02:11:14.525335
3417,Lebanon,LBN,1995,44.263,2026-08-08 02:11:14.525335
3416,Lebanon,LBN,1996,44.081,2026-08-08 02:11:14.525335
3415,Lebanon,LBN,1997,44.118,2026-08-08 02:11:14.525335
3414,Lebanon,LBN,1998,44.095,2026-08-08 02:11:14.525335
3413,Lebanon,LBN,1999,44.169,2026-08-08 02:11:14.525335
3412,Lebanon,LBN,2000,44.197,2026-08-08 02:11:14.525335
3411,Lebanon,LBN,2001,44.167,2026-08-08 02:11:14.525335
3410,Lebanon,LBN,2002,44.14,2026-08-08 02:11:14.525335
3409,Lebanon,LBN,2003,44.117,2026-08-08 02:11:14.525335
3408,Lebanon,LBN,2004,44.02,2026-08-08 02:11:14.525335
3407,Lebanon,LBN,2005,43.813,2026-08-08 02:11:14.525335
3406,Lebanon,LBN,2006,43.606,2026-08-08 02:11:14.525335
3405,Lebanon,LBN,2007,43.4,2026-08-08 02:11:14.525335
3404,Lebanon,LBN,2008,43.854,2026-08-08 02:11:14.525335
3403,Lebanon,LBN,2009,44.308,2026-08-08 02:11:14.525335
3402,Lebanon,LBN,2010,44.764,2026-08-08 02:11:14.525335
3401,Lebanon,LBN,2011,45.22,2026-08-08 02:11:14.525335
3400,Lebanon,LBN,2012,45.677,2026-08-08 02:11:14.525335
3399,Lebanon,LBN,2013,46.135,2026-08-08 02:11:14.525335
3398,Lebanon,LBN,2014,46.594,2026-08-08 02:11:14.525335
3397,Lebanon,LBN,2015,47.053,2026-08-08 02:11:14.525335
3396,Lebanon,LBN,2016,47.513,2026-08-08 02:11:14.525335
3395,Lebanon,LBN,2017,47.973,2026-08-08 02:11:14.525335
3394,Lebanon,LBN,2018,48.433,2026-08-08 02:11:14.525335
3393,Lebanon,LBN,2019,48.894,2026-08-08 02:11:14.525335
3392,Lebanon,LBN,2020,47.448,2026-08-08 02:11:14.525335
3391,Lebanon,LBN,2021,45.518,2026-08-08 02:11:14.525335
3390,Lebanon,LBN,2022,43.4,2026-08-08 02:11:14.525335
3389,Lebanon,LBN,2023,43.424,2026-08-08 02:11:14.525335
3494,Liberia,LBR,1990,77.318,2026-08-08 02:11:14.525335
3493,Liberia,LBR,1991,77.33,2026-08-08 02:11:14.525335
3492,Liberia,LBR,1992,77.308,2026-08-08 02:11:14.525335
3491,Liberia,LBR,1993,77.28,2026-08-08 02:11:14.525335
3490,Liberia,LBR,1994,77.246,2026-08-08 02:11:14.525335
3489,Liberia,LBR,1995,77.21,2026-08-08 02:11:14.525335
3488,Liberia,LBR,1996,77.179,2026-08-08 02:11:14.525335
3487,Liberia,LBR,1997,77.152,2026-08-08 02:11:14.525335
3486,Liberia,LBR,1998,77.132,2026-08-08 02:11:14.525335
3485,Liberia,LBR,1999,77.113,2026-08-08 02:11:14.525335
3484,Liberia,LBR,2000,77.097,2026-08-08 02:11:14.525335
3483,Liberia,LBR,2001,77.084,2026-08-08 02:11:14.525335
3482,Liberia,LBR,2002,77.074,2026-08-08 02:11:14.525335
3481,Liberia,LBR,2003,77.071,2026-08-08 02:11:14.525335
3480,Liberia,LBR,2004,77.075,2026-08-08 02:11:14.525335
3479,Liberia,LBR,2005,77.085,2026-08-08 02:11:14.525335
3478,Liberia,LBR,2006,77.102,2026-08-08 02:11:14.525335
3477,Liberia,LBR,2007,77.121,2026-08-08 02:11:14.525335
3476,Liberia,LBR,2008,77.12,2026-08-08 02:11:14.525335
3475,Liberia,LBR,2009,77.112,2026-08-08 02:11:14.525335
3474,Liberia,LBR,2010,77.107,2026-08-08 02:11:14.525335
3473,Liberia,LBR,2011,77.022,2026-08-08 02:11:14.525335
3472,Liberia,LBR,2012,76.962,2026-08-08 02:11:14.525335
3471,Liberia,LBR,2013,76.981,2026-08-08 02:11:14.525335
3470,Liberia,LBR,2014,76.982,2026-08-08 02:11:14.525335
3469,Liberia,LBR,2015,76.965,2026-08-08 02:11:14.525335
3468,Liberia,LBR,2016,76.937,2026-08-08 02:11:14.525335
3467,Liberia,LBR,2017,76.91,2026-08-08 02:11:14.525335
3466,Liberia,LBR,2018,76.873,2026-08-08 02:11:14.525335
3465,Liberia,LBR,2019,76.823,2026-08-08 02:11:14.525335
3464,Liberia,LBR,2020,76.093,2026-08-08 02:11:14.525335
3463,Liberia,LBR,2021,76.339,2026-08-08 02:11:14.525335
3462,Liberia,LBR,2022,76.686,2026-08-08 02:11:14.525335
3461,Liberia,LBR,2023,76.647,2026-08-08 02:11:14.525335
3460,Liberia,LBR,2024,76.611,2026-08-08 02:11:14.525335
3459,Liberia,LBR,2025,76.582,2026-08-08 02:11:14.525335
3530,Libya,LBY,1990,45.546,2026-08-08 02:11:14.525335
3529,Libya,LBY,1991,45.56,2026-08-08 02:11:14.525335
3528,Libya,LBY,1992,45.584,2026-08-08 02:11:14.525335
3527,Libya,LBY,1993,45.623,2026-08-08 02:11:14.525335
3526,Libya,LBY,1994,45.686,2026-08-08 02:11:14.525335
3525,Libya,LBY,1995,45.78,2026-08-08 02:11:14.525335
3524,Libya,LBY,1996,45.912,2026-08-08 02:11:14.525335
3523,Libya,LBY,1997,46.078,2026-08-08 02:11:14.525335
3522,Libya,LBY,1998,46.285,2026-08-08 02:11:14.525335
3521,Libya,LBY,1999,46.528,2026-08-08 02:11:14.525335
3520,Libya,LBY,2000,46.571,2026-08-08 02:11:14.525335
3519,Libya,LBY,2001,46.448,2026-08-08 02:11:14.525335
3518,Libya,LBY,2002,46.408,2026-08-08 02:11:14.525335
3517,Libya,LBY,2003,46.445,2026-08-08 02:11:14.525335
3516,Libya,LBY,2004,46.534,2026-08-08 02:11:14.525335
3515,Libya,LBY,2005,46.648,2026-08-08 02:11:14.525335
3514,Libya,LBY,2006,46.969,2026-08-08 02:11:14.525335
3513,Libya,LBY,2007,47.458,2026-08-08 02:11:14.525335
3512,Libya,LBY,2008,47.917,2026-08-08 02:11:14.525335
3511,Libya,LBY,2009,48.367,2026-08-08 02:11:14.525335
3510,Libya,LBY,2010,48.804,2026-08-08 02:11:14.525335
3509,Libya,LBY,2011,49.037,2026-08-08 02:11:14.525335
3508,Libya,LBY,2012,49.153,2026-08-08 02:11:14.525335
3507,Libya,LBY,2013,49.312,2026-08-08 02:11:14.525335
3506,Libya,LBY,2014,49.395,2026-08-08 02:11:14.525335
3505,Libya,LBY,2015,49.401,2026-08-08 02:11:14.525335
3504,Libya,LBY,2016,49.373,2026-08-08 02:11:14.525335
3503,Libya,LBY,2017,49.329,2026-08-08 02:11:14.525335
3502,Libya,LBY,2018,49.275,2026-08-08 02:11:14.525335
3501,Libya,LBY,2019,49.201,2026-08-08 02:11:14.525335
3500,Libya,LBY,2020,45.021,2026-08-08 02:11:14.525335
3499,Libya,LBY,2021,45.463,2026-08-08 02:11:14.525335
3498,Libya,LBY,2022,48.725,2026-08-08 02:11:14.525335
3497,Libya,LBY,2023,48.507,2026-08-08 02:11:14.525335
3496,Libya,LBY,2024,48.266,2026-08-08 02:11:14.525335
3495,Libya,LBY,2025,47.963,2026-08-08 02:11:14.525335
5614,St. Lucia,LCA,1990,63.048,2026-08-08 02:11:14.525335
5613,St. Lucia,LCA,1991,63.02,2026-08-08 02:11:14.525335
5612,St. Lucia,LCA,1992,63.134,2026-08-08 02:11:14.525335
5611,St. Lucia,LCA,1993,63.247,2026-08-08 02:11:14.525335
5610,St. Lucia,LCA,1994,63.361,2026-08-08 02:11:14.525335
5609,St. Lucia,LCA,1995,63.474,2026-08-08 02:11:14.525335
5608,St. Lucia,LCA,1996,63.587,2026-08-08 02:11:14.525335
5607,St. Lucia,LCA,1997,63.7,2026-08-08 02:11:14.525335
5606,St. Lucia,LCA,1998,63.813,2026-08-08 02:11:14.525335
5605,St. Lucia,LCA,1999,63.925,2026-08-08 02:11:14.525335
5604,St. Lucia,LCA,2000,64.038,2026-08-08 02:11:14.525335
5603,St. Lucia,LCA,2001,64.15,2026-08-08 02:11:14.525335
5602,St. Lucia,LCA,2002,64.447,2026-08-08 02:11:14.525335
5601,St. Lucia,LCA,2003,64.743,2026-08-08 02:11:14.525335
5600,St. Lucia,LCA,2004,65.038,2026-08-08 02:11:14.525335
5599,St. Lucia,LCA,2005,65.332,2026-08-08 02:11:14.525335
5598,St. Lucia,LCA,2006,65.625,2026-08-08 02:11:14.525335
5597,St. Lucia,LCA,2007,65.916,2026-08-08 02:11:14.525335
5596,St. Lucia,LCA,2008,66.207,2026-08-08 02:11:14.525335
5595,St. Lucia,LCA,2009,66.496,2026-08-08 02:11:14.525335
5594,St. Lucia,LCA,2010,66.783,2026-08-08 02:11:14.525335
5593,St. Lucia,LCA,2011,67.07,2026-08-08 02:11:14.525335
5592,St. Lucia,LCA,2012,69.03,2026-08-08 02:11:14.525335
5591,St. Lucia,LCA,2013,69.25,2026-08-08 02:11:14.525335
5590,St. Lucia,LCA,2014,69.28,2026-08-08 02:11:14.525335
5589,St. Lucia,LCA,2015,69.31,2026-08-08 02:11:14.525335
5588,St. Lucia,LCA,2016,69.339,2026-08-08 02:11:14.525335
5587,St. Lucia,LCA,2017,69.369,2026-08-08 02:11:14.525335
5586,St. Lucia,LCA,2018,69.88,2026-08-08 02:11:14.525335
5585,St. Lucia,LCA,2019,68.799,2026-08-08 02:11:14.525335
5584,St. Lucia,LCA,2020,53.739,2026-08-08 02:11:14.525335
5583,St. Lucia,LCA,2021,65.499,2026-08-08 02:11:14.525335
5582,St. Lucia,LCA,2022,69.156,2026-08-08 02:11:14.525335
5581,St. Lucia,LCA,2023,68.564,2026-08-08 02:11:14.525335
5580,St. Lucia,LCA,2024,68.23,2026-08-08 02:11:14.525335
5579,St. Lucia,LCA,2025,68.265,2026-08-08 02:11:14.525335
5578,Sri Lanka,LKA,1990,61.45,2026-08-08 02:11:14.525335
5577,Sri Lanka,LKA,1991,59.057,2026-08-08 02:11:14.525335
5576,Sri Lanka,LKA,1992,56.62,2026-08-08 02:11:14.525335
5575,Sri Lanka,LKA,1993,56.72,2026-08-08 02:11:14.525335
5574,Sri Lanka,LKA,1994,57.04,2026-08-08 02:11:14.525335
5573,Sri Lanka,LKA,1995,54.88,2026-08-08 02:11:14.525335
5572,Sri Lanka,LKA,1996,55.4,2026-08-08 02:11:14.525335
5571,Sri Lanka,LKA,1997,55.24,2026-08-08 02:11:14.525335
5570,Sri Lanka,LKA,1998,58.82,2026-08-08 02:11:14.525335
5569,Sri Lanka,LKA,1999,57.31,2026-08-08 02:11:14.525335
5568,Sri Lanka,LKA,2000,55.57,2026-08-08 02:11:14.525335
5567,Sri Lanka,LKA,2001,55.343,2026-08-08 02:11:14.525335
5566,Sri Lanka,LKA,2002,55.116,2026-08-08 02:11:14.525335
5565,Sri Lanka,LKA,2003,54.889,2026-08-08 02:11:14.525335
5564,Sri Lanka,LKA,2004,54.662,2026-08-08 02:11:14.525335
5563,Sri Lanka,LKA,2005,54.435,2026-08-08 02:11:14.525335
5562,Sri Lanka,LKA,2006,54.207,2026-08-08 02:11:14.525335
5561,Sri Lanka,LKA,2007,53.979,2026-08-08 02:11:14.525335
5560,Sri Lanka,LKA,2008,53.751,2026-08-08 02:11:14.525335
5559,Sri Lanka,LKA,2009,53.523,2026-08-08 02:11:14.525335
5558,Sri Lanka,LKA,2010,53.295,2026-08-08 02:11:14.525335
5557,Sri Lanka,LKA,2011,52.867,2026-08-08 02:11:14.525335
5556,Sri Lanka,LKA,2012,52.57,2026-08-08 02:11:14.525335
5555,Sri Lanka,LKA,2013,52.053,2026-08-08 02:11:14.525335
5554,Sri Lanka,LKA,2014,51.599,2026-08-08 02:11:14.525335
5553,Sri Lanka,LKA,2015,53.669,2026-08-08 02:11:14.525335
5552,Sri Lanka,LKA,2016,53.725,2026-08-08 02:11:14.525335
5551,Sri Lanka,LKA,2017,53.991,2026-08-08 02:11:14.525335
5550,Sri Lanka,LKA,2018,51.721,2026-08-08 02:11:14.525335
5549,Sri Lanka,LKA,2019,52.249,2026-08-08 02:11:14.525335
6,Sri Lanka,LKA,2020,50.495,2026-08-08 02:11:14.525335
5548,Sri Lanka,LKA,2021,49.836,2026-08-08 02:11:14.525335
5547,Sri Lanka,LKA,2022,49.727,2026-08-08 02:11:14.525335
5546,Sri Lanka,LKA,2023,47.4,2026-08-08 02:11:14.525335
5545,Sri Lanka,LKA,2024,48.6,2026-08-08 02:11:14.525335
5544,Sri Lanka,LKA,2025,48.517,2026-08-08 02:11:14.525335
3458,Lesotho,LSO,1990,73.671,2026-08-08 02:11:14.525335
3457,Lesotho,LSO,1991,73.666,2026-08-08 02:11:14.525335
3456,Lesotho,LSO,1992,73.638,2026-08-08 02:11:14.525335
3455,Lesotho,LSO,1993,73.587,2026-08-08 02:11:14.525335
3454,Lesotho,LSO,1994,73.513,2026-08-08 02:11:14.525335
3453,Lesotho,LSO,1995,73.423,2026-08-08 02:11:14.525335
3452,Lesotho,LSO,1996,73.328,2026-08-08 02:11:14.525335
3451,Lesotho,LSO,1997,73.214,2026-08-08 02:11:14.525335
3450,Lesotho,LSO,1998,73.072,2026-08-08 02:11:14.525335
3449,Lesotho,LSO,1999,72.92,2026-08-08 02:11:14.525335
3448,Lesotho,LSO,2000,72.408,2026-08-08 02:11:14.525335
3447,Lesotho,LSO,2001,71.89,2026-08-08 02:11:14.525335
3446,Lesotho,LSO,2002,71.366,2026-08-08 02:11:14.525335
3445,Lesotho,LSO,2003,70.836,2026-08-08 02:11:14.525335
3444,Lesotho,LSO,2004,70.301,2026-08-08 02:11:14.525335
3443,Lesotho,LSO,2005,69.759,2026-08-08 02:11:14.525335
3442,Lesotho,LSO,2006,69.213,2026-08-08 02:11:14.525335
3441,Lesotho,LSO,2007,68.661,2026-08-08 02:11:14.525335
3440,Lesotho,LSO,2008,68.103,2026-08-08 02:11:14.525335
3439,Lesotho,LSO,2009,67.541,2026-08-08 02:11:14.525335
3438,Lesotho,LSO,2010,66.973,2026-08-08 02:11:14.525335
3437,Lesotho,LSO,2011,66.4,2026-08-08 02:11:14.525335
3436,Lesotho,LSO,2012,65.822,2026-08-08 02:11:14.525335
3435,Lesotho,LSO,2013,65.24,2026-08-08 02:11:14.525335
3434,Lesotho,LSO,2014,64.017,2026-08-08 02:11:14.525335
3433,Lesotho,LSO,2015,62.776,2026-08-08 02:11:14.525335
3432,Lesotho,LSO,2016,61.517,2026-08-08 02:11:14.525335
3431,Lesotho,LSO,2017,60.243,2026-08-08 02:11:14.525335
3430,Lesotho,LSO,2018,58.955,2026-08-08 02:11:14.525335
3429,Lesotho,LSO,2019,57.655,2026-08-08 02:11:14.525335
3428,Lesotho,LSO,2020,57.107,2026-08-08 02:11:14.525335
3427,Lesotho,LSO,2021,56.797,2026-08-08 02:11:14.525335
3426,Lesotho,LSO,2022,57.501,2026-08-08 02:11:14.525335
3425,Lesotho,LSO,2023,57.46,2026-08-08 02:11:14.525335
3424,Lesotho,LSO,2024,57.421,2026-08-08 02:11:14.525335
3423,Lesotho,LSO,2025,57.117,2026-08-08 02:11:14.525335
3566,Lithuania,LTU,1990,66.837,2026-08-08 02:11:14.525335
3565,Lithuania,LTU,1991,66.145,2026-08-08 02:11:14.525335
3564,Lithuania,LTU,1992,65.409,2026-08-08 02:11:14.525335
3563,Lithuania,LTU,1993,64.643,2026-08-08 02:11:14.525335
3562,Lithuania,LTU,1994,63.923,2026-08-08 02:11:14.525335
3561,Lithuania,LTU,1995,63.253,2026-08-08 02:11:14.525335
3560,Lithuania,LTU,1996,62.55,2026-08-08 02:11:14.525335
3559,Lithuania,LTU,1997,61.784,2026-08-08 02:11:14.525335
3558,Lithuania,LTU,1998,60.992,2026-08-08 02:11:14.525335
3557,Lithuania,LTU,1999,61.185,2026-08-08 02:11:14.525335
3556,Lithuania,LTU,2000,60.184,2026-08-08 02:11:14.525335
3555,Lithuania,LTU,2001,58.784,2026-08-08 02:11:14.525335
3554,Lithuania,LTU,2002,58.022,2026-08-08 02:11:14.525335
3553,Lithuania,LTU,2003,59.974,2026-08-08 02:11:14.525335
3552,Lithuania,LTU,2004,57.008,2026-08-08 02:11:14.525335
3551,Lithuania,LTU,2005,56.157,2026-08-08 02:11:14.525335
3550,Lithuania,LTU,2006,55.137,2026-08-08 02:11:14.525335
3549,Lithuania,LTU,2007,55.423,2026-08-08 02:11:14.525335
3548,Lithuania,LTU,2008,55.787,2026-08-08 02:11:14.525335
3547,Lithuania,LTU,2009,56.536,2026-08-08 02:11:14.525335
3546,Lithuania,LTU,2010,56.629,2026-08-08 02:11:14.525335
3545,Lithuania,LTU,2011,57.403,2026-08-08 02:11:14.525335
3544,Lithuania,LTU,2012,57.746,2026-08-08 02:11:14.525335
3543,Lithuania,LTU,2013,57.991,2026-08-08 02:11:14.525335
3542,Lithuania,LTU,2014,58.934,2026-08-08 02:11:14.525335
3541,Lithuania,LTU,2015,59.15,2026-08-08 02:11:14.525335
3540,Lithuania,LTU,2016,60.305,2026-08-08 02:11:14.525335
3539,Lithuania,LTU,2017,60.612,2026-08-08 02:11:14.525335
3538,Lithuania,LTU,2018,61.544,2026-08-08 02:11:14.525335
3537,Lithuania,LTU,2019,62.069,2026-08-08 02:11:14.525335
3536,Lithuania,LTU,2020,62.658,2026-08-08 02:11:14.525335
3535,Lithuania,LTU,2021,62.301,2026-08-08 02:11:14.525335
3534,Lithuania,LTU,2022,62.748,2026-08-08 02:11:14.525335
3533,Lithuania,LTU,2023,62.886,2026-08-08 02:11:14.525335
3532,Lithuania,LTU,2024,63.104,2026-08-08 02:11:14.525335
3531,Lithuania,LTU,2025,62.918,2026-08-08 02:11:14.525335
3602,Luxembourg,LUX,1990,50.757,2026-08-08 02:11:14.525335
3601,Luxembourg,LUX,1991,51.979,2026-08-08 02:11:14.525335
3600,Luxembourg,LUX,1992,52.959,2026-08-08 02:11:14.525335
3599,Luxembourg,LUX,1993,52.302,2026-08-08 02:11:14.525335
3598,Luxembourg,LUX,1994,52.198,2026-08-08 02:11:14.525335
3597,Luxembourg,LUX,1995,50.339,2026-08-08 02:11:14.525335
3596,Luxembourg,LUX,1996,50.96,2026-08-08 02:11:14.525335
3595,Luxembourg,LUX,1997,51.242,2026-08-08 02:11:14.525335
3594,Luxembourg,LUX,1998,51.42,2026-08-08 02:11:14.525335
3593,Luxembourg,LUX,1999,52.254,2026-08-08 02:11:14.525335
3592,Luxembourg,LUX,2000,53.417,2026-08-08 02:11:14.525335
3591,Luxembourg,LUX,2001,53.167,2026-08-08 02:11:14.525335
3590,Luxembourg,LUX,2002,54.237,2026-08-08 02:11:14.525335
3589,Luxembourg,LUX,2003,53.56,2026-08-08 02:11:14.525335
3588,Luxembourg,LUX,2004,54.416,2026-08-08 02:11:14.525335
3587,Luxembourg,LUX,2005,55.132,2026-08-08 02:11:14.525335
3586,Luxembourg,LUX,2006,55.149,2026-08-08 02:11:14.525335
3585,Luxembourg,LUX,2007,55.189,2026-08-08 02:11:14.525335
3584,Luxembourg,LUX,2008,55.223,2026-08-08 02:11:14.525335
3583,Luxembourg,LUX,2009,57.457,2026-08-08 02:11:14.525335
3582,Luxembourg,LUX,2010,57.054,2026-08-08 02:11:14.525335
3581,Luxembourg,LUX,2011,56.887,2026-08-08 02:11:14.525335
3580,Luxembourg,LUX,2012,58.202,2026-08-08 02:11:14.525335
3579,Luxembourg,LUX,2013,58.529,2026-08-08 02:11:14.525335
3578,Luxembourg,LUX,2014,58.978,2026-08-08 02:11:14.525335
3577,Luxembourg,LUX,2015,59.869,2026-08-08 02:11:14.525335
3576,Luxembourg,LUX,2016,59.107,2026-08-08 02:11:14.525335
3575,Luxembourg,LUX,2017,58.737,2026-08-08 02:11:14.525335
3574,Luxembourg,LUX,2018,59.291,2026-08-08 02:11:14.525335
3573,Luxembourg,LUX,2019,60.041,2026-08-08 02:11:14.525335
3572,Luxembourg,LUX,2020,60.103,2026-08-08 02:11:14.525335
3571,Luxembourg,LUX,2021,61.482,2026-08-08 02:11:14.525335
3570,Luxembourg,LUX,2022,60.942,2026-08-08 02:11:14.525335
3569,Luxembourg,LUX,2023,61.538,2026-08-08 02:11:14.525335
3568,Luxembourg,LUX,2024,61.764,2026-08-08 02:11:14.525335
3567,Luxembourg,LUX,2025,61.502,2026-08-08 02:11:14.525335
3388,Latvia,LVA,1990,60.667,2026-08-08 02:11:14.525335
3387,Latvia,LVA,1991,60.606,2026-08-08 02:11:14.525335
3386,Latvia,LVA,1992,61.571,2026-08-08 02:11:14.525335
3385,Latvia,LVA,1993,61.289,2026-08-08 02:11:14.525335
3384,Latvia,LVA,1994,60.717,2026-08-08 02:11:14.525335
3383,Latvia,LVA,1995,60.44,2026-08-08 02:11:14.525335
3382,Latvia,LVA,1996,60.068,2026-08-08 02:11:14.525335
3381,Latvia,LVA,1997,59.434,2026-08-08 02:11:14.525335
3380,Latvia,LVA,1998,59.02,2026-08-08 02:11:14.525335
3379,Latvia,LVA,1999,57.697,2026-08-08 02:11:14.525335
3378,Latvia,LVA,2000,56.151,2026-08-08 02:11:14.525335
3377,Latvia,LVA,2001,56.414,2026-08-08 02:11:14.525335
3376,Latvia,LVA,2002,57.761,2026-08-08 02:11:14.525335
3375,Latvia,LVA,2003,56.897,2026-08-08 02:11:14.525335
3374,Latvia,LVA,2004,57.196,2026-08-08 02:11:14.525335
3373,Latvia,LVA,2005,57.199,2026-08-08 02:11:14.525335
3372,Latvia,LVA,2006,58.948,2026-08-08 02:11:14.525335
3371,Latvia,LVA,2007,60.199,2026-08-08 02:11:14.525335
3370,Latvia,LVA,2008,61.513,2026-08-08 02:11:14.525335
3369,Latvia,LVA,2009,60.074,2026-08-08 02:11:14.525335
3368,Latvia,LVA,2010,58.818,2026-08-08 02:11:14.525335
3367,Latvia,LVA,2011,58.497,2026-08-08 02:11:14.525335
3366,Latvia,LVA,2012,59.677,2026-08-08 02:11:14.525335
3365,Latvia,LVA,2013,59.311,2026-08-08 02:11:14.525335
3364,Latvia,LVA,2014,59.234,2026-08-08 02:11:14.525335
3363,Latvia,LVA,2015,60.036,2026-08-08 02:11:14.525335
3362,Latvia,LVA,2016,60.347,2026-08-08 02:11:14.525335
3361,Latvia,LVA,2017,60.786,2026-08-08 02:11:14.525335
3360,Latvia,LVA,2018,61.339,2026-08-08 02:11:14.525335
3359,Latvia,LVA,2019,61.086,2026-08-08 02:11:14.525335
3358,Latvia,LVA,2020,61.565,2026-08-08 02:11:14.525335
3357,Latvia,LVA,2021,60.077,2026-08-08 02:11:14.525335
3356,Latvia,LVA,2022,60.935,2026-08-08 02:11:14.525335
3355,Latvia,LVA,2023,60.985,2026-08-08 02:11:14.525335
3354,Latvia,LVA,2024,60.838,2026-08-08 02:11:14.525335
3353,Latvia,LVA,2025,60.519,2026-08-08 02:11:14.525335
3638,"Macao SAR, China",MAC,1990,57.846,2026-08-08 02:11:14.525335
3637,"Macao SAR, China",MAC,1991,58.279,2026-08-08 02:11:14.525335
3636,"Macao SAR, China",MAC,1992,58.244,2026-08-08 02:11:14.525335
3635,"Macao SAR, China",MAC,1993,60.171,2026-08-08 02:11:14.525335
3634,"Macao SAR, China",MAC,1994,61.834,2026-08-08 02:11:14.525335
3633,"Macao SAR, China",MAC,1995,63.287,2026-08-08 02:11:14.525335
3632,"Macao SAR, China",MAC,1996,64.55,2026-08-08 02:11:14.525335
3631,"Macao SAR, China",MAC,1997,65.63,2026-08-08 02:11:14.525335
3630,"Macao SAR, China",MAC,1998,65.415,2026-08-08 02:11:14.525335
3629,"Macao SAR, China",MAC,1999,65.717,2026-08-08 02:11:14.525335
3628,"Macao SAR, China",MAC,2000,65.52,2026-08-08 02:11:14.525335
3627,"Macao SAR, China",MAC,2001,64.912,2026-08-08 02:11:14.525335
3626,"Macao SAR, China",MAC,2002,64.133,2026-08-08 02:11:14.525335
3625,"Macao SAR, China",MAC,2003,61.701,2026-08-08 02:11:14.525335
3624,"Macao SAR, China",MAC,2004,62.704,2026-08-08 02:11:14.525335
3623,"Macao SAR, China",MAC,2005,63.911,2026-08-08 02:11:14.525335
3622,"Macao SAR, China",MAC,2006,65.85,2026-08-08 02:11:14.525335
3621,"Macao SAR, China",MAC,2007,68.597,2026-08-08 02:11:14.525335
3620,"Macao SAR, China",MAC,2008,69.757,2026-08-08 02:11:14.525335
3619,"Macao SAR, China",MAC,2009,69.968,2026-08-08 02:11:14.525335
3618,"Macao SAR, China",MAC,2010,69.986,2026-08-08 02:11:14.525335
3617,"Macao SAR, China",MAC,2011,70.867,2026-08-08 02:11:14.525335
3616,"Macao SAR, China",MAC,2012,70.739,2026-08-08 02:11:14.525335
3615,"Macao SAR, China",MAC,2013,70.859,2026-08-08 02:11:14.525335
3614,"Macao SAR, China",MAC,2014,71.403,2026-08-08 02:11:14.525335
3613,"Macao SAR, China",MAC,2015,70.806,2026-08-08 02:11:14.525335
3612,"Macao SAR, China",MAC,2016,70.062,2026-08-08 02:11:14.525335
3611,"Macao SAR, China",MAC,2017,69.862,2026-08-08 02:11:14.525335
3610,"Macao SAR, China",MAC,2018,70.082,2026-08-08 02:11:14.525335
3609,"Macao SAR, China",MAC,2019,69.789,2026-08-08 02:11:14.525335
3608,"Macao SAR, China",MAC,2020,68.672,2026-08-08 02:11:14.525335
3607,"Macao SAR, China",MAC,2021,68.924,2026-08-08 02:11:14.525335
3606,"Macao SAR, China",MAC,2022,66.648,2026-08-08 02:11:14.525335
3605,"Macao SAR, China",MAC,2023,67.971,2026-08-08 02:11:14.525335
3604,"Macao SAR, China",MAC,2024,68.278,2026-08-08 02:11:14.525335
3603,"Macao SAR, China",MAC,2025,67.848,2026-08-08 02:11:14.525335
4105,Morocco,MAR,1990,51.239,2026-08-08 02:11:14.525335
4104,Morocco,MAR,1991,51.211,2026-08-08 02:11:14.525335
4103,Morocco,MAR,1992,51.27,2026-08-08 02:11:14.525335
4102,Morocco,MAR,1993,51.316,2026-08-08 02:11:14.525335
4101,Morocco,MAR,1994,51.258,2026-08-08 02:11:14.525335
4100,Morocco,MAR,1995,51.353,2026-08-08 02:11:14.525335
4099,Morocco,MAR,1996,51.275,2026-08-08 02:11:14.525335
4098,Morocco,MAR,1997,51.332,2026-08-08 02:11:14.525335
4097,Morocco,MAR,1998,51.295,2026-08-08 02:11:14.525335
4096,Morocco,MAR,1999,51.314,2026-08-08 02:11:14.525335
4095,Morocco,MAR,2000,51.322,2026-08-08 02:11:14.525335
4094,Morocco,MAR,2001,51.27,2026-08-08 02:11:14.525335
4093,Morocco,MAR,2002,50.69,2026-08-08 02:11:14.525335
4092,Morocco,MAR,2003,50.673,2026-08-08 02:11:14.525335
4091,Morocco,MAR,2004,50.657,2026-08-08 02:11:14.525335
4090,Morocco,MAR,2005,50.64,2026-08-08 02:11:14.525335
4089,Morocco,MAR,2006,50.623,2026-08-08 02:11:14.525335
4088,Morocco,MAR,2007,50.607,2026-08-08 02:11:14.525335
4087,Morocco,MAR,2008,50.59,2026-08-08 02:11:14.525335
4086,Morocco,MAR,2009,50.1,2026-08-08 02:11:14.525335
4085,Morocco,MAR,2010,49.61,2026-08-08 02:11:14.525335
4084,Morocco,MAR,2011,49.16,2026-08-08 02:11:14.525335
4083,Morocco,MAR,2012,48.41,2026-08-08 02:11:14.525335
4082,Morocco,MAR,2013,48.31,2026-08-08 02:11:14.525335
4081,Morocco,MAR,2014,48.06,2026-08-08 02:11:14.525335
4080,Morocco,MAR,2015,47.47,2026-08-08 02:11:14.525335
4079,Morocco,MAR,2016,46.55,2026-08-08 02:11:14.525335
4078,Morocco,MAR,2017,45.5,2026-08-08 02:11:14.525335
4077,Morocco,MAR,2018,45.83,2026-08-08 02:11:14.525335
4076,Morocco,MAR,2019,46.161,2026-08-08 02:11:14.525335
4075,Morocco,MAR,2020,44.539,2026-08-08 02:11:14.525335
4074,Morocco,MAR,2021,45.3,2026-08-08 02:11:14.525335
4073,Morocco,MAR,2022,44.3,2026-08-08 02:11:14.525335
4072,Morocco,MAR,2023,44.224,2026-08-08 02:11:14.525335
4071,Morocco,MAR,2024,44.129,2026-08-08 02:11:14.525335
4070,Morocco,MAR,2025,43.941,2026-08-08 02:11:14.525335
3997,Moldova,MDA,1990,58.443,2026-08-08 02:11:14.525335
3996,Moldova,MDA,1991,58.851,2026-08-08 02:11:14.525335
3995,Moldova,MDA,1992,59.148,2026-08-08 02:11:14.525335
3994,Moldova,MDA,1993,59.28,2026-08-08 02:11:14.525335
3993,Moldova,MDA,1994,59.405,2026-08-08 02:11:14.525335
3992,Moldova,MDA,1995,59.377,2026-08-08 02:11:14.525335
3991,Moldova,MDA,1996,59.635,2026-08-08 02:11:14.525335
3990,Moldova,MDA,1997,59.539,2026-08-08 02:11:14.525335
3989,Moldova,MDA,1998,59.864,2026-08-08 02:11:14.525335
3988,Moldova,MDA,1999,60.025,2026-08-08 02:11:14.525335
3987,Moldova,MDA,2000,59.912,2026-08-08 02:11:14.525335
3986,Moldova,MDA,2001,57.946,2026-08-08 02:11:14.525335
3985,Moldova,MDA,2002,57.225,2026-08-08 02:11:14.525335
3984,Moldova,MDA,2003,57.248,2026-08-08 02:11:14.525335
3983,Moldova,MDA,2004,55.113,2026-08-08 02:11:14.525335
3982,Moldova,MDA,2005,54.815,2026-08-08 02:11:14.525335
3981,Moldova,MDA,2006,58.093,2026-08-08 02:11:14.525335
3980,Moldova,MDA,2007,58.846,2026-08-08 02:11:14.525335
3979,Moldova,MDA,2008,59.587,2026-08-08 02:11:14.525335
3978,Moldova,MDA,2009,60.685,2026-08-08 02:11:14.525335
3977,Moldova,MDA,2010,63.37,2026-08-08 02:11:14.525335
3976,Moldova,MDA,2011,64.395,2026-08-08 02:11:14.525335
3975,Moldova,MDA,2012,64.787,2026-08-08 02:11:14.525335
3974,Moldova,MDA,2013,65.249,2026-08-08 02:11:14.525335
3973,Moldova,MDA,2014,69.265,2026-08-08 02:11:14.525335
3972,Moldova,MDA,2015,70.215,2026-08-08 02:11:14.525335
3971,Moldova,MDA,2016,69.907,2026-08-08 02:11:14.525335
3970,Moldova,MDA,2017,68.331,2026-08-08 02:11:14.525335
3969,Moldova,MDA,2018,67.053,2026-08-08 02:11:14.525335
3968,Moldova,MDA,2019,69.332,2026-08-08 02:11:14.525335
3967,Moldova,MDA,2020,69.68,2026-08-08 02:11:14.525335
3966,Moldova,MDA,2021,72.51,2026-08-08 02:11:14.525335
3965,Moldova,MDA,2022,72.531,2026-08-08 02:11:14.525335
3964,Moldova,MDA,2023,70.787,2026-08-08 02:11:14.525335
3963,Moldova,MDA,2024,72.159,2026-08-08 02:11:14.525335
3962,Moldova,MDA,2025,72.29,2026-08-08 02:11:14.525335
3674,Madagascar,MDG,1990,86.239,2026-08-08 02:11:14.525335
3673,Madagascar,MDG,1991,86.205,2026-08-08 02:11:14.525335
3672,Madagascar,MDG,1992,86.151,2026-08-08 02:11:14.525335
3671,Madagascar,MDG,1993,86.104,2026-08-08 02:11:14.525335
3670,Madagascar,MDG,1994,86.082,2026-08-08 02:11:14.525335
3669,Madagascar,MDG,1995,86.078,2026-08-08 02:11:14.525335
3668,Madagascar,MDG,1996,86.104,2026-08-08 02:11:14.525335
3667,Madagascar,MDG,1997,86.148,2026-08-08 02:11:14.525335
3666,Madagascar,MDG,1998,86.204,2026-08-08 02:11:14.525335
3665,Madagascar,MDG,1999,86.262,2026-08-08 02:11:14.525335
3664,Madagascar,MDG,2000,86.314,2026-08-08 02:11:14.525335
3663,Madagascar,MDG,2001,86.363,2026-08-08 02:11:14.525335
3662,Madagascar,MDG,2002,86.475,2026-08-08 02:11:14.525335
3661,Madagascar,MDG,2003,86.497,2026-08-08 02:11:14.525335
3660,Madagascar,MDG,2004,86.513,2026-08-08 02:11:14.525335
3659,Madagascar,MDG,2005,86.503,2026-08-08 02:11:14.525335
3658,Madagascar,MDG,2006,86.533,2026-08-08 02:11:14.525335
3657,Madagascar,MDG,2007,86.548,2026-08-08 02:11:14.525335
3656,Madagascar,MDG,2008,86.547,2026-08-08 02:11:14.525335
3655,Madagascar,MDG,2009,86.529,2026-08-08 02:11:14.525335
3654,Madagascar,MDG,2010,86.492,2026-08-08 02:11:14.525335
3653,Madagascar,MDG,2011,86.434,2026-08-08 02:11:14.525335
3652,Madagascar,MDG,2012,86.358,2026-08-08 02:11:14.525335
3651,Madagascar,MDG,2013,86.268,2026-08-08 02:11:14.525335
3650,Madagascar,MDG,2014,86.16,2026-08-08 02:11:14.525335
3649,Madagascar,MDG,2015,86.042,2026-08-08 02:11:14.525335
3648,Madagascar,MDG,2016,85.83,2026-08-08 02:11:14.525335
3647,Madagascar,MDG,2017,85.647,2026-08-08 02:11:14.525335
3646,Madagascar,MDG,2018,85.496,2026-08-08 02:11:14.525335
3645,Madagascar,MDG,2019,85.366,2026-08-08 02:11:14.525335
3644,Madagascar,MDG,2020,84.589,2026-08-08 02:11:14.525335
3643,Madagascar,MDG,2021,85.032,2026-08-08 02:11:14.525335
3642,Madagascar,MDG,2022,85.448,2026-08-08 02:11:14.525335
3641,Madagascar,MDG,2023,85.465,2026-08-08 02:11:14.525335
3640,Madagascar,MDG,2024,85.475,2026-08-08 02:11:14.525335
3639,Madagascar,MDG,2025,85.495,2026-08-08 02:11:14.525335
3782,Maldives,MDV,1990,49.52,2026-08-08 02:11:14.525335
3781,Maldives,MDV,1991,49.878,2026-08-08 02:11:14.525335
3780,Maldives,MDV,1992,50.236,2026-08-08 02:11:14.525335
3779,Maldives,MDV,1993,50.594,2026-08-08 02:11:14.525335
3778,Maldives,MDV,1994,50.952,2026-08-08 02:11:14.525335
3777,Maldives,MDV,1995,51.31,2026-08-08 02:11:14.525335
3776,Maldives,MDV,1996,52.01,2026-08-08 02:11:14.525335
3775,Maldives,MDV,1997,52.709,2026-08-08 02:11:14.525335
3774,Maldives,MDV,1998,53.408,2026-08-08 02:11:14.525335
3773,Maldives,MDV,1999,54.105,2026-08-08 02:11:14.525335
3772,Maldives,MDV,2000,54.8,2026-08-08 02:11:14.525335
3771,Maldives,MDV,2001,54.501,2026-08-08 02:11:14.525335
3770,Maldives,MDV,2002,54.202,2026-08-08 02:11:14.525335
3769,Maldives,MDV,2003,53.902,2026-08-08 02:11:14.525335
3768,Maldives,MDV,2004,53.602,2026-08-08 02:11:14.525335
3767,Maldives,MDV,2005,53.302,2026-08-08 02:11:14.525335
3766,Maldives,MDV,2006,53.002,2026-08-08 02:11:14.525335
3765,Maldives,MDV,2007,52.701,2026-08-08 02:11:14.525335
3764,Maldives,MDV,2008,52.4,2026-08-08 02:11:14.525335
3763,Maldives,MDV,2009,52.099,2026-08-08 02:11:14.525335
3762,Maldives,MDV,2010,52.789,2026-08-08 02:11:14.525335
3761,Maldives,MDV,2011,53.477,2026-08-08 02:11:14.525335
3760,Maldives,MDV,2012,54.164,2026-08-08 02:11:14.525335
3759,Maldives,MDV,2013,54.849,2026-08-08 02:11:14.525335
3758,Maldives,MDV,2014,55.532,2026-08-08 02:11:14.525335
3757,Maldives,MDV,2015,56.214,2026-08-08 02:11:14.525335
3756,Maldives,MDV,2016,56.893,2026-08-08 02:11:14.525335
3755,Maldives,MDV,2017,59.181,2026-08-08 02:11:14.525335
3754,Maldives,MDV,2018,61.431,2026-08-08 02:11:14.525335
3753,Maldives,MDV,2019,63.632,2026-08-08 02:11:14.525335
3752,Maldives,MDV,2020,58.304,2026-08-08 02:11:14.525335
3751,Maldives,MDV,2021,59.784,2026-08-08 02:11:14.525335
3750,Maldives,MDV,2022,63.424,2026-08-08 02:11:14.525335
3749,Maldives,MDV,2023,63.327,2026-08-08 02:11:14.525335
3748,Maldives,MDV,2024,63.204,2026-08-08 02:11:14.525335
3747,Maldives,MDV,2025,63.501,2026-08-08 02:11:14.525335
3961,Mexico,MEX,1990,58.123,2026-08-08 02:11:14.525335
3960,Mexico,MEX,1991,58.206,2026-08-08 02:11:14.525335
3959,Mexico,MEX,1992,58.715,2026-08-08 02:11:14.525335
3958,Mexico,MEX,1993,59.289,2026-08-08 02:11:14.525335
3957,Mexico,MEX,1994,59.325,2026-08-08 02:11:14.525335
3956,Mexico,MEX,1995,59.401,2026-08-08 02:11:14.525335
3955,Mexico,MEX,1996,59.464,2026-08-08 02:11:14.525335
3954,Mexico,MEX,1997,60.784,2026-08-08 02:11:14.525335
3953,Mexico,MEX,1998,60.475,2026-08-08 02:11:14.525335
3952,Mexico,MEX,1999,59.699,2026-08-08 02:11:14.525335
3951,Mexico,MEX,2000,59.571,2026-08-08 02:11:14.525335
3950,Mexico,MEX,2001,58.936,2026-08-08 02:11:14.525335
3949,Mexico,MEX,2002,58.457,2026-08-08 02:11:14.525335
3948,Mexico,MEX,2003,58.815,2026-08-08 02:11:14.525335
3947,Mexico,MEX,2004,59.375,2026-08-08 02:11:14.525335
3946,Mexico,MEX,2005,60.12,2026-08-08 02:11:14.525335
3945,Mexico,MEX,2006,60.875,2026-08-08 02:11:14.525335
3944,Mexico,MEX,2007,60.921,2026-08-08 02:11:14.525335
3943,Mexico,MEX,2008,60.638,2026-08-08 02:11:14.525335
3942,Mexico,MEX,2009,60.556,2026-08-08 02:11:14.525335
3941,Mexico,MEX,2010,60.391,2026-08-08 02:11:14.525335
3940,Mexico,MEX,2011,60.526,2026-08-08 02:11:14.525335
3939,Mexico,MEX,2012,61.221,2026-08-08 02:11:14.525335
3938,Mexico,MEX,2013,61.033,2026-08-08 02:11:14.525335
3937,Mexico,MEX,2014,60.476,2026-08-08 02:11:14.525335
3936,Mexico,MEX,2015,60.552,2026-08-08 02:11:14.525335
3935,Mexico,MEX,2016,60.427,2026-08-08 02:11:14.525335
3934,Mexico,MEX,2017,60.209,2026-08-08 02:11:14.525335
3933,Mexico,MEX,2018,60.429,2026-08-08 02:11:14.525335
3932,Mexico,MEX,2019,61.12,2026-08-08 02:11:14.525335
3931,Mexico,MEX,2020,56.426,2026-08-08 02:11:14.525335
3930,Mexico,MEX,2021,59.925,2026-08-08 02:11:14.525335
3929,Mexico,MEX,2022,60.946,2026-08-08 02:11:14.525335
3928,Mexico,MEX,2023,61.743,2026-08-08 02:11:14.525335
3927,Mexico,MEX,2024,61.635,2026-08-08 02:11:14.525335
3926,Mexico,MEX,2025,61.609,2026-08-08 02:11:14.525335
4501,North Macedonia,MKD,1990,56.03,2026-08-08 02:11:14.525335
4500,North Macedonia,MKD,1991,56.269,2026-08-08 02:11:14.525335
4499,North Macedonia,MKD,1992,55.806,2026-08-08 02:11:14.525335
4498,North Macedonia,MKD,1993,55.347,2026-08-08 02:11:14.525335
4497,North Macedonia,MKD,1994,54.847,2026-08-08 02:11:14.525335
4496,North Macedonia,MKD,1995,54.381,2026-08-08 02:11:14.525335
4495,North Macedonia,MKD,1996,54.005,2026-08-08 02:11:14.525335
4494,North Macedonia,MKD,1997,53.788,2026-08-08 02:11:14.525335
4493,North Macedonia,MKD,1998,53.171,2026-08-08 02:11:14.525335
4492,North Macedonia,MKD,1999,52.587,2026-08-08 02:11:14.525335
4491,North Macedonia,MKD,2000,52.742,2026-08-08 02:11:14.525335
4490,North Macedonia,MKD,2001,52.908,2026-08-08 02:11:14.525335
4489,North Macedonia,MKD,2002,53.026,2026-08-08 02:11:14.525335
4488,North Macedonia,MKD,2003,53.483,2026-08-08 02:11:14.525335
4487,North Macedonia,MKD,2004,53.365,2026-08-08 02:11:14.525335
4486,North Macedonia,MKD,2005,53.274,2026-08-08 02:11:14.525335
4485,North Macedonia,MKD,2006,53.25,2026-08-08 02:11:14.525335
4484,North Macedonia,MKD,2007,54.281,2026-08-08 02:11:14.525335
4483,North Macedonia,MKD,2008,54.701,2026-08-08 02:11:14.525335
4482,North Macedonia,MKD,2009,54.701,2026-08-08 02:11:14.525335
4481,North Macedonia,MKD,2010,53.189,2026-08-08 02:11:14.525335
4480,North Macedonia,MKD,2011,54.525,2026-08-08 02:11:14.525335
4479,North Macedonia,MKD,2012,54.271,2026-08-08 02:11:14.525335
4478,North Macedonia,MKD,2013,54.665,2026-08-08 02:11:14.525335
4477,North Macedonia,MKD,2014,54.613,2026-08-08 02:11:14.525335
4476,North Macedonia,MKD,2015,54.004,2026-08-08 02:11:14.525335
4475,North Macedonia,MKD,2016,53.44,2026-08-08 02:11:14.525335
4474,North Macedonia,MKD,2017,53.157,2026-08-08 02:11:14.525335
4473,North Macedonia,MKD,2018,52.796,2026-08-08 02:11:14.525335
4472,North Macedonia,MKD,2019,53.023,2026-08-08 02:11:14.525335
4471,North Macedonia,MKD,2020,52.107,2026-08-08 02:11:14.525335
4470,North Macedonia,MKD,2021,51.617,2026-08-08 02:11:14.525335
4469,North Macedonia,MKD,2022,52.925,2026-08-08 02:11:14.525335
4468,North Macedonia,MKD,2023,51.751,2026-08-08 02:11:14.525335
4467,North Macedonia,MKD,2024,52.202,2026-08-08 02:11:14.525335
4466,North Macedonia,MKD,2025,51.935,2026-08-08 02:11:14.525335
3818,Mali,MLI,1990,70.338,2026-08-08 02:11:14.525335
3817,Mali,MLI,1991,70.37,2026-08-08 02:11:14.525335
3816,Mali,MLI,1992,70.397,2026-08-08 02:11:14.525335
3815,Mali,MLI,1993,70.411,2026-08-08 02:11:14.525335
3814,Mali,MLI,1994,70.413,2026-08-08 02:11:14.525335
3813,Mali,MLI,1995,70.403,2026-08-08 02:11:14.525335
3812,Mali,MLI,1996,70.388,2026-08-08 02:11:14.525335
3811,Mali,MLI,1997,70.369,2026-08-08 02:11:14.525335
3810,Mali,MLI,1998,70.34,2026-08-08 02:11:14.525335
3809,Mali,MLI,1999,70.309,2026-08-08 02:11:14.525335
3808,Mali,MLI,2000,70.281,2026-08-08 02:11:14.525335
3807,Mali,MLI,2001,70.255,2026-08-08 02:11:14.525335
3806,Mali,MLI,2002,70.234,2026-08-08 02:11:14.525335
3805,Mali,MLI,2003,70.223,2026-08-08 02:11:14.525335
3804,Mali,MLI,2004,70.225,2026-08-08 02:11:14.525335
3803,Mali,MLI,2005,70.241,2026-08-08 02:11:14.525335
3802,Mali,MLI,2006,70.267,2026-08-08 02:11:14.525335
3801,Mali,MLI,2007,70.294,2026-08-08 02:11:14.525335
3800,Mali,MLI,2008,70.327,2026-08-08 02:11:14.525335
3799,Mali,MLI,2009,70.367,2026-08-08 02:11:14.525335
3798,Mali,MLI,2010,70.413,2026-08-08 02:11:14.525335
3797,Mali,MLI,2011,70.464,2026-08-08 02:11:14.525335
3796,Mali,MLI,2012,70.537,2026-08-08 02:11:14.525335
3795,Mali,MLI,2013,70.597,2026-08-08 02:11:14.525335
3794,Mali,MLI,2014,70.617,2026-08-08 02:11:14.525335
3793,Mali,MLI,2015,70.561,2026-08-08 02:11:14.525335
3792,Mali,MLI,2016,69.865,2026-08-08 02:11:14.525335
3791,Mali,MLI,2017,69.159,2026-08-08 02:11:14.525335
3790,Mali,MLI,2018,68.284,2026-08-08 02:11:14.525335
3789,Mali,MLI,2019,67.394,2026-08-08 02:11:14.525335
3788,Mali,MLI,2020,65.916,2026-08-08 02:11:14.525335
3787,Mali,MLI,2021,66.766,2026-08-08 02:11:14.525335
3786,Mali,MLI,2022,67.236,2026-08-08 02:11:14.525335
3785,Mali,MLI,2023,67.208,2026-08-08 02:11:14.525335
3784,Mali,MLI,2024,67.173,2026-08-08 02:11:14.525335
3783,Mali,MLI,2025,67.036,2026-08-08 02:11:14.525335
3854,Malta,MLT,1990,49.873,2026-08-08 02:11:14.525335
3853,Malta,MLT,1991,49.831,2026-08-08 02:11:14.525335
3852,Malta,MLT,1992,49.891,2026-08-08 02:11:14.525335
3851,Malta,MLT,1993,49.927,2026-08-08 02:11:14.525335
3850,Malta,MLT,1994,49.875,2026-08-08 02:11:14.525335
3849,Malta,MLT,1995,49.866,2026-08-08 02:11:14.525335
3848,Malta,MLT,1996,50.089,2026-08-08 02:11:14.525335
3847,Malta,MLT,1997,50.219,2026-08-08 02:11:14.525335
3846,Malta,MLT,1998,50.29,2026-08-08 02:11:14.525335
3845,Malta,MLT,1999,50.258,2026-08-08 02:11:14.525335
3844,Malta,MLT,2000,49.69,2026-08-08 02:11:14.525335
3843,Malta,MLT,2001,50.221,2026-08-08 02:11:14.525335
3842,Malta,MLT,2002,50.036,2026-08-08 02:11:14.525335
3841,Malta,MLT,2003,49.753,2026-08-08 02:11:14.525335
3840,Malta,MLT,2004,48.323,2026-08-08 02:11:14.525335
3839,Malta,MLT,2005,48.718,2026-08-08 02:11:14.525335
3838,Malta,MLT,2006,48.85,2026-08-08 02:11:14.525335
3837,Malta,MLT,2007,49.592,2026-08-08 02:11:14.525335
3836,Malta,MLT,2008,49.718,2026-08-08 02:11:14.525335
3835,Malta,MLT,2009,50.005,2026-08-08 02:11:14.525335
3834,Malta,MLT,2010,50.625,2026-08-08 02:11:14.525335
3833,Malta,MLT,2011,51.382,2026-08-08 02:11:14.525335
3832,Malta,MLT,2012,52.657,2026-08-08 02:11:14.525335
3831,Malta,MLT,2013,54.08,2026-08-08 02:11:14.525335
3830,Malta,MLT,2014,55.172,2026-08-08 02:11:14.525335
3829,Malta,MLT,2015,55.634,2026-08-08 02:11:14.525335
3828,Malta,MLT,2016,56.576,2026-08-08 02:11:14.525335
3827,Malta,MLT,2017,57.657,2026-08-08 02:11:14.525335
3826,Malta,MLT,2018,59.255,2026-08-08 02:11:14.525335
3825,Malta,MLT,2019,60.283,2026-08-08 02:11:14.525335
3824,Malta,MLT,2020,61.478,2026-08-08 02:11:14.525335
3823,Malta,MLT,2021,62.413,2026-08-08 02:11:14.525335
3822,Malta,MLT,2022,64.001,2026-08-08 02:11:14.525335
3821,Malta,MLT,2023,64.284,2026-08-08 02:11:14.525335
3820,Malta,MLT,2024,64.164,2026-08-08 02:11:14.525335
3819,Malta,MLT,2025,63.98,2026-08-08 02:11:14.525335
4177,Myanmar,MMR,1990,68.232,2026-08-08 02:11:14.525335
4176,Myanmar,MMR,1991,68.263,2026-08-08 02:11:14.525335
4175,Myanmar,MMR,1992,68.145,2026-08-08 02:11:14.525335
4174,Myanmar,MMR,1993,68.076,2026-08-08 02:11:14.525335
4173,Myanmar,MMR,1994,67.986,2026-08-08 02:11:14.525335
4172,Myanmar,MMR,1995,67.901,2026-08-08 02:11:14.525335
4171,Myanmar,MMR,1996,67.823,2026-08-08 02:11:14.525335
4170,Myanmar,MMR,1997,67.756,2026-08-08 02:11:14.525335
4169,Myanmar,MMR,1998,67.685,2026-08-08 02:11:14.525335
4168,Myanmar,MMR,1999,67.535,2026-08-08 02:11:14.525335
4167,Myanmar,MMR,2000,67.339,2026-08-08 02:11:14.525335
4166,Myanmar,MMR,2001,67.174,2026-08-08 02:11:14.525335
4165,Myanmar,MMR,2002,66.994,2026-08-08 02:11:14.525335
4164,Myanmar,MMR,2003,66.781,2026-08-08 02:11:14.525335
4163,Myanmar,MMR,2004,66.565,2026-08-08 02:11:14.525335
4162,Myanmar,MMR,2005,66.343,2026-08-08 02:11:14.525335
4161,Myanmar,MMR,2006,66.123,2026-08-08 02:11:14.525335
4160,Myanmar,MMR,2007,65.916,2026-08-08 02:11:14.525335
4159,Myanmar,MMR,2008,65.734,2026-08-08 02:11:14.525335
4158,Myanmar,MMR,2009,65.543,2026-08-08 02:11:14.525335
4157,Myanmar,MMR,2010,65.37,2026-08-08 02:11:14.525335
4156,Myanmar,MMR,2011,65.274,2026-08-08 02:11:14.525335
4155,Myanmar,MMR,2012,65.144,2026-08-08 02:11:14.525335
4154,Myanmar,MMR,2013,64.991,2026-08-08 02:11:14.525335
4153,Myanmar,MMR,2014,64.84,2026-08-08 02:11:14.525335
4152,Myanmar,MMR,2015,64.711,2026-08-08 02:11:14.525335
4151,Myanmar,MMR,2016,63.378,2026-08-08 02:11:14.525335
4150,Myanmar,MMR,2017,62.023,2026-08-08 02:11:14.525335
4149,Myanmar,MMR,2018,62.361,2026-08-08 02:11:14.525335
4148,Myanmar,MMR,2019,60.502,2026-08-08 02:11:14.525335
4147,Myanmar,MMR,2020,60.151,2026-08-08 02:11:14.525335
4146,Myanmar,MMR,2021,55.191,2026-08-08 02:11:14.525335
4145,Myanmar,MMR,2022,55.218,2026-08-08 02:11:14.525335
4144,Myanmar,MMR,2023,55.192,2026-08-08 02:11:14.525335
4143,Myanmar,MMR,2024,55.129,2026-08-08 02:11:14.525335
4142,Myanmar,MMR,2025,55.088,2026-08-08 02:11:14.525335
4069,Montenegro,MNE,1990,50.974,2026-08-08 02:11:14.525335
4068,Montenegro,MNE,1991,51.059,2026-08-08 02:11:14.525335
4067,Montenegro,MNE,1992,51.033,2026-08-08 02:11:14.525335
4066,Montenegro,MNE,1993,50.89,2026-08-08 02:11:14.525335
4065,Montenegro,MNE,1994,50.546,2026-08-08 02:11:14.525335
4064,Montenegro,MNE,1995,50.164,2026-08-08 02:11:14.525335
4063,Montenegro,MNE,1996,49.855,2026-08-08 02:11:14.525335
4062,Montenegro,MNE,1997,49.616,2026-08-08 02:11:14.525335
4061,Montenegro,MNE,1998,49.352,2026-08-08 02:11:14.525335
4060,Montenegro,MNE,1999,49.522,2026-08-08 02:11:14.525335
4059,Montenegro,MNE,2000,49.316,2026-08-08 02:11:14.525335
4058,Montenegro,MNE,2001,49.196,2026-08-08 02:11:14.525335
4057,Montenegro,MNE,2002,48.991,2026-08-08 02:11:14.525335
4056,Montenegro,MNE,2003,48.736,2026-08-08 02:11:14.525335
4055,Montenegro,MNE,2004,48.489,2026-08-08 02:11:14.525335
4054,Montenegro,MNE,2005,48.327,2026-08-08 02:11:14.525335
4053,Montenegro,MNE,2006,48.191,2026-08-08 02:11:14.525335
4052,Montenegro,MNE,2007,48.196,2026-08-08 02:11:14.525335
4051,Montenegro,MNE,2008,48.277,2026-08-08 02:11:14.525335
4050,Montenegro,MNE,2009,48.247,2026-08-08 02:11:14.525335
4049,Montenegro,MNE,2010,48.26,2026-08-08 02:11:14.525335
4048,Montenegro,MNE,2011,48.268,2026-08-08 02:11:14.525335
4047,Montenegro,MNE,2012,49.436,2026-08-08 02:11:14.525335
4046,Montenegro,MNE,2013,49.42,2026-08-08 02:11:14.525335
4045,Montenegro,MNE,2014,51.638,2026-08-08 02:11:14.525335
4044,Montenegro,MNE,2015,52.374,2026-08-08 02:11:14.525335
4043,Montenegro,MNE,2016,52.748,2026-08-08 02:11:14.525335
4042,Montenegro,MNE,2017,52.64,2026-08-08 02:11:14.525335
4041,Montenegro,MNE,2018,53.566,2026-08-08 02:11:14.525335
4040,Montenegro,MNE,2019,54.558,2026-08-08 02:11:14.525335
4039,Montenegro,MNE,2020,50.373,2026-08-08 02:11:14.525335
4038,Montenegro,MNE,2021,48.102,2026-08-08 02:11:14.525335
4037,Montenegro,MNE,2022,55.484,2026-08-08 02:11:14.525335
4036,Montenegro,MNE,2023,58.564,2026-08-08 02:11:14.525335
4035,Montenegro,MNE,2024,58.234,2026-08-08 02:11:14.525335
4034,Montenegro,MNE,2025,57.966,2026-08-08 02:11:14.525335
4033,Mongolia,MNG,1990,57.197,2026-08-08 02:11:14.525335
4032,Mongolia,MNG,1991,57.832,2026-08-08 02:11:14.525335
4031,Mongolia,MNG,1992,58.398,2026-08-08 02:11:14.525335
4030,Mongolia,MNG,1993,58.697,2026-08-08 02:11:14.525335
4029,Mongolia,MNG,1994,58.824,2026-08-08 02:11:14.525335
4028,Mongolia,MNG,1995,58.811,2026-08-08 02:11:14.525335
4027,Mongolia,MNG,1996,58.967,2026-08-08 02:11:14.525335
4026,Mongolia,MNG,1997,59.067,2026-08-08 02:11:14.525335
4025,Mongolia,MNG,1998,59.193,2026-08-08 02:11:14.525335
4024,Mongolia,MNG,1999,59.327,2026-08-08 02:11:14.525335
4023,Mongolia,MNG,2000,59.506,2026-08-08 02:11:14.525335
4022,Mongolia,MNG,2001,59.592,2026-08-08 02:11:14.525335
4021,Mongolia,MNG,2002,59.6,2026-08-08 02:11:14.525335
4020,Mongolia,MNG,2003,59.521,2026-08-08 02:11:14.525335
4019,Mongolia,MNG,2004,59.336,2026-08-08 02:11:14.525335
4018,Mongolia,MNG,2005,59.261,2026-08-08 02:11:14.525335
4017,Mongolia,MNG,2006,59.188,2026-08-08 02:11:14.525335
4016,Mongolia,MNG,2007,59.133,2026-08-08 02:11:14.525335
4015,Mongolia,MNG,2008,58.454,2026-08-08 02:11:14.525335
4014,Mongolia,MNG,2009,58.679,2026-08-08 02:11:14.525335
4013,Mongolia,MNG,2010,58.808,2026-08-08 02:11:14.525335
4012,Mongolia,MNG,2011,59.805,2026-08-08 02:11:14.525335
4011,Mongolia,MNG,2012,59.654,2026-08-08 02:11:14.525335
4010,Mongolia,MNG,2013,59.497,2026-08-08 02:11:14.525335
4009,Mongolia,MNG,2014,59.643,2026-08-08 02:11:14.525335
4008,Mongolia,MNG,2015,59.674,2026-08-08 02:11:14.525335
4007,Mongolia,MNG,2016,58.397,2026-08-08 02:11:14.525335
4006,Mongolia,MNG,2017,59.138,2026-08-08 02:11:14.525335
4005,Mongolia,MNG,2018,59.746,2026-08-08 02:11:14.525335
4004,Mongolia,MNG,2019,65.598,2026-08-08 02:11:14.525335
4003,Mongolia,MNG,2020,63.432,2026-08-08 02:11:14.525335
4002,Mongolia,MNG,2021,61.199,2026-08-08 02:11:14.525335
4001,Mongolia,MNG,2022,62.614,2026-08-08 02:11:14.525335
4000,Mongolia,MNG,2023,60.833,2026-08-08 02:11:14.525335
3999,Mongolia,MNG,2024,60.312,2026-08-08 02:11:14.525335
3998,Mongolia,MNG,2025,59.689,2026-08-08 02:11:14.525335
4141,Mozambique,MOZ,1990,84.079,2026-08-08 02:11:14.525335
4140,Mozambique,MOZ,1991,84.069,2026-08-08 02:11:14.525335
4139,Mozambique,MOZ,1992,84.059,2026-08-08 02:11:14.525335
4138,Mozambique,MOZ,1993,84.04,2026-08-08 02:11:14.525335
4137,Mozambique,MOZ,1994,84.01,2026-08-08 02:11:14.525335
4136,Mozambique,MOZ,1995,83.976,2026-08-08 02:11:14.525335
4135,Mozambique,MOZ,1996,83.947,2026-08-08 02:11:14.525335
4134,Mozambique,MOZ,1997,83.94,2026-08-08 02:11:14.525335
4133,Mozambique,MOZ,1998,84.305,2026-08-08 02:11:14.525335
4132,Mozambique,MOZ,1999,84.663,2026-08-08 02:11:14.525335
4131,Mozambique,MOZ,2000,85.015,2026-08-08 02:11:14.525335
4130,Mozambique,MOZ,2001,85.36,2026-08-08 02:11:14.525335
4129,Mozambique,MOZ,2002,85.698,2026-08-08 02:11:14.525335
4128,Mozambique,MOZ,2003,86.03,2026-08-08 02:11:14.525335
4127,Mozambique,MOZ,2004,85.532,2026-08-08 02:11:14.525335
4126,Mozambique,MOZ,2005,85.02,2026-08-08 02:11:14.525335
4125,Mozambique,MOZ,2006,84.493,2026-08-08 02:11:14.525335
4124,Mozambique,MOZ,2007,83.951,2026-08-08 02:11:14.525335
4123,Mozambique,MOZ,2008,83.393,2026-08-08 02:11:14.525335
4122,Mozambique,MOZ,2009,82.821,2026-08-08 02:11:14.525335
4121,Mozambique,MOZ,2010,82.232,2026-08-08 02:11:14.525335
4120,Mozambique,MOZ,2011,81.628,2026-08-08 02:11:14.525335
4119,Mozambique,MOZ,2012,81.008,2026-08-08 02:11:14.525335
4118,Mozambique,MOZ,2013,80.373,2026-08-08 02:11:14.525335
4117,Mozambique,MOZ,2014,79.721,2026-08-08 02:11:14.525335
4116,Mozambique,MOZ,2015,79.053,2026-08-08 02:11:14.525335
4115,Mozambique,MOZ,2016,79.019,2026-08-08 02:11:14.525335
4114,Mozambique,MOZ,2017,78.983,2026-08-08 02:11:14.525335
4113,Mozambique,MOZ,2018,78.949,2026-08-08 02:11:14.525335
4112,Mozambique,MOZ,2019,78.917,2026-08-08 02:11:14.525335
4111,Mozambique,MOZ,2020,78.149,2026-08-08 02:11:14.525335
4110,Mozambique,MOZ,2021,78.074,2026-08-08 02:11:14.525335
4109,Mozambique,MOZ,2022,78.817,2026-08-08 02:11:14.525335
4108,Mozambique,MOZ,2023,78.811,2026-08-08 02:11:14.525335
4107,Mozambique,MOZ,2024,78.783,2026-08-08 02:11:14.525335
4106,Mozambique,MOZ,2025,78.709,2026-08-08 02:11:14.525335
3889,Mauritania,MRT,1990,46.48,2026-08-08 02:11:14.525335
3888,Mauritania,MRT,1991,46.432,2026-08-08 02:11:14.525335
3887,Mauritania,MRT,1992,46.384,2026-08-08 02:11:14.525335
3886,Mauritania,MRT,1993,46.336,2026-08-08 02:11:14.525335
3885,Mauritania,MRT,1994,46.288,2026-08-08 02:11:14.525335
3884,Mauritania,MRT,1995,46.24,2026-08-08 02:11:14.525335
3883,Mauritania,MRT,1996,46.192,2026-08-08 02:11:14.525335
3882,Mauritania,MRT,1997,46.144,2026-08-08 02:11:14.525335
3881,Mauritania,MRT,1998,46.096,2026-08-08 02:11:14.525335
3880,Mauritania,MRT,1999,46.048,2026-08-08 02:11:14.525335
5,Mauritania,MRT,2000,46.0,2026-08-08 02:11:14.525335
3879,Mauritania,MRT,2001,45.795,2026-08-08 02:11:14.525335
3878,Mauritania,MRT,2002,45.59,2026-08-08 02:11:14.525335
3877,Mauritania,MRT,2003,45.386,2026-08-08 02:11:14.525335
3876,Mauritania,MRT,2004,45.181,2026-08-08 02:11:14.525335
3875,Mauritania,MRT,2005,44.977,2026-08-08 02:11:14.525335
3874,Mauritania,MRT,2006,44.772,2026-08-08 02:11:14.525335
3873,Mauritania,MRT,2007,44.568,2026-08-08 02:11:14.525335
3872,Mauritania,MRT,2008,44.365,2026-08-08 02:11:14.525335
3871,Mauritania,MRT,2009,44.161,2026-08-08 02:11:14.525335
3870,Mauritania,MRT,2010,43.957,2026-08-08 02:11:14.525335
3869,Mauritania,MRT,2011,43.754,2026-08-08 02:11:14.525335
3868,Mauritania,MRT,2012,43.551,2026-08-08 02:11:14.525335
3867,Mauritania,MRT,2013,43.058,2026-08-08 02:11:14.525335
3866,Mauritania,MRT,2014,42.567,2026-08-08 02:11:14.525335
3865,Mauritania,MRT,2015,42.077,2026-08-08 02:11:14.525335
3864,Mauritania,MRT,2016,41.589,2026-08-08 02:11:14.525335
3863,Mauritania,MRT,2017,41.102,2026-08-08 02:11:14.525335
3862,Mauritania,MRT,2018,41.079,2026-08-08 02:11:14.525335
3861,Mauritania,MRT,2019,41.045,2026-08-08 02:11:14.525335
3860,Mauritania,MRT,2020,40.548,2026-08-08 02:11:14.525335
3859,Mauritania,MRT,2021,40.703,2026-08-08 02:11:14.525335
3858,Mauritania,MRT,2022,40.939,2026-08-08 02:11:14.525335
3857,Mauritania,MRT,2023,40.926,2026-08-08 02:11:14.525335
3856,Mauritania,MRT,2024,40.896,2026-08-08 02:11:14.525335
3855,Mauritania,MRT,2025,40.772,2026-08-08 02:11:14.525335
3925,Mauritius,MUS,1990,60.191,2026-08-08 02:11:14.525335
3924,Mauritius,MUS,1991,60.132,2026-08-08 02:11:14.525335
3923,Mauritius,MUS,1992,60.053,2026-08-08 02:11:14.525335
3922,Mauritius,MUS,1993,59.968,2026-08-08 02:11:14.525335
3921,Mauritius,MUS,1994,59.868,2026-08-08 02:11:14.525335
3920,Mauritius,MUS,1995,59.753,2026-08-08 02:11:14.525335
3919,Mauritius,MUS,1996,59.586,2026-08-08 02:11:14.525335
3918,Mauritius,MUS,1997,59.424,2026-08-08 02:11:14.525335
3917,Mauritius,MUS,1998,59.248,2026-08-08 02:11:14.525335
3916,Mauritius,MUS,1999,59.049,2026-08-08 02:11:14.525335
3915,Mauritius,MUS,2000,58.842,2026-08-08 02:11:14.525335
3914,Mauritius,MUS,2001,57.566,2026-08-08 02:11:14.525335
3913,Mauritius,MUS,2002,58.257,2026-08-08 02:11:14.525335
3912,Mauritius,MUS,2003,60.519,2026-08-08 02:11:14.525335
3911,Mauritius,MUS,2004,58.85,2026-08-08 02:11:14.525335
3910,Mauritius,MUS,2005,59.266,2026-08-08 02:11:14.525335
3909,Mauritius,MUS,2006,59.024,2026-08-08 02:11:14.525335
3908,Mauritius,MUS,2007,58.208,2026-08-08 02:11:14.525335
3907,Mauritius,MUS,2008,58.305,2026-08-08 02:11:14.525335
3906,Mauritius,MUS,2009,58.433,2026-08-08 02:11:14.525335
3905,Mauritius,MUS,2010,59.203,2026-08-08 02:11:14.525335
3904,Mauritius,MUS,2011,58.426,2026-08-08 02:11:14.525335
3903,Mauritius,MUS,2012,58.69,2026-08-08 02:11:14.525335
3902,Mauritius,MUS,2013,59.708,2026-08-08 02:11:14.525335
3901,Mauritius,MUS,2014,59.973,2026-08-08 02:11:14.525335
3900,Mauritius,MUS,2015,60.342,2026-08-08 02:11:14.525335
3899,Mauritius,MUS,2016,59.658,2026-08-08 02:11:14.525335
3898,Mauritius,MUS,2017,59.887,2026-08-08 02:11:14.525335
3897,Mauritius,MUS,2018,59.274,2026-08-08 02:11:14.525335
3896,Mauritius,MUS,2019,59.747,2026-08-08 02:11:14.525335
3895,Mauritius,MUS,2020,55.714,2026-08-08 02:11:14.525335
3894,Mauritius,MUS,2021,52.584,2026-08-08 02:11:14.525335
3893,Mauritius,MUS,2022,55.559,2026-08-08 02:11:14.525335
3892,Mauritius,MUS,2023,58.996,2026-08-08 02:11:14.525335
3891,Mauritius,MUS,2024,58.664,2026-08-08 02:11:14.525335
3890,Mauritius,MUS,2025,58.548,2026-08-08 02:11:14.525335
3710,Malawi,MWI,1990,80.652,2026-08-08 02:11:14.525335
3709,Malawi,MWI,1991,80.702,2026-08-08 02:11:14.525335
3708,Malawi,MWI,1992,80.75,2026-08-08 02:11:14.525335
3707,Malawi,MWI,1993,80.79,2026-08-08 02:11:14.525335
3706,Malawi,MWI,1994,80.82,2026-08-08 02:11:14.525335
3705,Malawi,MWI,1995,80.837,2026-08-08 02:11:14.525335
3704,Malawi,MWI,1996,80.843,2026-08-08 02:11:14.525335
3703,Malawi,MWI,1997,80.846,2026-08-08 02:11:14.525335
3702,Malawi,MWI,1998,80.857,2026-08-08 02:11:14.525335
3701,Malawi,MWI,1999,80.858,2026-08-08 02:11:14.525335
3700,Malawi,MWI,2000,80.843,2026-08-08 02:11:14.525335
3699,Malawi,MWI,2001,80.832,2026-08-08 02:11:14.525335
3698,Malawi,MWI,2002,80.824,2026-08-08 02:11:14.525335
3697,Malawi,MWI,2003,80.815,2026-08-08 02:11:14.525335
3696,Malawi,MWI,2004,80.809,2026-08-08 02:11:14.525335
3695,Malawi,MWI,2005,80.81,2026-08-08 02:11:14.525335
3694,Malawi,MWI,2006,79.691,2026-08-08 02:11:14.525335
3693,Malawi,MWI,2007,78.524,2026-08-08 02:11:14.525335
3692,Malawi,MWI,2008,77.309,2026-08-08 02:11:14.525335
3691,Malawi,MWI,2009,76.046,2026-08-08 02:11:14.525335
3690,Malawi,MWI,2010,74.737,2026-08-08 02:11:14.525335
3689,Malawi,MWI,2011,73.38,2026-08-08 02:11:14.525335
3688,Malawi,MWI,2012,71.85,2026-08-08 02:11:14.525335
3687,Malawi,MWI,2013,70.268,2026-08-08 02:11:14.525335
3686,Malawi,MWI,2014,68.636,2026-08-08 02:11:14.525335
3685,Malawi,MWI,2015,66.956,2026-08-08 02:11:14.525335
3684,Malawi,MWI,2016,65.232,2026-08-08 02:11:14.525335
3683,Malawi,MWI,2017,63.467,2026-08-08 02:11:14.525335
3682,Malawi,MWI,2018,63.373,2026-08-08 02:11:14.525335
3681,Malawi,MWI,2019,63.271,2026-08-08 02:11:14.525335
3680,Malawi,MWI,2020,68.264,2026-08-08 02:11:14.525335
3679,Malawi,MWI,2021,62.931,2026-08-08 02:11:14.525335
3678,Malawi,MWI,2022,63.07,2026-08-08 02:11:14.525335
3677,Malawi,MWI,2023,62.998,2026-08-08 02:11:14.525335
3676,Malawi,MWI,2024,62.926,2026-08-08 02:11:14.525335
3675,Malawi,MWI,2025,62.577,2026-08-08 02:11:14.525335
3746,Malaysia,MYS,1990,56.284,2026-08-08 02:11:14.525335
3745,Malaysia,MYS,1991,56.317,2026-08-08 02:11:14.525335
3744,Malaysia,MYS,1992,56.68,2026-08-08 02:11:14.525335
3743,Malaysia,MYS,1993,57.043,2026-08-08 02:11:14.525335
3742,Malaysia,MYS,1994,57.404,2026-08-08 02:11:14.525335
3741,Malaysia,MYS,1995,57.773,2026-08-08 02:11:14.525335
3740,Malaysia,MYS,1996,58.15,2026-08-08 02:11:14.525335
3739,Malaysia,MYS,1997,58.529,2026-08-08 02:11:14.525335
3738,Malaysia,MYS,1998,58.903,2026-08-08 02:11:14.525335
3737,Malaysia,MYS,1999,59.262,2026-08-08 02:11:14.525335
3736,Malaysia,MYS,2000,59.544,2026-08-08 02:11:14.525335
3735,Malaysia,MYS,2001,59.721,2026-08-08 02:11:14.525335
3734,Malaysia,MYS,2002,59.851,2026-08-08 02:11:14.525335
3733,Malaysia,MYS,2003,59.979,2026-08-08 02:11:14.525335
3732,Malaysia,MYS,2004,60.114,2026-08-08 02:11:14.525335
3731,Malaysia,MYS,2005,60.267,2026-08-08 02:11:14.525335
3730,Malaysia,MYS,2006,60.455,2026-08-08 02:11:14.525335
3729,Malaysia,MYS,2007,60.685,2026-08-08 02:11:14.525335
3728,Malaysia,MYS,2008,60.958,2026-08-08 02:11:14.525335
3727,Malaysia,MYS,2009,61.267,2026-08-08 02:11:14.525335
3726,Malaysia,MYS,2010,61.602,2026-08-08 02:11:14.525335
3725,Malaysia,MYS,2011,61.937,2026-08-08 02:11:14.525335
3724,Malaysia,MYS,2012,62.952,2026-08-08 02:11:14.525335
3723,Malaysia,MYS,2013,63.964,2026-08-08 02:11:14.525335
3722,Malaysia,MYS,2014,64.962,2026-08-08 02:11:14.525335
3721,Malaysia,MYS,2015,65.185,2026-08-08 02:11:14.525335
3720,Malaysia,MYS,2016,65.09,2026-08-08 02:11:14.525335
3719,Malaysia,MYS,2017,65.202,2026-08-08 02:11:14.525335
3718,Malaysia,MYS,2018,65.574,2026-08-08 02:11:14.525335
3717,Malaysia,MYS,2019,65.871,2026-08-08 02:11:14.525335
3716,Malaysia,MYS,2020,65.473,2026-08-08 02:11:14.525335
3715,Malaysia,MYS,2021,65.619,2026-08-08 02:11:14.525335
3714,Malaysia,MYS,2022,66.223,2026-08-08 02:11:14.525335
3713,Malaysia,MYS,2023,66.178,2026-08-08 02:11:14.525335
3712,Malaysia,MYS,2024,66.107,2026-08-08 02:11:14.525335
3711,Malaysia,MYS,2025,66.12,2026-08-08 02:11:14.525335
4213,Namibia,NAM,1990,55.116,2026-08-08 02:11:14.525335
4212,Namibia,NAM,1991,55.096,2026-08-08 02:11:14.525335
4211,Namibia,NAM,1992,55.092,2026-08-08 02:11:14.525335
4210,Namibia,NAM,1993,55.087,2026-08-08 02:11:14.525335
4209,Namibia,NAM,1994,55.08,2026-08-08 02:11:14.525335
4208,Namibia,NAM,1995,54.554,2026-08-08 02:11:14.525335
4207,Namibia,NAM,1996,54.028,2026-08-08 02:11:14.525335
4206,Namibia,NAM,1997,53.5,2026-08-08 02:11:14.525335
4205,Namibia,NAM,1998,53.71,2026-08-08 02:11:14.525335
4204,Namibia,NAM,1999,53.92,2026-08-08 02:11:14.525335
4203,Namibia,NAM,2000,54.13,2026-08-08 02:11:14.525335
4202,Namibia,NAM,2001,54.416,2026-08-08 02:11:14.525335
4201,Namibia,NAM,2002,54.701,2026-08-08 02:11:14.525335
4200,Namibia,NAM,2003,54.986,2026-08-08 02:11:14.525335
4199,Namibia,NAM,2004,55.27,2026-08-08 02:11:14.525335
4198,Namibia,NAM,2005,55.555,2026-08-08 02:11:14.525335
4197,Namibia,NAM,2006,55.839,2026-08-08 02:11:14.525335
4196,Namibia,NAM,2007,56.122,2026-08-08 02:11:14.525335
4195,Namibia,NAM,2008,56.405,2026-08-08 02:11:14.525335
4194,Namibia,NAM,2009,56.688,2026-08-08 02:11:14.525335
4193,Namibia,NAM,2010,56.97,2026-08-08 02:11:14.525335
4192,Namibia,NAM,2011,57.252,2026-08-08 02:11:14.525335
4191,Namibia,NAM,2012,57.533,2026-08-08 02:11:14.525335
4190,Namibia,NAM,2013,61.701,2026-08-08 02:11:14.525335
4189,Namibia,NAM,2014,60.825,2026-08-08 02:11:14.525335
4188,Namibia,NAM,2015,60.639,2026-08-08 02:11:14.525335
4187,Namibia,NAM,2016,60.453,2026-08-08 02:11:14.525335
4186,Namibia,NAM,2017,59.668,2026-08-08 02:11:14.525335
4185,Namibia,NAM,2018,58.879,2026-08-08 02:11:14.525335
4184,Namibia,NAM,2019,58.923,2026-08-08 02:11:14.525335
4183,Namibia,NAM,2020,55.981,2026-08-08 02:11:14.525335
4182,Namibia,NAM,2021,56.482,2026-08-08 02:11:14.525335
4181,Namibia,NAM,2022,58.908,2026-08-08 02:11:14.525335
4180,Namibia,NAM,2023,58.898,2026-08-08 02:11:14.525335
4179,Namibia,NAM,2024,58.871,2026-08-08 02:11:14.525335
4178,Namibia,NAM,2025,58.838,2026-08-08 02:11:14.525335
4321,New Caledonia,NCL,1990,64.654,2026-08-08 02:11:14.525335
4320,New Caledonia,NCL,1991,64.797,2026-08-08 02:11:14.525335
4319,New Caledonia,NCL,1992,64.895,2026-08-08 02:11:14.525335
4318,New Caledonia,NCL,1993,65.0,2026-08-08 02:11:14.525335
4317,New Caledonia,NCL,1994,65.137,2026-08-08 02:11:14.525335
4316,New Caledonia,NCL,1995,65.342,2026-08-08 02:11:14.525335
4315,New Caledonia,NCL,1996,65.435,2026-08-08 02:11:14.525335
4314,New Caledonia,NCL,1997,65.514,2026-08-08 02:11:14.525335
4313,New Caledonia,NCL,1998,65.416,2026-08-08 02:11:14.525335
4312,New Caledonia,NCL,1999,65.383,2026-08-08 02:11:14.525335
4311,New Caledonia,NCL,2000,65.351,2026-08-08 02:11:14.525335
4310,New Caledonia,NCL,2001,65.248,2026-08-08 02:11:14.525335
4309,New Caledonia,NCL,2002,65.126,2026-08-08 02:11:14.525335
4308,New Caledonia,NCL,2003,64.996,2026-08-08 02:11:14.525335
4307,New Caledonia,NCL,2004,64.853,2026-08-08 02:11:14.525335
4306,New Caledonia,NCL,2005,64.704,2026-08-08 02:11:14.525335
4305,New Caledonia,NCL,2006,64.631,2026-08-08 02:11:14.525335
4304,New Caledonia,NCL,2007,64.588,2026-08-08 02:11:14.525335
4303,New Caledonia,NCL,2008,64.467,2026-08-08 02:11:14.525335
4302,New Caledonia,NCL,2009,64.342,2026-08-08 02:11:14.525335
4301,New Caledonia,NCL,2010,64.327,2026-08-08 02:11:14.525335
4300,New Caledonia,NCL,2011,64.271,2026-08-08 02:11:14.525335
4299,New Caledonia,NCL,2012,64.171,2026-08-08 02:11:14.525335
4298,New Caledonia,NCL,2013,64.064,2026-08-08 02:11:14.525335
4297,New Caledonia,NCL,2014,63.898,2026-08-08 02:11:14.525335
4296,New Caledonia,NCL,2015,62.693,2026-08-08 02:11:14.525335
4295,New Caledonia,NCL,2016,61.452,2026-08-08 02:11:14.525335
4294,New Caledonia,NCL,2017,60.205,2026-08-08 02:11:14.525335
4293,New Caledonia,NCL,2018,58.939,2026-08-08 02:11:14.525335
4292,New Caledonia,NCL,2019,57.647,2026-08-08 02:11:14.525335
4291,New Caledonia,NCL,2020,57.677,2026-08-08 02:11:14.525335
4290,New Caledonia,NCL,2021,57.367,2026-08-08 02:11:14.525335
4289,New Caledonia,NCL,2022,57.592,2026-08-08 02:11:14.525335
4288,New Caledonia,NCL,2023,57.247,2026-08-08 02:11:14.525335
4287,New Caledonia,NCL,2024,56.883,2026-08-08 02:11:14.525335
4286,New Caledonia,NCL,2025,56.421,2026-08-08 02:11:14.525335
4429,Niger,NER,1990,78.895,2026-08-08 02:11:14.525335
4428,Niger,NER,1991,78.883,2026-08-08 02:11:14.525335
4427,Niger,NER,1992,78.873,2026-08-08 02:11:14.525335
4426,Niger,NER,1993,78.865,2026-08-08 02:11:14.525335
4425,Niger,NER,1994,78.859,2026-08-08 02:11:14.525335
4424,Niger,NER,1995,78.857,2026-08-08 02:11:14.525335
4423,Niger,NER,1996,78.865,2026-08-08 02:11:14.525335
4422,Niger,NER,1997,78.89,2026-08-08 02:11:14.525335
4421,Niger,NER,1998,78.924,2026-08-08 02:11:14.525335
4420,Niger,NER,1999,78.966,2026-08-08 02:11:14.525335
4419,Niger,NER,2000,79.013,2026-08-08 02:11:14.525335
4418,Niger,NER,2001,79.063,2026-08-08 02:11:14.525335
4417,Niger,NER,2002,79.117,2026-08-08 02:11:14.525335
4416,Niger,NER,2003,79.173,2026-08-08 02:11:14.525335
4415,Niger,NER,2004,79.231,2026-08-08 02:11:14.525335
4414,Niger,NER,2005,79.287,2026-08-08 02:11:14.525335
4413,Niger,NER,2006,79.341,2026-08-08 02:11:14.525335
4412,Niger,NER,2007,79.39,2026-08-08 02:11:14.525335
4411,Niger,NER,2008,79.434,2026-08-08 02:11:14.525335
4410,Niger,NER,2009,79.471,2026-08-08 02:11:14.525335
4409,Niger,NER,2010,79.499,2026-08-08 02:11:14.525335
4408,Niger,NER,2011,79.516,2026-08-08 02:11:14.525335
4407,Niger,NER,2012,77.65,2026-08-08 02:11:14.525335
4406,Niger,NER,2013,75.666,2026-08-08 02:11:14.525335
4405,Niger,NER,2014,73.565,2026-08-08 02:11:14.525335
4404,Niger,NER,2015,73.342,2026-08-08 02:11:14.525335
4403,Niger,NER,2016,73.118,2026-08-08 02:11:14.525335
4402,Niger,NER,2017,72.892,2026-08-08 02:11:14.525335
4401,Niger,NER,2018,72.666,2026-08-08 02:11:14.525335
4400,Niger,NER,2019,72.438,2026-08-08 02:11:14.525335
4399,Niger,NER,2020,74.144,2026-08-08 02:11:14.525335
4398,Niger,NER,2021,76.515,2026-08-08 02:11:14.525335
4397,Niger,NER,2022,79.612,2026-08-08 02:11:14.525335
4396,Niger,NER,2023,79.56,2026-08-08 02:11:14.525335
4395,Niger,NER,2024,79.561,2026-08-08 02:11:14.525335
4394,Niger,NER,2025,79.741,2026-08-08 02:11:14.525335
4465,Nigeria,NGA,1990,81.789,2026-08-08 02:11:14.525335
4464,Nigeria,NGA,1991,82.392,2026-08-08 02:11:14.525335
4463,Nigeria,NGA,1992,83.018,2026-08-08 02:11:14.525335
4462,Nigeria,NGA,1993,83.416,2026-08-08 02:11:14.525335
4461,Nigeria,NGA,1994,83.96,2026-08-08 02:11:14.525335
4460,Nigeria,NGA,1995,84.095,2026-08-08 02:11:14.525335
4459,Nigeria,NGA,1996,83.892,2026-08-08 02:11:14.525335
4458,Nigeria,NGA,1997,83.801,2026-08-08 02:11:14.525335
4457,Nigeria,NGA,1998,83.67,2026-08-08 02:11:14.525335
4456,Nigeria,NGA,1999,83.604,2026-08-08 02:11:14.525335
4455,Nigeria,NGA,2000,83.371,2026-08-08 02:11:14.525335
4454,Nigeria,NGA,2001,83.182,2026-08-08 02:11:14.525335
4453,Nigeria,NGA,2002,82.942,2026-08-08 02:11:14.525335
4452,Nigeria,NGA,2003,82.671,2026-08-08 02:11:14.525335
4451,Nigeria,NGA,2004,82.435,2026-08-08 02:11:14.525335
4450,Nigeria,NGA,2005,82.172,2026-08-08 02:11:14.525335
4449,Nigeria,NGA,2006,81.963,2026-08-08 02:11:14.525335
4448,Nigeria,NGA,2007,81.797,2026-08-08 02:11:14.525335
4447,Nigeria,NGA,2008,81.609,2026-08-08 02:11:14.525335
4446,Nigeria,NGA,2009,81.517,2026-08-08 02:11:14.525335
4445,Nigeria,NGA,2010,81.282,2026-08-08 02:11:14.525335
4444,Nigeria,NGA,2011,81.119,2026-08-08 02:11:14.525335
4443,Nigeria,NGA,2012,81.055,2026-08-08 02:11:14.525335
4442,Nigeria,NGA,2013,80.844,2026-08-08 02:11:14.525335
4441,Nigeria,NGA,2014,80.765,2026-08-08 02:11:14.525335
4440,Nigeria,NGA,2015,80.793,2026-08-08 02:11:14.525335
4439,Nigeria,NGA,2016,80.843,2026-08-08 02:11:14.525335
4438,Nigeria,NGA,2017,80.89,2026-08-08 02:11:14.525335
4437,Nigeria,NGA,2018,80.955,2026-08-08 02:11:14.525335
4436,Nigeria,NGA,2019,81.001,2026-08-08 02:11:14.525335
4435,Nigeria,NGA,2020,79.314,2026-08-08 02:11:14.525335
4434,Nigeria,NGA,2021,80.143,2026-08-08 02:11:14.525335
4433,Nigeria,NGA,2022,81.268,2026-08-08 02:11:14.525335
4432,Nigeria,NGA,2023,82.559,2026-08-08 02:11:14.525335
4431,Nigeria,NGA,2024,82.566,2026-08-08 02:11:14.525335
4430,Nigeria,NGA,2025,82.517,2026-08-08 02:11:14.525335
4393,Nicaragua,NIC,1990,57.984,2026-08-08 02:11:14.525335
4392,Nicaragua,NIC,1991,57.896,2026-08-08 02:11:14.525335
4391,Nicaragua,NIC,1992,57.83,2026-08-08 02:11:14.525335
4390,Nicaragua,NIC,1993,57.739,2026-08-08 02:11:14.525335
4389,Nicaragua,NIC,1994,57.779,2026-08-08 02:11:14.525335
4388,Nicaragua,NIC,1995,57.91,2026-08-08 02:11:14.525335
4387,Nicaragua,NIC,1996,58.45,2026-08-08 02:11:14.525335
4386,Nicaragua,NIC,1997,58.966,2026-08-08 02:11:14.525335
4385,Nicaragua,NIC,1998,59.48,2026-08-08 02:11:14.525335
4384,Nicaragua,NIC,1999,59.832,2026-08-08 02:11:14.525335
4383,Nicaragua,NIC,2000,60.183,2026-08-08 02:11:14.525335
4382,Nicaragua,NIC,2001,60.532,2026-08-08 02:11:14.525335
4381,Nicaragua,NIC,2002,60.881,2026-08-08 02:11:14.525335
4380,Nicaragua,NIC,2003,61.229,2026-08-08 02:11:14.525335
4379,Nicaragua,NIC,2004,61.575,2026-08-08 02:11:14.525335
4378,Nicaragua,NIC,2005,61.921,2026-08-08 02:11:14.525335
4377,Nicaragua,NIC,2006,62.265,2026-08-08 02:11:14.525335
4376,Nicaragua,NIC,2007,62.607,2026-08-08 02:11:14.525335
4375,Nicaragua,NIC,2008,62.949,2026-08-08 02:11:14.525335
4374,Nicaragua,NIC,2009,63.289,2026-08-08 02:11:14.525335
4373,Nicaragua,NIC,2010,63.628,2026-08-08 02:11:14.525335
4372,Nicaragua,NIC,2011,63.966,2026-08-08 02:11:14.525335
4371,Nicaragua,NIC,2012,64.302,2026-08-08 02:11:14.525335
4370,Nicaragua,NIC,2013,64.637,2026-08-08 02:11:14.525335
4369,Nicaragua,NIC,2014,64.971,2026-08-08 02:11:14.525335
4368,Nicaragua,NIC,2015,65.096,2026-08-08 02:11:14.525335
4367,Nicaragua,NIC,2016,65.213,2026-08-08 02:11:14.525335
4366,Nicaragua,NIC,2017,65.333,2026-08-08 02:11:14.525335
4365,Nicaragua,NIC,2018,65.155,2026-08-08 02:11:14.525335
4364,Nicaragua,NIC,2019,64.995,2026-08-08 02:11:14.525335
4363,Nicaragua,NIC,2020,64.363,2026-08-08 02:11:14.525335
4362,Nicaragua,NIC,2021,65.258,2026-08-08 02:11:14.525335
4361,Nicaragua,NIC,2022,65.64,2026-08-08 02:11:14.525335
4360,Nicaragua,NIC,2023,65.891,2026-08-08 02:11:14.525335
4359,Nicaragua,NIC,2024,66.033,2026-08-08 02:11:14.525335
4358,Nicaragua,NIC,2025,66.074,2026-08-08 02:11:14.525335
4285,Netherlands,NLD,1990,66.34,2026-08-08 02:11:14.525335
4284,Netherlands,NLD,1991,66.552,2026-08-08 02:11:14.525335
4283,Netherlands,NLD,1992,66.736,2026-08-08 02:11:14.525335
4282,Netherlands,NLD,1993,66.802,2026-08-08 02:11:14.525335
4281,Netherlands,NLD,1994,66.821,2026-08-08 02:11:14.525335
4280,Netherlands,NLD,1995,66.815,2026-08-08 02:11:14.525335
4279,Netherlands,NLD,1996,66.945,2026-08-08 02:11:14.525335
4278,Netherlands,NLD,1997,67.108,2026-08-08 02:11:14.525335
4277,Netherlands,NLD,1998,67.292,2026-08-08 02:11:14.525335
4276,Netherlands,NLD,1999,67.537,2026-08-08 02:11:14.525335
4275,Netherlands,NLD,2000,67.804,2026-08-08 02:11:14.525335
4274,Netherlands,NLD,2001,67.949,2026-08-08 02:11:14.525335
4273,Netherlands,NLD,2002,67.872,2026-08-08 02:11:14.525335
4272,Netherlands,NLD,2003,67.67,2026-08-08 02:11:14.525335
4271,Netherlands,NLD,2004,67.423,2026-08-08 02:11:14.525335
4270,Netherlands,NLD,2005,67.204,2026-08-08 02:11:14.525335
4269,Netherlands,NLD,2006,67.165,2026-08-08 02:11:14.525335
4268,Netherlands,NLD,2007,67.168,2026-08-08 02:11:14.525335
4267,Netherlands,NLD,2008,67.152,2026-08-08 02:11:14.525335
4266,Netherlands,NLD,2009,66.818,2026-08-08 02:11:14.525335
4265,Netherlands,NLD,2010,66.501,2026-08-08 02:11:14.525335
4264,Netherlands,NLD,2011,66.385,2026-08-08 02:11:14.525335
4263,Netherlands,NLD,2012,66.779,2026-08-08 02:11:14.525335
4262,Netherlands,NLD,2013,66.735,2026-08-08 02:11:14.525335
4261,Netherlands,NLD,2014,66.158,2026-08-08 02:11:14.525335
4260,Netherlands,NLD,2015,66.465,2026-08-08 02:11:14.525335
4259,Netherlands,NLD,2016,66.281,2026-08-08 02:11:14.525335
4258,Netherlands,NLD,2017,66.126,2026-08-08 02:11:14.525335
4257,Netherlands,NLD,2018,66.382,2026-08-08 02:11:14.525335
4256,Netherlands,NLD,2019,66.707,2026-08-08 02:11:14.525335
4255,Netherlands,NLD,2020,66.544,2026-08-08 02:11:14.525335
4254,Netherlands,NLD,2021,66.534,2026-08-08 02:11:14.525335
4253,Netherlands,NLD,2022,67.229,2026-08-08 02:11:14.525335
4252,Netherlands,NLD,2023,67.721,2026-08-08 02:11:14.525335
4251,Netherlands,NLD,2024,67.462,2026-08-08 02:11:14.525335
4250,Netherlands,NLD,2025,67.248,2026-08-08 02:11:14.525335
4537,Norway,NOR,1990,61.551,2026-08-08 02:11:14.525335
4536,Norway,NOR,1991,61.899,2026-08-08 02:11:14.525335
4535,Norway,NOR,1992,62.321,2026-08-08 02:11:14.525335
4534,Norway,NOR,1993,62.8,2026-08-08 02:11:14.525335
4533,Norway,NOR,1994,63.357,2026-08-08 02:11:14.525335
4532,Norway,NOR,1995,63.947,2026-08-08 02:11:14.525335
4531,Norway,NOR,1996,64.628,2026-08-08 02:11:14.525335
4530,Norway,NOR,1997,65.346,2026-08-08 02:11:14.525335
4529,Norway,NOR,1998,65.954,2026-08-08 02:11:14.525335
4528,Norway,NOR,1999,66.393,2026-08-08 02:11:14.525335
4527,Norway,NOR,2000,66.785,2026-08-08 02:11:14.525335
4526,Norway,NOR,2001,67.097,2026-08-08 02:11:14.525335
4525,Norway,NOR,2002,67.301,2026-08-08 02:11:14.525335
4524,Norway,NOR,2003,67.388,2026-08-08 02:11:14.525335
4523,Norway,NOR,2004,67.634,2026-08-08 02:11:14.525335
4522,Norway,NOR,2005,67.907,2026-08-08 02:11:14.525335
4521,Norway,NOR,2006,68.171,2026-08-08 02:11:14.525335
4520,Norway,NOR,2007,68.42,2026-08-08 02:11:14.525335
4519,Norway,NOR,2008,68.425,2026-08-08 02:11:14.525335
4518,Norway,NOR,2009,68.023,2026-08-08 02:11:14.525335
4517,Norway,NOR,2010,67.331,2026-08-08 02:11:14.525335
4516,Norway,NOR,2011,67.142,2026-08-08 02:11:14.525335
4515,Norway,NOR,2012,67.075,2026-08-08 02:11:14.525335
4514,Norway,NOR,2013,66.944,2026-08-08 02:11:14.525335
4513,Norway,NOR,2014,66.557,2026-08-08 02:11:14.525335
4512,Norway,NOR,2015,66.562,2026-08-08 02:11:14.525335
4511,Norway,NOR,2016,66.201,2026-08-08 02:11:14.525335
4510,Norway,NOR,2017,65.659,2026-08-08 02:11:14.525335
4509,Norway,NOR,2018,65.909,2026-08-08 02:11:14.525335
4508,Norway,NOR,2019,65.934,2026-08-08 02:11:14.525335
4507,Norway,NOR,2020,65.678,2026-08-08 02:11:14.525335
4506,Norway,NOR,2021,65.68,2026-08-08 02:11:14.525335
4505,Norway,NOR,2022,65.964,2026-08-08 02:11:14.525335
4504,Norway,NOR,2023,65.944,2026-08-08 02:11:14.525335
4503,Norway,NOR,2024,65.834,2026-08-08 02:11:14.525335
4502,Norway,NOR,2025,65.606,2026-08-08 02:11:14.525335
4249,Nepal,NPL,1990,41.553,2026-08-08 02:11:14.525335
4248,Nepal,NPL,1991,41.544,2026-08-08 02:11:14.525335
4247,Nepal,NPL,1992,41.557,2026-08-08 02:11:14.525335
4246,Nepal,NPL,1993,41.557,2026-08-08 02:11:14.525335
4245,Nepal,NPL,1994,41.533,2026-08-08 02:11:14.525335
4244,Nepal,NPL,1995,41.5,2026-08-08 02:11:14.525335
4243,Nepal,NPL,1996,41.46,2026-08-08 02:11:14.525335
4242,Nepal,NPL,1997,41.429,2026-08-08 02:11:14.525335
4241,Nepal,NPL,1998,41.405,2026-08-08 02:11:14.525335
4240,Nepal,NPL,1999,41.385,2026-08-08 02:11:14.525335
4239,Nepal,NPL,2000,41.364,2026-08-08 02:11:14.525335
4238,Nepal,NPL,2001,41.347,2026-08-08 02:11:14.525335
4237,Nepal,NPL,2002,41.328,2026-08-08 02:11:14.525335
4236,Nepal,NPL,2003,41.307,2026-08-08 02:11:14.525335
4235,Nepal,NPL,2004,41.287,2026-08-08 02:11:14.525335
4234,Nepal,NPL,2005,41.244,2026-08-08 02:11:14.525335
4233,Nepal,NPL,2006,41.172,2026-08-08 02:11:14.525335
4232,Nepal,NPL,2007,41.089,2026-08-08 02:11:14.525335
4231,Nepal,NPL,2008,41.014,2026-08-08 02:11:14.525335
4230,Nepal,NPL,2009,40.953,2026-08-08 02:11:14.525335
4229,Nepal,NPL,2010,40.908,2026-08-08 02:11:14.525335
4228,Nepal,NPL,2011,40.835,2026-08-08 02:11:14.525335
4227,Nepal,NPL,2012,40.697,2026-08-08 02:11:14.525335
4226,Nepal,NPL,2013,40.511,2026-08-08 02:11:14.525335
4225,Nepal,NPL,2014,40.339,2026-08-08 02:11:14.525335
4224,Nepal,NPL,2015,40.224,2026-08-08 02:11:14.525335
4223,Nepal,NPL,2016,40.096,2026-08-08 02:11:14.525335
4222,Nepal,NPL,2017,39.915,2026-08-08 02:11:14.525335
4221,Nepal,NPL,2018,39.743,2026-08-08 02:11:14.525335
4220,Nepal,NPL,2019,39.765,2026-08-08 02:11:14.525335
4219,Nepal,NPL,2020,39.387,2026-08-08 02:11:14.525335
4218,Nepal,NPL,2021,39.513,2026-08-08 02:11:14.525335
4217,Nepal,NPL,2022,39.428,2026-08-08 02:11:14.525335
4216,Nepal,NPL,2023,39.379,2026-08-08 02:11:14.525335
4215,Nepal,NPL,2024,39.313,2026-08-08 02:11:14.525335
4214,Nepal,NPL,2025,39.244,2026-08-08 02:11:14.525335
4357,New Zealand,NZL,1990,63.49,2026-08-08 02:11:14.525335
4356,New Zealand,NZL,1991,63.425,2026-08-08 02:11:14.525335
4355,New Zealand,NZL,1992,62.942,2026-08-08 02:11:14.525335
4354,New Zealand,NZL,1993,62.867,2026-08-08 02:11:14.525335
4353,New Zealand,NZL,1994,63.68,2026-08-08 02:11:14.525335
4352,New Zealand,NZL,1995,64.312,2026-08-08 02:11:14.525335
4351,New Zealand,NZL,1996,65.154,2026-08-08 02:11:14.525335
4350,New Zealand,NZL,1997,65.005,2026-08-08 02:11:14.525335
4349,New Zealand,NZL,1998,64.576,2026-08-08 02:11:14.525335
4348,New Zealand,NZL,1999,64.657,2026-08-08 02:11:14.525335
4347,New Zealand,NZL,2000,64.765,2026-08-08 02:11:14.525335
4346,New Zealand,NZL,2001,65.34,2026-08-08 02:11:14.525335
4345,New Zealand,NZL,2002,66.044,2026-08-08 02:11:14.525335
4344,New Zealand,NZL,2003,65.83,2026-08-08 02:11:14.525335
4343,New Zealand,NZL,2004,66.43,2026-08-08 02:11:14.525335
4342,New Zealand,NZL,2005,67.194,2026-08-08 02:11:14.525335
4341,New Zealand,NZL,2006,67.742,2026-08-08 02:11:14.525335
4340,New Zealand,NZL,2007,68.01,2026-08-08 02:11:14.525335
4339,New Zealand,NZL,2008,67.968,2026-08-08 02:11:14.525335
4338,New Zealand,NZL,2009,67.746,2026-08-08 02:11:14.525335
4337,New Zealand,NZL,2010,67.541,2026-08-08 02:11:14.525335
4336,New Zealand,NZL,2011,67.902,2026-08-08 02:11:14.525335
4335,New Zealand,NZL,2012,67.641,2026-08-08 02:11:14.525335
4334,New Zealand,NZL,2013,67.406,2026-08-08 02:11:14.525335
4333,New Zealand,NZL,2014,68.309,2026-08-08 02:11:14.525335
4332,New Zealand,NZL,2015,68.399,2026-08-08 02:11:14.525335
4331,New Zealand,NZL,2016,69.546,2026-08-08 02:11:14.525335
4330,New Zealand,NZL,2017,70.48,2026-08-08 02:11:14.525335
4329,New Zealand,NZL,2018,70.506,2026-08-08 02:11:14.525335
4328,New Zealand,NZL,2019,70.174,2026-08-08 02:11:14.525335
4327,New Zealand,NZL,2020,69.863,2026-08-08 02:11:14.525335
4326,New Zealand,NZL,2021,70.396,2026-08-08 02:11:14.525335
4325,New Zealand,NZL,2022,70.929,2026-08-08 02:11:14.525335
4324,New Zealand,NZL,2023,71.503,2026-08-08 02:11:14.525335
4323,New Zealand,NZL,2024,70.553,2026-08-08 02:11:14.525335
4322,New Zealand,NZL,2025,70.352,2026-08-08 02:11:14.525335
4573,Oman,OMN,1990,56.239,2026-08-08 02:11:14.525335
4572,Oman,OMN,1991,57.217,2026-08-08 02:11:14.525335
4571,Oman,OMN,1992,58.022,2026-08-08 02:11:14.525335
4570,Oman,OMN,1993,58.777,2026-08-08 02:11:14.525335
4569,Oman,OMN,1994,58.853,2026-08-08 02:11:14.525335
4568,Oman,OMN,1995,58.245,2026-08-08 02:11:14.525335
4567,Oman,OMN,1996,57.734,2026-08-08 02:11:14.525335
4566,Oman,OMN,1997,57.138,2026-08-08 02:11:14.525335
4565,Oman,OMN,1998,56.854,2026-08-08 02:11:14.525335
4564,Oman,OMN,1999,56.609,2026-08-08 02:11:14.525335
4563,Oman,OMN,2000,56.175,2026-08-08 02:11:14.525335
4562,Oman,OMN,2001,55.885,2026-08-08 02:11:14.525335
4561,Oman,OMN,2002,55.921,2026-08-08 02:11:14.525335
4560,Oman,OMN,2003,56.09,2026-08-08 02:11:14.525335
4559,Oman,OMN,2004,56.239,2026-08-08 02:11:14.525335
4558,Oman,OMN,2005,56.362,2026-08-08 02:11:14.525335
4557,Oman,OMN,2006,56.646,2026-08-08 02:11:14.525335
4556,Oman,OMN,2007,57.124,2026-08-08 02:11:14.525335
4555,Oman,OMN,2008,57.768,2026-08-08 02:11:14.525335
4554,Oman,OMN,2009,58.584,2026-08-08 02:11:14.525335
4553,Oman,OMN,2010,59.642,2026-08-08 02:11:14.525335
4552,Oman,OMN,2011,62.758,2026-08-08 02:11:14.525335
4551,Oman,OMN,2012,66.11,2026-08-08 02:11:14.525335
4550,Oman,OMN,2013,67.8,2026-08-08 02:11:14.525335
4549,Oman,OMN,2014,68.649,2026-08-08 02:11:14.525335
4548,Oman,OMN,2015,69.445,2026-08-08 02:11:14.525335
4547,Oman,OMN,2016,70.289,2026-08-08 02:11:14.525335
4546,Oman,OMN,2017,70.708,2026-08-08 02:11:14.525335
4545,Oman,OMN,2018,70.517,2026-08-08 02:11:14.525335
4544,Oman,OMN,2019,69.778,2026-08-08 02:11:14.525335
4543,Oman,OMN,2020,65.957,2026-08-08 02:11:14.525335
4542,Oman,OMN,2021,65.783,2026-08-08 02:11:14.525335
4541,Oman,OMN,2022,68.251,2026-08-08 02:11:14.525335
4540,Oman,OMN,2023,68.331,2026-08-08 02:11:14.525335
4539,Oman,OMN,2024,68.289,2026-08-08 02:11:14.525335
4538,Oman,OMN,2025,68.377,2026-08-08 02:11:14.525335
4609,Pakistan,PAK,1990,49.35,2026-08-08 02:11:14.525335
4608,Pakistan,PAK,1991,49.68,2026-08-08 02:11:14.525335
4607,Pakistan,PAK,1992,49.68,2026-08-08 02:11:14.525335
4606,Pakistan,PAK,1993,49.2,2026-08-08 02:11:14.525335
4605,Pakistan,PAK,1994,49.15,2026-08-08 02:11:14.525335
4604,Pakistan,PAK,1995,48.36,2026-08-08 02:11:14.525335
4603,Pakistan,PAK,1996,49.24,2026-08-08 02:11:14.525335
4602,Pakistan,PAK,1997,50.12,2026-08-08 02:11:14.525335
4601,Pakistan,PAK,1998,49.95,2026-08-08 02:11:14.525335
4600,Pakistan,PAK,1999,50.18,2026-08-08 02:11:14.525335
4599,Pakistan,PAK,2000,50.41,2026-08-08 02:11:14.525335
4598,Pakistan,PAK,2001,50.43,2026-08-08 02:11:14.525335
4597,Pakistan,PAK,2002,50.45,2026-08-08 02:11:14.525335
4596,Pakistan,PAK,2003,50.59,2026-08-08 02:11:14.525335
4595,Pakistan,PAK,2004,50.73,2026-08-08 02:11:14.525335
4594,Pakistan,PAK,2005,50.381,2026-08-08 02:11:14.525335
4593,Pakistan,PAK,2006,50.032,2026-08-08 02:11:14.525335
4592,Pakistan,PAK,2007,50.045,2026-08-08 02:11:14.525335
4591,Pakistan,PAK,2008,50.084,2026-08-08 02:11:14.525335
4590,Pakistan,PAK,2009,50.535,2026-08-08 02:11:14.525335
4589,Pakistan,PAK,2010,50.997,2026-08-08 02:11:14.525335
4588,Pakistan,PAK,2011,50.775,2026-08-08 02:11:14.525335
4587,Pakistan,PAK,2012,51.113,2026-08-08 02:11:14.525335
4586,Pakistan,PAK,2013,51.451,2026-08-08 02:11:14.525335
4585,Pakistan,PAK,2014,50.997,2026-08-08 02:11:14.525335
4584,Pakistan,PAK,2015,52.026,2026-08-08 02:11:14.525335
4583,Pakistan,PAK,2016,51.682,2026-08-08 02:11:14.525335
4582,Pakistan,PAK,2017,51.338,2026-08-08 02:11:14.525335
4581,Pakistan,PAK,2018,50.994,2026-08-08 02:11:14.525335
4580,Pakistan,PAK,2019,51.597,2026-08-08 02:11:14.525335
4579,Pakistan,PAK,2020,51.587,2026-08-08 02:11:14.525335
4578,Pakistan,PAK,2021,52.73,2026-08-08 02:11:14.525335
4577,Pakistan,PAK,2022,52.406,2026-08-08 02:11:14.525335
4576,Pakistan,PAK,2023,52.372,2026-08-08 02:11:14.525335
4575,Pakistan,PAK,2024,52.308,2026-08-08 02:11:14.525335
4574,Pakistan,PAK,2025,52.335,2026-08-08 02:11:14.525335
4645,Panama,PAN,1990,54.468,2026-08-08 02:11:14.525335
4644,Panama,PAN,1991,57.822,2026-08-08 02:11:14.525335
4643,Panama,PAN,1992,59.004,2026-08-08 02:11:14.525335
4642,Panama,PAN,1993,60.143,2026-08-08 02:11:14.525335
4641,Panama,PAN,1994,60.496,2026-08-08 02:11:14.525335
4640,Panama,PAN,1995,61.307,2026-08-08 02:11:14.525335
4639,Panama,PAN,1996,61.475,2026-08-08 02:11:14.525335
4638,Panama,PAN,1997,61.626,2026-08-08 02:11:14.525335
4637,Panama,PAN,1998,62.849,2026-08-08 02:11:14.525335
4636,Panama,PAN,1999,62.667,2026-08-08 02:11:14.525335
4635,Panama,PAN,2000,62.998,2026-08-08 02:11:14.525335
4634,Panama,PAN,2001,63.323,2026-08-08 02:11:14.525335
4633,Panama,PAN,2002,63.642,2026-08-08 02:11:14.525335
4632,Panama,PAN,2003,63.798,2026-08-08 02:11:14.525335
4631,Panama,PAN,2004,64.389,2026-08-08 02:11:14.525335
4630,Panama,PAN,2005,64.54,2026-08-08 02:11:14.525335
4629,Panama,PAN,2006,63.712,2026-08-08 02:11:14.525335
4628,Panama,PAN,2007,64.085,2026-08-08 02:11:14.525335
4627,Panama,PAN,2008,65.656,2026-08-08 02:11:14.525335
4626,Panama,PAN,2009,63.521,2026-08-08 02:11:14.525335
4625,Panama,PAN,2010,64.878,2026-08-08 02:11:14.525335
4624,Panama,PAN,2011,63.006,2026-08-08 02:11:14.525335
4623,Panama,PAN,2012,64.957,2026-08-08 02:11:14.525335
4622,Panama,PAN,2013,65.744,2026-08-08 02:11:14.525335
4621,Panama,PAN,2014,65.698,2026-08-08 02:11:14.525335
4620,Panama,PAN,2015,65.651,2026-08-08 02:11:14.525335
4619,Panama,PAN,2016,66.186,2026-08-08 02:11:14.525335
4618,Panama,PAN,2017,65.872,2026-08-08 02:11:14.525335
4617,Panama,PAN,2018,67.571,2026-08-08 02:11:14.525335
4616,Panama,PAN,2019,68.51,2026-08-08 02:11:14.525335
4615,Panama,PAN,2020,66.4,2026-08-08 02:11:14.525335
4614,Panama,PAN,2021,62.8,2026-08-08 02:11:14.525335
4613,Panama,PAN,2022,66.316,2026-08-08 02:11:14.525335
4612,Panama,PAN,2023,65.144,2026-08-08 02:11:14.525335
4611,Panama,PAN,2024,66.319,2026-08-08 02:11:14.525335
4610,Panama,PAN,2025,66.304,2026-08-08 02:11:14.525335
4753,Peru,PER,1990,59.115,2026-08-08 02:11:14.525335
4752,Peru,PER,1991,59.122,2026-08-08 02:11:14.525335
4751,Peru,PER,1992,58.9,2026-08-08 02:11:14.525335
4750,Peru,PER,1993,59.844,2026-08-08 02:11:14.525335
4749,Peru,PER,1994,60.78,2026-08-08 02:11:14.525335
4748,Peru,PER,1995,62.92,2026-08-08 02:11:14.525335
4747,Peru,PER,1996,64.317,2026-08-08 02:11:14.525335
4746,Peru,PER,1997,65.69,2026-08-08 02:11:14.525335
4745,Peru,PER,1998,66.85,2026-08-08 02:11:14.525335
4744,Peru,PER,1999,68.16,2026-08-08 02:11:14.525335
4743,Peru,PER,2000,65.78,2026-08-08 02:11:14.525335
4742,Peru,PER,2001,68.79,2026-08-08 02:11:14.525335
4741,Peru,PER,2002,69.906,2026-08-08 02:11:14.525335
4740,Peru,PER,2003,70.999,2026-08-08 02:11:14.525335
4739,Peru,PER,2004,72.069,2026-08-08 02:11:14.525335
4738,Peru,PER,2005,73.114,2026-08-08 02:11:14.525335
4737,Peru,PER,2006,76.14,2026-08-08 02:11:14.525335
4736,Peru,PER,2007,78.228,2026-08-08 02:11:14.525335
4735,Peru,PER,2008,78.223,2026-08-08 02:11:14.525335
4734,Peru,PER,2009,78.577,2026-08-08 02:11:14.525335
4733,Peru,PER,2010,79.241,2026-08-08 02:11:14.525335
4732,Peru,PER,2011,78.652,2026-08-08 02:11:14.525335
4731,Peru,PER,2012,78.459,2026-08-08 02:11:14.525335
4730,Peru,PER,2013,77.863,2026-08-08 02:11:14.525335
4729,Peru,PER,2014,77.065,2026-08-08 02:11:14.525335
4728,Peru,PER,2015,75.903,2026-08-08 02:11:14.525335
4727,Peru,PER,2016,75.377,2026-08-08 02:11:14.525335
4726,Peru,PER,2017,76.996,2026-08-08 02:11:14.525335
4725,Peru,PER,2018,77.179,2026-08-08 02:11:14.525335
4724,Peru,PER,2019,77.362,2026-08-08 02:11:14.525335
4723,Peru,PER,2020,68.924,2026-08-08 02:11:14.525335
4722,Peru,PER,2021,71.93,2026-08-08 02:11:14.525335
4721,Peru,PER,2022,74.473,2026-08-08 02:11:14.525335
4720,Peru,PER,2023,72.686,2026-08-08 02:11:14.525335
4719,Peru,PER,2024,72.808,2026-08-08 02:11:14.525335
4718,Peru,PER,2025,72.856,2026-08-08 02:11:14.525335
4789,Philippines,PHL,1990,61.362,2026-08-08 02:11:14.525335
4788,Philippines,PHL,1991,61.42,2026-08-08 02:11:14.525335
4787,Philippines,PHL,1992,61.46,2026-08-08 02:11:14.525335
4786,Philippines,PHL,1993,61.465,2026-08-08 02:11:14.525335
4785,Philippines,PHL,1994,61.422,2026-08-08 02:11:14.525335
4784,Philippines,PHL,1995,61.374,2026-08-08 02:11:14.525335
4783,Philippines,PHL,1996,61.304,2026-08-08 02:11:14.525335
4782,Philippines,PHL,1997,61.248,2026-08-08 02:11:14.525335
4781,Philippines,PHL,1998,61.311,2026-08-08 02:11:14.525335
4780,Philippines,PHL,1999,61.296,2026-08-08 02:11:14.525335
4779,Philippines,PHL,2000,61.256,2026-08-08 02:11:14.525335
4778,Philippines,PHL,2001,61.24,2026-08-08 02:11:14.525335
4777,Philippines,PHL,2002,61.206,2026-08-08 02:11:14.525335
4776,Philippines,PHL,2003,61.143,2026-08-08 02:11:14.525335
4775,Philippines,PHL,2004,61.524,2026-08-08 02:11:14.525335
4774,Philippines,PHL,2005,61.589,2026-08-08 02:11:14.525335
4773,Philippines,PHL,2006,61.418,2026-08-08 02:11:14.525335
4772,Philippines,PHL,2007,61.259,2026-08-08 02:11:14.525335
4771,Philippines,PHL,2008,61.065,2026-08-08 02:11:14.525335
4770,Philippines,PHL,2009,61.435,2026-08-08 02:11:14.525335
4769,Philippines,PHL,2010,61.434,2026-08-08 02:11:14.525335
4768,Philippines,PHL,2011,62.23,2026-08-08 02:11:14.525335
4767,Philippines,PHL,2012,61.733,2026-08-08 02:11:14.525335
4766,Philippines,PHL,2013,61.446,2026-08-08 02:11:14.525335
4765,Philippines,PHL,2014,62.171,2026-08-08 02:11:14.525335
4764,Philippines,PHL,2015,61.405,2026-08-08 02:11:14.525335
4763,Philippines,PHL,2016,61.59,2026-08-08 02:11:14.525335
4762,Philippines,PHL,2017,59.141,2026-08-08 02:11:14.525335
4761,Philippines,PHL,2018,58.981,2026-08-08 02:11:14.525335
4760,Philippines,PHL,2019,59.444,2026-08-08 02:11:14.525335
4759,Philippines,PHL,2020,54.746,2026-08-08 02:11:14.525335
4758,Philippines,PHL,2021,56.471,2026-08-08 02:11:14.525335
4757,Philippines,PHL,2022,61.439,2026-08-08 02:11:14.525335
4756,Philippines,PHL,2023,61.42,2026-08-08 02:11:14.525335
4755,Philippines,PHL,2024,61.402,2026-08-08 02:11:14.525335
4754,Philippines,PHL,2025,61.35,2026-08-08 02:11:14.525335
4681,Papua New Guinea,PNG,1990,48.603,2026-08-08 02:11:14.525335
4680,Papua New Guinea,PNG,1991,48.478,2026-08-08 02:11:14.525335
4679,Papua New Guinea,PNG,1992,48.278,2026-08-08 02:11:14.525335
4678,Papua New Guinea,PNG,1993,47.995,2026-08-08 02:11:14.525335
4677,Papua New Guinea,PNG,1994,47.948,2026-08-08 02:11:14.525335
4676,Papua New Guinea,PNG,1995,48.1,2026-08-08 02:11:14.525335
4675,Papua New Guinea,PNG,1996,48.016,2026-08-08 02:11:14.525335
4674,Papua New Guinea,PNG,1997,48.179,2026-08-08 02:11:14.525335
4673,Papua New Guinea,PNG,1998,48.337,2026-08-08 02:11:14.525335
4672,Papua New Guinea,PNG,1999,48.371,2026-08-08 02:11:14.525335
4671,Papua New Guinea,PNG,2000,48.498,2026-08-08 02:11:14.525335
4670,Papua New Guinea,PNG,2001,48.572,2026-08-08 02:11:14.525335
4669,Papua New Guinea,PNG,2002,48.645,2026-08-08 02:11:14.525335
4668,Papua New Guinea,PNG,2003,48.669,2026-08-08 02:11:14.525335
4667,Papua New Guinea,PNG,2004,48.682,2026-08-08 02:11:14.525335
4666,Papua New Guinea,PNG,2005,48.621,2026-08-08 02:11:14.525335
4665,Papua New Guinea,PNG,2006,48.578,2026-08-08 02:11:14.525335
4664,Papua New Guinea,PNG,2007,48.486,2026-08-08 02:11:14.525335
4663,Papua New Guinea,PNG,2008,48.557,2026-08-08 02:11:14.525335
4662,Papua New Guinea,PNG,2009,48.483,2026-08-08 02:11:14.525335
4661,Papua New Guinea,PNG,2010,48.343,2026-08-08 02:11:14.525335
4660,Papua New Guinea,PNG,2011,48.739,2026-08-08 02:11:14.525335
4659,Papua New Guinea,PNG,2012,49.059,2026-08-08 02:11:14.525335
4658,Papua New Guinea,PNG,2013,49.394,2026-08-08 02:11:14.525335
4657,Papua New Guinea,PNG,2014,49.529,2026-08-08 02:11:14.525335
4656,Papua New Guinea,PNG,2015,49.798,2026-08-08 02:11:14.525335
4655,Papua New Guinea,PNG,2016,50.088,2026-08-08 02:11:14.525335
4654,Papua New Guinea,PNG,2017,50.418,2026-08-08 02:11:14.525335
4653,Papua New Guinea,PNG,2018,50.833,2026-08-08 02:11:14.525335
4652,Papua New Guinea,PNG,2019,51.138,2026-08-08 02:11:14.525335
4651,Papua New Guinea,PNG,2020,51.004,2026-08-08 02:11:14.525335
4650,Papua New Guinea,PNG,2021,51.672,2026-08-08 02:11:14.525335
4649,Papua New Guinea,PNG,2022,51.989,2026-08-08 02:11:14.525335
4648,Papua New Guinea,PNG,2023,51.962,2026-08-08 02:11:14.525335
4647,Papua New Guinea,PNG,2024,51.96,2026-08-08 02:11:14.525335
4646,Papua New Guinea,PNG,2025,52.07,2026-08-08 02:11:14.525335
4825,Poland,POL,1990,61.138,2026-08-08 02:11:14.525335
4824,Poland,POL,1991,61.342,2026-08-08 02:11:14.525335
4823,Poland,POL,1992,61.045,2026-08-08 02:11:14.525335
4822,Poland,POL,1993,60.424,2026-08-08 02:11:14.525335
4821,Poland,POL,1994,59.749,2026-08-08 02:11:14.525335
4820,Poland,POL,1995,58.69,2026-08-08 02:11:14.525335
4819,Poland,POL,1996,58.094,2026-08-08 02:11:14.525335
4818,Poland,POL,1997,57.215,2026-08-08 02:11:14.525335
4817,Poland,POL,1998,56.743,2026-08-08 02:11:14.525335
4816,Poland,POL,1999,56.127,2026-08-08 02:11:14.525335
4815,Poland,POL,2000,55.486,2026-08-08 02:11:14.525335
4814,Poland,POL,2001,56.236,2026-08-08 02:11:14.525335
4813,Poland,POL,2002,55.377,2026-08-08 02:11:14.525335
4812,Poland,POL,2003,54.948,2026-08-08 02:11:14.525335
4811,Poland,POL,2004,54.594,2026-08-08 02:11:14.525335
4810,Poland,POL,2005,54.796,2026-08-08 02:11:14.525335
4809,Poland,POL,2006,54.194,2026-08-08 02:11:14.525335
4808,Poland,POL,2007,54.009,2026-08-08 02:11:14.525335
4807,Poland,POL,2008,54.583,2026-08-08 02:11:14.525335
4806,Poland,POL,2009,55.253,2026-08-08 02:11:14.525335
4805,Poland,POL,2010,56.161,2026-08-08 02:11:14.525335
4804,Poland,POL,2011,56.397,2026-08-08 02:11:14.525335
4803,Poland,POL,2012,56.765,2026-08-08 02:11:14.525335
4802,Poland,POL,2013,56.729,2026-08-08 02:11:14.525335
4801,Poland,POL,2014,57.074,2026-08-08 02:11:14.525335
4800,Poland,POL,2015,57.076,2026-08-08 02:11:14.525335
4799,Poland,POL,2016,57.307,2026-08-08 02:11:14.525335
4798,Poland,POL,2017,57.562,2026-08-08 02:11:14.525335
4797,Poland,POL,2018,57.534,2026-08-08 02:11:14.525335
4796,Poland,POL,2019,57.471,2026-08-08 02:11:14.525335
4795,Poland,POL,2020,57.397,2026-08-08 02:11:14.525335
4794,Poland,POL,2021,58.698,2026-08-08 02:11:14.525335
4793,Poland,POL,2022,58.946,2026-08-08 02:11:14.525335
4792,Poland,POL,2023,59.23,2026-08-08 02:11:14.525335
4791,Poland,POL,2024,58.656,2026-08-08 02:11:14.525335
4790,Poland,POL,2025,58.312,2026-08-08 02:11:14.525335
4897,Puerto Rico (US),PRI,1990,44.59,2026-08-08 02:11:14.525335
4896,Puerto Rico (US),PRI,1991,45.64,2026-08-08 02:11:14.525335
4895,Puerto Rico (US),PRI,1992,45.57,2026-08-08 02:11:14.525335
4894,Puerto Rico (US),PRI,1993,47.12,2026-08-08 02:11:14.525335
4893,Puerto Rico (US),PRI,1994,46.61,2026-08-08 02:11:14.525335
4892,Puerto Rico (US),PRI,1995,46.1,2026-08-08 02:11:14.525335
4891,Puerto Rico (US),PRI,1996,46.88,2026-08-08 02:11:14.525335
4890,Puerto Rico (US),PRI,1997,47.7,2026-08-08 02:11:14.525335
4889,Puerto Rico (US),PRI,1998,47.55,2026-08-08 02:11:14.525335
4888,Puerto Rico (US),PRI,1999,47.33,2026-08-08 02:11:14.525335
4887,Puerto Rico (US),PRI,2000,45.94,2026-08-08 02:11:14.525335
4886,Puerto Rico (US),PRI,2001,46.07,2026-08-08 02:11:14.525335
4885,Puerto Rico (US),PRI,2002,46.2,2026-08-08 02:11:14.525335
4884,Puerto Rico (US),PRI,2003,46.71,2026-08-08 02:11:14.525335
4883,Puerto Rico (US),PRI,2004,46.67,2026-08-08 02:11:14.525335
4882,Puerto Rico (US),PRI,2005,47.7,2026-08-08 02:11:14.525335
4881,Puerto Rico (US),PRI,2006,47.23,2026-08-08 02:11:14.525335
4880,Puerto Rico (US),PRI,2007,46.13,2026-08-08 02:11:14.525335
4879,Puerto Rico (US),PRI,2008,44.8,2026-08-08 02:11:14.525335
4878,Puerto Rico (US),PRI,2009,43.2,2026-08-08 02:11:14.525335
4877,Puerto Rico (US),PRI,2010,41.9,2026-08-08 02:11:14.525335
4876,Puerto Rico (US),PRI,2011,40.5,2026-08-08 02:11:14.525335
4875,Puerto Rico (US),PRI,2012,39.897,2026-08-08 02:11:14.525335
4874,Puerto Rico (US),PRI,2013,39.297,2026-08-08 02:11:14.525335
4873,Puerto Rico (US),PRI,2014,38.293,2026-08-08 02:11:14.525335
4872,Puerto Rico (US),PRI,2015,38.021,2026-08-08 02:11:14.525335
4871,Puerto Rico (US),PRI,2016,38.155,2026-08-08 02:11:14.525335
4870,Puerto Rico (US),PRI,2017,38.236,2026-08-08 02:11:14.525335
4869,Puerto Rico (US),PRI,2018,38.582,2026-08-08 02:11:14.525335
4868,Puerto Rico (US),PRI,2019,38.591,2026-08-08 02:11:14.525335
4867,Puerto Rico (US),PRI,2020,39.249,2026-08-08 02:11:14.525335
4866,Puerto Rico (US),PRI,2021,41.291,2026-08-08 02:11:14.525335
4865,Puerto Rico (US),PRI,2022,41.829,2026-08-08 02:11:14.525335
4864,Puerto Rico (US),PRI,2023,42.134,2026-08-08 02:11:14.525335
4863,Puerto Rico (US),PRI,2024,42.615,2026-08-08 02:11:14.525335
4862,Puerto Rico (US),PRI,2025,42.779,2026-08-08 02:11:14.525335
3208,"Korea, Dem. People's Rep.",PRK,1990,81.489,2026-08-08 02:11:14.525335
3207,"Korea, Dem. People's Rep.",PRK,1991,81.602,2026-08-08 02:11:14.525335
3206,"Korea, Dem. People's Rep.",PRK,1992,81.766,2026-08-08 02:11:14.525335
3205,"Korea, Dem. People's Rep.",PRK,1993,81.877,2026-08-08 02:11:14.525335
3204,"Korea, Dem. People's Rep.",PRK,1994,81.943,2026-08-08 02:11:14.525335
3203,"Korea, Dem. People's Rep.",PRK,1995,82.047,2026-08-08 02:11:14.525335
3202,"Korea, Dem. People's Rep.",PRK,1996,82.127,2026-08-08 02:11:14.525335
3201,"Korea, Dem. People's Rep.",PRK,1997,82.266,2026-08-08 02:11:14.525335
3200,"Korea, Dem. People's Rep.",PRK,1998,82.298,2026-08-08 02:11:14.525335
3199,"Korea, Dem. People's Rep.",PRK,1999,82.206,2026-08-08 02:11:14.525335
3198,"Korea, Dem. People's Rep.",PRK,2000,82.211,2026-08-08 02:11:14.525335
3197,"Korea, Dem. People's Rep.",PRK,2001,82.156,2026-08-08 02:11:14.525335
3196,"Korea, Dem. People's Rep.",PRK,2002,82.144,2026-08-08 02:11:14.525335
3195,"Korea, Dem. People's Rep.",PRK,2003,82.122,2026-08-08 02:11:14.525335
3194,"Korea, Dem. People's Rep.",PRK,2004,82.097,2026-08-08 02:11:14.525335
3193,"Korea, Dem. People's Rep.",PRK,2005,82.04,2026-08-08 02:11:14.525335
3192,"Korea, Dem. People's Rep.",PRK,2006,82.069,2026-08-08 02:11:14.525335
3191,"Korea, Dem. People's Rep.",PRK,2007,82.099,2026-08-08 02:11:14.525335
3190,"Korea, Dem. People's Rep.",PRK,2008,82.053,2026-08-08 02:11:14.525335
3189,"Korea, Dem. People's Rep.",PRK,2009,82.078,2026-08-08 02:11:14.525335
3188,"Korea, Dem. People's Rep.",PRK,2010,82.094,2026-08-08 02:11:14.525335
3187,"Korea, Dem. People's Rep.",PRK,2011,82.088,2026-08-08 02:11:14.525335
3186,"Korea, Dem. People's Rep.",PRK,2012,82.072,2026-08-08 02:11:14.525335
3185,"Korea, Dem. People's Rep.",PRK,2013,82.061,2026-08-08 02:11:14.525335
3184,"Korea, Dem. People's Rep.",PRK,2014,82.051,2026-08-08 02:11:14.525335
3183,"Korea, Dem. People's Rep.",PRK,2015,82.081,2026-08-08 02:11:14.525335
3182,"Korea, Dem. People's Rep.",PRK,2016,82.02,2026-08-08 02:11:14.525335
3181,"Korea, Dem. People's Rep.",PRK,2017,82.094,2026-08-08 02:11:14.525335
3180,"Korea, Dem. People's Rep.",PRK,2018,82.179,2026-08-08 02:11:14.525335
3179,"Korea, Dem. People's Rep.",PRK,2019,82.18,2026-08-08 02:11:14.525335
3178,"Korea, Dem. People's Rep.",PRK,2020,80.618,2026-08-08 02:11:14.525335
3177,"Korea, Dem. People's Rep.",PRK,2021,80.711,2026-08-08 02:11:14.525335
3176,"Korea, Dem. People's Rep.",PRK,2022,82.149,2026-08-08 02:11:14.525335
3175,"Korea, Dem. People's Rep.",PRK,2023,82.162,2026-08-08 02:11:14.525335
3174,"Korea, Dem. People's Rep.",PRK,2024,82.162,2026-08-08 02:11:14.525335
3173,"Korea, Dem. People's Rep.",PRK,2025,82.152,2026-08-08 02:11:14.525335
4861,Portugal,PRT,1990,59.718,2026-08-08 02:11:14.525335
4860,Portugal,PRT,1991,60.979,2026-08-08 02:11:14.525335
4859,Portugal,PRT,1992,58.955,2026-08-08 02:11:14.525335
4858,Portugal,PRT,1993,58.554,2026-08-08 02:11:14.525335
4857,Portugal,PRT,1994,58.506,2026-08-08 02:11:14.525335
4856,Portugal,PRT,1995,58.26,2026-08-08 02:11:14.525335
4855,Portugal,PRT,1996,58.499,2026-08-08 02:11:14.525335
4854,Portugal,PRT,1997,59.144,2026-08-08 02:11:14.525335
4853,Portugal,PRT,1998,60.568,2026-08-08 02:11:14.525335
4852,Portugal,PRT,1999,60.645,2026-08-08 02:11:14.525335
4851,Portugal,PRT,2000,60.798,2026-08-08 02:11:14.525335
4850,Portugal,PRT,2001,61.45,2026-08-08 02:11:14.525335
4849,Portugal,PRT,2002,62.016,2026-08-08 02:11:14.525335
4848,Portugal,PRT,2003,61.982,2026-08-08 02:11:14.525335
4847,Portugal,PRT,2004,61.505,2026-08-08 02:11:14.525335
4846,Portugal,PRT,2005,61.843,2026-08-08 02:11:14.525335
4845,Portugal,PRT,2006,62.047,2026-08-08 02:11:14.525335
4844,Portugal,PRT,2007,62.178,2026-08-08 02:11:14.525335
4843,Portugal,PRT,2008,62.002,2026-08-08 02:11:14.525335
4842,Portugal,PRT,2009,61.304,2026-08-08 02:11:14.525335
4841,Portugal,PRT,2010,61.201,2026-08-08 02:11:14.525335
4840,Portugal,PRT,2011,60.473,2026-08-08 02:11:14.525335
4839,Portugal,PRT,2012,60.128,2026-08-08 02:11:14.525335
4838,Portugal,PRT,2013,59.26,2026-08-08 02:11:14.525335
4837,Portugal,PRT,2014,58.777,2026-08-08 02:11:14.525335
4836,Portugal,PRT,2015,58.555,2026-08-08 02:11:14.525335
4835,Portugal,PRT,2016,58.414,2026-08-08 02:11:14.525335
4834,Portugal,PRT,2017,58.881,2026-08-08 02:11:14.525335
4833,Portugal,PRT,2018,58.953,2026-08-08 02:11:14.525335
4832,Portugal,PRT,2019,58.976,2026-08-08 02:11:14.525335
4831,Portugal,PRT,2020,57.587,2026-08-08 02:11:14.525335
4830,Portugal,PRT,2021,56.831,2026-08-08 02:11:14.525335
4829,Portugal,PRT,2022,57.785,2026-08-08 02:11:14.525335
4828,Portugal,PRT,2023,58.555,2026-08-08 02:11:14.525335
4827,Portugal,PRT,2024,58.443,2026-08-08 02:11:14.525335
4826,Portugal,PRT,2025,58.161,2026-08-08 02:11:14.525335
4717,Paraguay,PRY,1990,69.119,2026-08-08 02:11:14.525335
4716,Paraguay,PRY,1991,69.199,2026-08-08 02:11:14.525335
4715,Paraguay,PRY,1992,69.105,2026-08-08 02:11:14.525335
4714,Paraguay,PRY,1993,69.339,2026-08-08 02:11:14.525335
4713,Paraguay,PRY,1994,69.617,2026-08-08 02:11:14.525335
4712,Paraguay,PRY,1995,70.044,2026-08-08 02:11:14.525335
4711,Paraguay,PRY,1996,69.966,2026-08-08 02:11:14.525335
4710,Paraguay,PRY,1997,70.158,2026-08-08 02:11:14.525335
4709,Paraguay,PRY,1998,69.945,2026-08-08 02:11:14.525335
4708,Paraguay,PRY,1999,69.593,2026-08-08 02:11:14.525335
4707,Paraguay,PRY,2000,69.156,2026-08-08 02:11:14.525335
4706,Paraguay,PRY,2001,68.897,2026-08-08 02:11:14.525335
4705,Paraguay,PRY,2002,68.749,2026-08-08 02:11:14.525335
4704,Paraguay,PRY,2003,67.598,2026-08-08 02:11:14.525335
4703,Paraguay,PRY,2004,71.373,2026-08-08 02:11:14.525335
4702,Paraguay,PRY,2005,70.279,2026-08-08 02:11:14.525335
4701,Paraguay,PRY,2006,67.047,2026-08-08 02:11:14.525335
4700,Paraguay,PRY,2007,68.816,2026-08-08 02:11:14.525335
4699,Paraguay,PRY,2008,69.302,2026-08-08 02:11:14.525335
4698,Paraguay,PRY,2009,69.623,2026-08-08 02:11:14.525335
4697,Paraguay,PRY,2010,67.738,2026-08-08 02:11:14.525335
4696,Paraguay,PRY,2011,67.916,2026-08-08 02:11:14.525335
4695,Paraguay,PRY,2012,71.277,2026-08-08 02:11:14.525335
4694,Paraguay,PRY,2013,69.867,2026-08-08 02:11:14.525335
4693,Paraguay,PRY,2014,67.955,2026-08-08 02:11:14.525335
4692,Paraguay,PRY,2015,67.926,2026-08-08 02:11:14.525335
4691,Paraguay,PRY,2016,69.966,2026-08-08 02:11:14.525335
4690,Paraguay,PRY,2017,71.039,2026-08-08 02:11:14.525335
4689,Paraguay,PRY,2018,71.868,2026-08-08 02:11:14.525335
4688,Paraguay,PRY,2019,72.392,2026-08-08 02:11:14.525335
4687,Paraguay,PRY,2020,70.117,2026-08-08 02:11:14.525335
4686,Paraguay,PRY,2021,71.919,2026-08-08 02:11:14.525335
4685,Paraguay,PRY,2022,70.58,2026-08-08 02:11:14.525335
4684,Paraguay,PRY,2023,70.751,2026-08-08 02:11:14.525335
4683,Paraguay,PRY,2024,70.27,2026-08-08 02:11:14.525335
4682,Paraguay,PRY,2025,70.247,2026-08-08 02:11:14.525335
6610,West Bank and Gaza,PSE,1990,40.352,2026-08-08 02:11:14.525335
6609,West Bank and Gaza,PSE,1991,40.347,2026-08-08 02:11:14.525335
6608,West Bank and Gaza,PSE,1992,40.316,2026-08-08 02:11:14.525335
6607,West Bank and Gaza,PSE,1993,40.311,2026-08-08 02:11:14.525335
6606,West Bank and Gaza,PSE,1994,40.308,2026-08-08 02:11:14.525335
6605,West Bank and Gaza,PSE,1995,40.293,2026-08-08 02:11:14.525335
6604,West Bank and Gaza,PSE,1996,40.322,2026-08-08 02:11:14.525335
6603,West Bank and Gaza,PSE,1997,40.262,2026-08-08 02:11:14.525335
6602,West Bank and Gaza,PSE,1998,40.175,2026-08-08 02:11:14.525335
6601,West Bank and Gaza,PSE,1999,40.131,2026-08-08 02:11:14.525335
6600,West Bank and Gaza,PSE,2000,40.254,2026-08-08 02:11:14.525335
6599,West Bank and Gaza,PSE,2001,36.626,2026-08-08 02:11:14.525335
6598,West Bank and Gaza,PSE,2002,35.907,2026-08-08 02:11:14.525335
6597,West Bank and Gaza,PSE,2003,38.759,2026-08-08 02:11:14.525335
6596,West Bank and Gaza,PSE,2004,38.222,2026-08-08 02:11:14.525335
6595,West Bank and Gaza,PSE,2005,38.642,2026-08-08 02:11:14.525335
6594,West Bank and Gaza,PSE,2006,38.63,2026-08-08 02:11:14.525335
6593,West Bank and Gaza,PSE,2007,39.918,2026-08-08 02:11:14.525335
6592,West Bank and Gaza,PSE,2008,39.376,2026-08-08 02:11:14.525335
6591,West Bank and Gaza,PSE,2009,39.53,2026-08-08 02:11:14.525335
6590,West Bank and Gaza,PSE,2010,39.997,2026-08-08 02:11:14.525335
6589,West Bank and Gaza,PSE,2011,41.362,2026-08-08 02:11:14.525335
6588,West Bank and Gaza,PSE,2012,41.679,2026-08-08 02:11:14.525335
6587,West Bank and Gaza,PSE,2013,41.801,2026-08-08 02:11:14.525335
6586,West Bank and Gaza,PSE,2014,42.118,2026-08-08 02:11:14.525335
6585,West Bank and Gaza,PSE,2015,43.967,2026-08-08 02:11:14.525335
6584,West Bank and Gaza,PSE,2016,43.769,2026-08-08 02:11:14.525335
6583,West Bank and Gaza,PSE,2017,44.004,2026-08-08 02:11:14.525335
6582,West Bank and Gaza,PSE,2018,43.452,2026-08-08 02:11:14.525335
6581,West Bank and Gaza,PSE,2019,44.27,2026-08-08 02:11:14.525335
6580,West Bank and Gaza,PSE,2020,40.936,2026-08-08 02:11:14.525335
6579,West Bank and Gaza,PSE,2021,43.367,2026-08-08 02:11:14.525335
6578,West Bank and Gaza,PSE,2022,44.991,2026-08-08 02:11:14.525335
2167,French Polynesia,PYF,1990,59.084,2026-08-08 02:11:14.525335
2166,French Polynesia,PYF,1991,59.247,2026-08-08 02:11:14.525335
2165,French Polynesia,PYF,1992,59.349,2026-08-08 02:11:14.525335
2164,French Polynesia,PYF,1993,59.467,2026-08-08 02:11:14.525335
2163,French Polynesia,PYF,1994,59.564,2026-08-08 02:11:14.525335
2162,French Polynesia,PYF,1995,59.629,2026-08-08 02:11:14.525335
2161,French Polynesia,PYF,1996,59.625,2026-08-08 02:11:14.525335
2160,French Polynesia,PYF,1997,59.413,2026-08-08 02:11:14.525335
2159,French Polynesia,PYF,1998,59.16,2026-08-08 02:11:14.525335
2158,French Polynesia,PYF,1999,58.873,2026-08-08 02:11:14.525335
2157,French Polynesia,PYF,2000,58.565,2026-08-08 02:11:14.525335
2156,French Polynesia,PYF,2001,58.229,2026-08-08 02:11:14.525335
2155,French Polynesia,PYF,2002,57.882,2026-08-08 02:11:14.525335
2154,French Polynesia,PYF,2003,57.512,2026-08-08 02:11:14.525335
2153,French Polynesia,PYF,2004,57.096,2026-08-08 02:11:14.525335
2152,French Polynesia,PYF,2005,56.726,2026-08-08 02:11:14.525335
2151,French Polynesia,PYF,2006,56.407,2026-08-08 02:11:14.525335
2150,French Polynesia,PYF,2007,56.076,2026-08-08 02:11:14.525335
2149,French Polynesia,PYF,2008,56.075,2026-08-08 02:11:14.525335
2148,French Polynesia,PYF,2009,56.106,2026-08-08 02:11:14.525335
2147,French Polynesia,PYF,2010,56.156,2026-08-08 02:11:14.525335
2146,French Polynesia,PYF,2011,56.212,2026-08-08 02:11:14.525335
2145,French Polynesia,PYF,2012,56.264,2026-08-08 02:11:14.525335
2144,French Polynesia,PYF,2013,56.16,2026-08-08 02:11:14.525335
2143,French Polynesia,PYF,2014,56.045,2026-08-08 02:11:14.525335
2142,French Polynesia,PYF,2015,55.957,2026-08-08 02:11:14.525335
2141,French Polynesia,PYF,2016,55.876,2026-08-08 02:11:14.525335
2140,French Polynesia,PYF,2017,55.822,2026-08-08 02:11:14.525335
2139,French Polynesia,PYF,2018,55.614,2026-08-08 02:11:14.525335
2138,French Polynesia,PYF,2019,55.402,2026-08-08 02:11:14.525335
2137,French Polynesia,PYF,2020,54.459,2026-08-08 02:11:14.525335
2136,French Polynesia,PYF,2021,54.253,2026-08-08 02:11:14.525335
2135,French Polynesia,PYF,2022,53.961,2026-08-08 02:11:14.525335
2134,French Polynesia,PYF,2023,53.353,2026-08-08 02:11:14.525335
2133,French Polynesia,PYF,2024,52.799,2026-08-08 02:11:14.525335
2132,French Polynesia,PYF,2025,52.369,2026-08-08 02:11:14.525335
4933,Qatar,QAT,1990,83.745,2026-08-08 02:11:14.525335
4932,Qatar,QAT,1991,83.844,2026-08-08 02:11:14.525335
4931,Qatar,QAT,1992,83.519,2026-08-08 02:11:14.525335
4930,Qatar,QAT,1993,83.684,2026-08-08 02:11:14.525335
4929,Qatar,QAT,1994,83.77,2026-08-08 02:11:14.525335
4928,Qatar,QAT,1995,83.836,2026-08-08 02:11:14.525335
4927,Qatar,QAT,1996,83.838,2026-08-08 02:11:14.525335
4926,Qatar,QAT,1997,82.912,2026-08-08 02:11:14.525335
4925,Qatar,QAT,1998,82.606,2026-08-08 02:11:14.525335
4924,Qatar,QAT,1999,82.664,2026-08-08 02:11:14.525335
4923,Qatar,QAT,2000,82.635,2026-08-08 02:11:14.525335
4922,Qatar,QAT,2001,82.841,2026-08-08 02:11:14.525335
4921,Qatar,QAT,2002,82.944,2026-08-08 02:11:14.525335
4920,Qatar,QAT,2003,83.217,2026-08-08 02:11:14.525335
4919,Qatar,QAT,2004,82.375,2026-08-08 02:11:14.525335
4918,Qatar,QAT,2005,82.562,2026-08-08 02:11:14.525335
4917,Qatar,QAT,2006,83.747,2026-08-08 02:11:14.525335
4916,Qatar,QAT,2007,85.327,2026-08-08 02:11:14.525335
4915,Qatar,QAT,2008,86.094,2026-08-08 02:11:14.525335
4914,Qatar,QAT,2009,86.492,2026-08-08 02:11:14.525335
4913,Qatar,QAT,2010,86.559,2026-08-08 02:11:14.525335
4912,Qatar,QAT,2011,86.455,2026-08-08 02:11:14.525335
4911,Qatar,QAT,2012,86.27,2026-08-08 02:11:14.525335
4910,Qatar,QAT,2013,86.296,2026-08-08 02:11:14.525335
4909,Qatar,QAT,2014,86.747,2026-08-08 02:11:14.525335
4908,Qatar,QAT,2015,87.274,2026-08-08 02:11:14.525335
4907,Qatar,QAT,2016,87.475,2026-08-08 02:11:14.525335
4906,Qatar,QAT,2017,87.498,2026-08-08 02:11:14.525335
4905,Qatar,QAT,2018,87.503,2026-08-08 02:11:14.525335
4904,Qatar,QAT,2019,87.433,2026-08-08 02:11:14.525335
4903,Qatar,QAT,2020,87.105,2026-08-08 02:11:14.525335
4902,Qatar,QAT,2021,86.363,2026-08-08 02:11:14.525335
4901,Qatar,QAT,2022,87.575,2026-08-08 02:11:14.525335
4900,Qatar,QAT,2023,87.551,2026-08-08 02:11:14.525335
4899,Qatar,QAT,2024,87.22,2026-08-08 02:11:14.525335
4898,Qatar,QAT,2025,87.013,2026-08-08 02:11:14.525335
4969,Romania,ROU,1990,50.061,2026-08-08 02:11:14.525335
4968,Romania,ROU,1991,50.302,2026-08-08 02:11:14.525335
4967,Romania,ROU,1992,50.7,2026-08-08 02:11:14.525335
4966,Romania,ROU,1993,50.761,2026-08-08 02:11:14.525335
4965,Romania,ROU,1994,50.645,2026-08-08 02:11:14.525335
4964,Romania,ROU,1995,50.382,2026-08-08 02:11:14.525335
4963,Romania,ROU,1996,50.261,2026-08-08 02:11:14.525335
4962,Romania,ROU,1997,50.584,2026-08-08 02:11:14.525335
4961,Romania,ROU,1998,50.843,2026-08-08 02:11:14.525335
4960,Romania,ROU,1999,51.028,2026-08-08 02:11:14.525335
4959,Romania,ROU,2000,51.067,2026-08-08 02:11:14.525335
4958,Romania,ROU,2001,50.892,2026-08-08 02:11:14.525335
4957,Romania,ROU,2002,50.716,2026-08-08 02:11:14.525335
4956,Romania,ROU,2003,50.721,2026-08-08 02:11:14.525335
4955,Romania,ROU,2004,50.571,2026-08-08 02:11:14.525335
4954,Romania,ROU,2005,50.529,2026-08-08 02:11:14.525335
4953,Romania,ROU,2006,50.577,2026-08-08 02:11:14.525335
4952,Romania,ROU,2007,50.707,2026-08-08 02:11:14.525335
4951,Romania,ROU,2008,50.967,2026-08-08 02:11:14.525335
4950,Romania,ROU,2009,47.207,2026-08-08 02:11:14.525335
4949,Romania,ROU,2010,50.26,2026-08-08 02:11:14.525335
4948,Romania,ROU,2011,49.907,2026-08-08 02:11:14.525335
4947,Romania,ROU,2012,50.042,2026-08-08 02:11:14.525335
4946,Romania,ROU,2013,50.081,2026-08-08 02:11:14.525335
4945,Romania,ROU,2014,50.517,2026-08-08 02:11:14.525335
4944,Romania,ROU,2015,51.24,2026-08-08 02:11:14.525335
4943,Romania,ROU,2016,50.936,2026-08-08 02:11:14.525335
4942,Romania,ROU,2017,51.837,2026-08-08 02:11:14.525335
4941,Romania,ROU,2018,51.834,2026-08-08 02:11:14.525335
4940,Romania,ROU,2019,52.02,2026-08-08 02:11:14.525335
4939,Romania,ROU,2020,51.998,2026-08-08 02:11:14.525335
4938,Romania,ROU,2021,52.467,2026-08-08 02:11:14.525335
4937,Romania,ROU,2022,52.637,2026-08-08 02:11:14.525335
4936,Romania,ROU,2023,51.739,2026-08-08 02:11:14.525335
4935,Romania,ROU,2024,51.461,2026-08-08 02:11:14.525335
4934,Romania,ROU,2025,51.331,2026-08-08 02:11:14.525335
5005,Russian Federation,RUS,1990,67.407,2026-08-08 02:11:14.525335
5004,Russian Federation,RUS,1991,66.858,2026-08-08 02:11:14.525335
5003,Russian Federation,RUS,1992,65.864,2026-08-08 02:11:14.525335
5002,Russian Federation,RUS,1993,63.84,2026-08-08 02:11:14.525335
5001,Russian Federation,RUS,1994,61.875,2026-08-08 02:11:14.525335
5000,Russian Federation,RUS,1995,61.413,2026-08-08 02:11:14.525335
4999,Russian Federation,RUS,1996,60.387,2026-08-08 02:11:14.525335
4998,Russian Federation,RUS,1997,59.045,2026-08-08 02:11:14.525335
4997,Russian Federation,RUS,1998,58.115,2026-08-08 02:11:14.525335
4996,Russian Federation,RUS,1999,61.253,2026-08-08 02:11:14.525335
4995,Russian Federation,RUS,2000,61.272,2026-08-08 02:11:14.525335
4994,Russian Federation,RUS,2001,59.949,2026-08-08 02:11:14.525335
4993,Russian Federation,RUS,2002,60.295,2026-08-08 02:11:14.525335
4992,Russian Federation,RUS,2003,59.982,2026-08-08 02:11:14.525335
4991,Russian Federation,RUS,2004,60.572,2026-08-08 02:11:14.525335
4990,Russian Federation,RUS,2005,60.914,2026-08-08 02:11:14.525335
4989,Russian Federation,RUS,2006,61.227,2026-08-08 02:11:14.525335
4988,Russian Federation,RUS,2007,62.025,2026-08-08 02:11:14.525335
4987,Russian Federation,RUS,2008,62.549,2026-08-08 02:11:14.525335
4986,Russian Federation,RUS,2009,62.659,2026-08-08 02:11:14.525335
4985,Russian Federation,RUS,2010,62.647,2026-08-08 02:11:14.525335
4984,Russian Federation,RUS,2011,62.939,2026-08-08 02:11:14.525335
4983,Russian Federation,RUS,2012,62.964,2026-08-08 02:11:14.525335
4982,Russian Federation,RUS,2013,62.866,2026-08-08 02:11:14.525335
4981,Russian Federation,RUS,2014,62.837,2026-08-08 02:11:14.525335
4980,Russian Federation,RUS,2015,62.704,2026-08-08 02:11:14.525335
4979,Russian Federation,RUS,2016,62.872,2026-08-08 02:11:14.525335
4978,Russian Federation,RUS,2017,62.496,2026-08-08 02:11:14.525335
4977,Russian Federation,RUS,2018,62.445,2026-08-08 02:11:14.525335
4976,Russian Federation,RUS,2019,61.698,2026-08-08 02:11:14.525335
4975,Russian Federation,RUS,2020,61.389,2026-08-08 02:11:14.525335
4974,Russian Federation,RUS,2021,61.966,2026-08-08 02:11:14.525335
4973,Russian Federation,RUS,2022,61.936,2026-08-08 02:11:14.525335
4972,Russian Federation,RUS,2023,62.135,2026-08-08 02:11:14.525335
4971,Russian Federation,RUS,2024,61.824,2026-08-08 02:11:14.525335
4970,Russian Federation,RUS,2025,61.113,2026-08-08 02:11:14.525335
5041,Rwanda,RWA,1990,62.829,2026-08-08 02:11:14.525335
5040,Rwanda,RWA,1991,62.819,2026-08-08 02:11:14.525335
5039,Rwanda,RWA,1992,62.756,2026-08-08 02:11:14.525335
5038,Rwanda,RWA,1993,62.676,2026-08-08 02:11:14.525335
5037,Rwanda,RWA,1994,63.139,2026-08-08 02:11:14.525335
5036,Rwanda,RWA,1995,63.764,2026-08-08 02:11:14.525335
5035,Rwanda,RWA,1996,63.504,2026-08-08 02:11:14.525335
5034,Rwanda,RWA,1997,63.246,2026-08-08 02:11:14.525335
5033,Rwanda,RWA,1998,62.902,2026-08-08 02:11:14.525335
5032,Rwanda,RWA,1999,62.501,2026-08-08 02:11:14.525335
5031,Rwanda,RWA,2000,62.121,2026-08-08 02:11:14.525335
5030,Rwanda,RWA,2001,61.783,2026-08-08 02:11:14.525335
5029,Rwanda,RWA,2002,61.528,2026-08-08 02:11:14.525335
5028,Rwanda,RWA,2003,61.363,2026-08-08 02:11:14.525335
5027,Rwanda,RWA,2004,61.254,2026-08-08 02:11:14.525335
5026,Rwanda,RWA,2005,61.183,2026-08-08 02:11:14.525335
5025,Rwanda,RWA,2006,61.143,2026-08-08 02:11:14.525335
5024,Rwanda,RWA,2007,61.12,2026-08-08 02:11:14.525335
5023,Rwanda,RWA,2008,61.096,2026-08-08 02:11:14.525335
5022,Rwanda,RWA,2009,61.056,2026-08-08 02:11:14.525335
5021,Rwanda,RWA,2010,60.997,2026-08-08 02:11:14.525335
5020,Rwanda,RWA,2011,60.927,2026-08-08 02:11:14.525335
5019,Rwanda,RWA,2012,60.854,2026-08-08 02:11:14.525335
5018,Rwanda,RWA,2013,60.784,2026-08-08 02:11:14.525335
5017,Rwanda,RWA,2014,60.714,2026-08-08 02:11:14.525335
5016,Rwanda,RWA,2015,60.64,2026-08-08 02:11:14.525335
5015,Rwanda,RWA,2016,60.556,2026-08-08 02:11:14.525335
5014,Rwanda,RWA,2017,60.461,2026-08-08 02:11:14.525335
5013,Rwanda,RWA,2018,60.378,2026-08-08 02:11:14.525335
5012,Rwanda,RWA,2019,58.451,2026-08-08 02:11:14.525335
5011,Rwanda,RWA,2020,62.66,2026-08-08 02:11:14.525335
5010,Rwanda,RWA,2021,58.197,2026-08-08 02:11:14.525335
5009,Rwanda,RWA,2022,60.164,2026-08-08 02:11:14.525335
5008,Rwanda,RWA,2023,63.664,2026-08-08 02:11:14.525335
5007,Rwanda,RWA,2024,63.521,2026-08-08 02:11:14.525335
5006,Rwanda,RWA,2025,63.681,2026-08-08 02:11:14.525335
5149,Saudi Arabia,SAU,1990,51.35,2026-08-08 02:11:14.525335
5148,Saudi Arabia,SAU,1991,51.262,2026-08-08 02:11:14.525335
5147,Saudi Arabia,SAU,1992,51.346,2026-08-08 02:11:14.525335
5146,Saudi Arabia,SAU,1993,50.971,2026-08-08 02:11:14.525335
5145,Saudi Arabia,SAU,1994,50.56,2026-08-08 02:11:14.525335
5144,Saudi Arabia,SAU,1995,50.127,2026-08-08 02:11:14.525335
5143,Saudi Arabia,SAU,1996,49.658,2026-08-08 02:11:14.525335
5142,Saudi Arabia,SAU,1997,49.178,2026-08-08 02:11:14.525335
5141,Saudi Arabia,SAU,1998,48.689,2026-08-08 02:11:14.525335
5140,Saudi Arabia,SAU,1999,48.221,2026-08-08 02:11:14.525335
5139,Saudi Arabia,SAU,2000,48.995,2026-08-08 02:11:14.525335
5138,Saudi Arabia,SAU,2001,48.37,2026-08-08 02:11:14.525335
5137,Saudi Arabia,SAU,2002,47.976,2026-08-08 02:11:14.525335
5136,Saudi Arabia,SAU,2003,47.891,2026-08-08 02:11:14.525335
5135,Saudi Arabia,SAU,2004,47.913,2026-08-08 02:11:14.525335
5134,Saudi Arabia,SAU,2005,48.06,2026-08-08 02:11:14.525335
5133,Saudi Arabia,SAU,2006,48.347,2026-08-08 02:11:14.525335
5132,Saudi Arabia,SAU,2007,48.649,2026-08-08 02:11:14.525335
5131,Saudi Arabia,SAU,2008,49.135,2026-08-08 02:11:14.525335
5130,Saudi Arabia,SAU,2009,49.582,2026-08-08 02:11:14.525335
5129,Saudi Arabia,SAU,2010,51.426,2026-08-08 02:11:14.525335
5128,Saudi Arabia,SAU,2011,53.37,2026-08-08 02:11:14.525335
5127,Saudi Arabia,SAU,2012,55.395,2026-08-08 02:11:14.525335
5126,Saudi Arabia,SAU,2013,57.152,2026-08-08 02:11:14.525335
5125,Saudi Arabia,SAU,2014,58.409,2026-08-08 02:11:14.525335
5124,Saudi Arabia,SAU,2015,59.749,2026-08-08 02:11:14.525335
5123,Saudi Arabia,SAU,2016,60.685,2026-08-08 02:11:14.525335
5122,Saudi Arabia,SAU,2017,58.99,2026-08-08 02:11:14.525335
5121,Saudi Arabia,SAU,2018,59.418,2026-08-08 02:11:14.525335
5120,Saudi Arabia,SAU,2019,61.203,2026-08-08 02:11:14.525335
5119,Saudi Arabia,SAU,2020,62.414,2026-08-08 02:11:14.525335
5118,Saudi Arabia,SAU,2021,63.511,2026-08-08 02:11:14.525335
5117,Saudi Arabia,SAU,2022,63.801,2026-08-08 02:11:14.525335
5116,Saudi Arabia,SAU,2023,65.336,2026-08-08 02:11:14.525335
5115,Saudi Arabia,SAU,2024,65.201,2026-08-08 02:11:14.525335
5114,Saudi Arabia,SAU,2025,65.098,2026-08-08 02:11:14.525335
5683,Sudan,SDN,1990,50.069,2026-08-08 02:11:14.525335
5682,Sudan,SDN,1991,50.279,2026-08-08 02:11:14.525335
5681,Sudan,SDN,1992,50.51,2026-08-08 02:11:14.525335
5680,Sudan,SDN,1993,50.763,2026-08-08 02:11:14.525335
5679,Sudan,SDN,1994,51.063,2026-08-08 02:11:14.525335
5678,Sudan,SDN,1995,51.397,2026-08-08 02:11:14.525335
5677,Sudan,SDN,1996,51.774,2026-08-08 02:11:14.525335
5676,Sudan,SDN,1997,51.593,2026-08-08 02:11:14.525335
5675,Sudan,SDN,1998,51.362,2026-08-08 02:11:14.525335
5674,Sudan,SDN,1999,51.107,2026-08-08 02:11:14.525335
5673,Sudan,SDN,2000,50.838,2026-08-08 02:11:14.525335
5672,Sudan,SDN,2001,50.558,2026-08-08 02:11:14.525335
5671,Sudan,SDN,2002,50.272,2026-08-08 02:11:14.525335
5670,Sudan,SDN,2003,49.992,2026-08-08 02:11:14.525335
5669,Sudan,SDN,2004,49.704,2026-08-08 02:11:14.525335
5668,Sudan,SDN,2005,49.404,2026-08-08 02:11:14.525335
5667,Sudan,SDN,2006,49.111,2026-08-08 02:11:14.525335
5666,Sudan,SDN,2007,48.81,2026-08-08 02:11:14.525335
5665,Sudan,SDN,2008,48.463,2026-08-08 02:11:14.525335
5664,Sudan,SDN,2009,48.694,2026-08-08 02:11:14.525335
5663,Sudan,SDN,2010,48.742,2026-08-08 02:11:14.525335
5662,Sudan,SDN,2011,48.786,2026-08-08 02:11:14.525335
5661,Sudan,SDN,2012,47.835,2026-08-08 02:11:14.525335
5660,Sudan,SDN,2013,46.806,2026-08-08 02:11:14.525335
5659,Sudan,SDN,2014,45.715,2026-08-08 02:11:14.525335
5658,Sudan,SDN,2015,44.612,2026-08-08 02:11:14.525335
5657,Sudan,SDN,2016,43.514,2026-08-08 02:11:14.525335
5656,Sudan,SDN,2017,42.409,2026-08-08 02:11:14.525335
5655,Sudan,SDN,2018,41.353,2026-08-08 02:11:14.525335
5654,Sudan,SDN,2019,40.373,2026-08-08 02:11:14.525335
5653,Sudan,SDN,2020,39.121,2026-08-08 02:11:14.525335
5652,Sudan,SDN,2021,38.353,2026-08-08 02:11:14.525335
5651,Sudan,SDN,2022,37.523,2026-08-08 02:11:14.525335
5185,Senegal,SEN,1990,51.146,2026-08-08 02:11:14.525335
5184,Senegal,SEN,1991,51.067,2026-08-08 02:11:14.525335
5183,Senegal,SEN,1992,50.978,2026-08-08 02:11:14.525335
5182,Senegal,SEN,1993,50.884,2026-08-08 02:11:14.525335
5181,Senegal,SEN,1994,50.79,2026-08-08 02:11:14.525335
5180,Senegal,SEN,1995,50.7,2026-08-08 02:11:14.525335
5179,Senegal,SEN,1996,50.615,2026-08-08 02:11:14.525335
5178,Senegal,SEN,1997,50.538,2026-08-08 02:11:14.525335
5177,Senegal,SEN,1998,50.466,2026-08-08 02:11:14.525335
5176,Senegal,SEN,1999,50.399,2026-08-08 02:11:14.525335
5175,Senegal,SEN,2000,50.337,2026-08-08 02:11:14.525335
5174,Senegal,SEN,2001,50.277,2026-08-08 02:11:14.525335
5173,Senegal,SEN,2002,50.195,2026-08-08 02:11:14.525335
5172,Senegal,SEN,2003,50.119,2026-08-08 02:11:14.525335
5171,Senegal,SEN,2004,50.074,2026-08-08 02:11:14.525335
5170,Senegal,SEN,2005,50.034,2026-08-08 02:11:14.525335
5169,Senegal,SEN,2006,50.0,2026-08-08 02:11:14.525335
5168,Senegal,SEN,2007,49.497,2026-08-08 02:11:14.525335
5167,Senegal,SEN,2008,48.994,2026-08-08 02:11:14.525335
5166,Senegal,SEN,2009,48.492,2026-08-08 02:11:14.525335
5165,Senegal,SEN,2010,47.989,2026-08-08 02:11:14.525335
5164,Senegal,SEN,2011,47.487,2026-08-08 02:11:14.525335
5163,Senegal,SEN,2012,46.986,2026-08-08 02:11:14.525335
5162,Senegal,SEN,2013,46.485,2026-08-08 02:11:14.525335
5161,Senegal,SEN,2014,45.985,2026-08-08 02:11:14.525335
5160,Senegal,SEN,2015,45.486,2026-08-08 02:11:14.525335
5159,Senegal,SEN,2016,50.116,2026-08-08 02:11:14.525335
5158,Senegal,SEN,2017,46.002,2026-08-08 02:11:14.525335
5157,Senegal,SEN,2018,48.353,2026-08-08 02:11:14.525335
5156,Senegal,SEN,2019,50.712,2026-08-08 02:11:14.525335
5155,Senegal,SEN,2020,50.716,2026-08-08 02:11:14.525335
5154,Senegal,SEN,2021,51.681,2026-08-08 02:11:14.525335
5153,Senegal,SEN,2022,51.946,2026-08-08 02:11:14.525335
5152,Senegal,SEN,2023,51.881,2026-08-08 02:11:14.525335
5151,Senegal,SEN,2024,51.85,2026-08-08 02:11:14.525335
5150,Senegal,SEN,2025,52.019,2026-08-08 02:11:14.525335
5293,Singapore,SGP,1990,61.03,2026-08-08 02:11:14.525335
5292,Singapore,SGP,1991,61.66,2026-08-08 02:11:14.525335
5291,Singapore,SGP,1992,62.138,2026-08-08 02:11:14.525335
5290,Singapore,SGP,1993,62.453,2026-08-08 02:11:14.525335
5289,Singapore,SGP,1994,62.945,2026-08-08 02:11:14.525335
5288,Singapore,SGP,1995,63.683,2026-08-08 02:11:14.525335
5287,Singapore,SGP,1996,64.226,2026-08-08 02:11:14.525335
5286,Singapore,SGP,1997,64.737,2026-08-08 02:11:14.525335
5285,Singapore,SGP,1998,65.176,2026-08-08 02:11:14.525335
5284,Singapore,SGP,1999,65.265,2026-08-08 02:11:14.525335
5283,Singapore,SGP,2000,65.365,2026-08-08 02:11:14.525335
5282,Singapore,SGP,2001,65.461,2026-08-08 02:11:14.525335
5281,Singapore,SGP,2002,64.622,2026-08-08 02:11:14.525335
5280,Singapore,SGP,2003,64.698,2026-08-08 02:11:14.525335
5279,Singapore,SGP,2004,64.569,2026-08-08 02:11:14.525335
5278,Singapore,SGP,2005,65.197,2026-08-08 02:11:14.525335
5277,Singapore,SGP,2006,66.08,2026-08-08 02:11:14.525335
5276,Singapore,SGP,2007,65.497,2026-08-08 02:11:14.525335
5275,Singapore,SGP,2008,66.615,2026-08-08 02:11:14.525335
5274,Singapore,SGP,2009,66.57,2026-08-08 02:11:14.525335
5273,Singapore,SGP,2010,67.37,2026-08-08 02:11:14.525335
5272,Singapore,SGP,2011,67.376,2026-08-08 02:11:14.525335
5271,Singapore,SGP,2012,67.943,2026-08-08 02:11:14.525335
5270,Singapore,SGP,2013,67.768,2026-08-08 02:11:14.525335
5269,Singapore,SGP,2014,68.556,2026-08-08 02:11:14.525335
5268,Singapore,SGP,2015,69.53,2026-08-08 02:11:14.525335
5267,Singapore,SGP,2016,69.244,2026-08-08 02:11:14.525335
5266,Singapore,SGP,2017,68.943,2026-08-08 02:11:14.525335
5265,Singapore,SGP,2018,68.581,2026-08-08 02:11:14.525335
5264,Singapore,SGP,2019,68.986,2026-08-08 02:11:14.525335
5263,Singapore,SGP,2020,68.712,2026-08-08 02:11:14.525335
5262,Singapore,SGP,2021,70.686,2026-08-08 02:11:14.525335
5261,Singapore,SGP,2022,69.734,2026-08-08 02:11:14.525335
5260,Singapore,SGP,2023,69.394,2026-08-08 02:11:14.525335
5259,Singapore,SGP,2024,69.202,2026-08-08 02:11:14.525335
5258,Singapore,SGP,2025,69.673,2026-08-08 02:11:14.525335
5401,Solomon Islands,SLB,1990,83.473,2026-08-08 02:11:14.525335
5400,Solomon Islands,SLB,1991,83.336,2026-08-08 02:11:14.525335
5399,Solomon Islands,SLB,1992,82.967,2026-08-08 02:11:14.525335
5398,Solomon Islands,SLB,1993,82.939,2026-08-08 02:11:14.525335
5397,Solomon Islands,SLB,1994,82.768,2026-08-08 02:11:14.525335
5396,Solomon Islands,SLB,1995,82.542,2026-08-08 02:11:14.525335
5395,Solomon Islands,SLB,1996,82.653,2026-08-08 02:11:14.525335
5394,Solomon Islands,SLB,1997,82.873,2026-08-08 02:11:14.525335
5393,Solomon Islands,SLB,1998,83.009,2026-08-08 02:11:14.525335
5392,Solomon Islands,SLB,1999,83.211,2026-08-08 02:11:14.525335
5391,Solomon Islands,SLB,2000,83.982,2026-08-08 02:11:14.525335
5390,Solomon Islands,SLB,2001,84.466,2026-08-08 02:11:14.525335
5389,Solomon Islands,SLB,2002,84.738,2026-08-08 02:11:14.525335
5388,Solomon Islands,SLB,2003,84.662,2026-08-08 02:11:14.525335
5387,Solomon Islands,SLB,2004,84.549,2026-08-08 02:11:14.525335
5386,Solomon Islands,SLB,2005,84.453,2026-08-08 02:11:14.525335
5385,Solomon Islands,SLB,2006,84.474,2026-08-08 02:11:14.525335
5384,Solomon Islands,SLB,2007,84.511,2026-08-08 02:11:14.525335
5383,Solomon Islands,SLB,2008,84.456,2026-08-08 02:11:14.525335
5382,Solomon Islands,SLB,2009,84.509,2026-08-08 02:11:14.525335
5381,Solomon Islands,SLB,2010,84.335,2026-08-08 02:11:14.525335
5380,Solomon Islands,SLB,2011,84.239,2026-08-08 02:11:14.525335
5379,Solomon Islands,SLB,2012,84.305,2026-08-08 02:11:14.525335
5378,Solomon Islands,SLB,2013,84.273,2026-08-08 02:11:14.525335
5377,Solomon Islands,SLB,2014,84.367,2026-08-08 02:11:14.525335
5376,Solomon Islands,SLB,2015,84.427,2026-08-08 02:11:14.525335
5375,Solomon Islands,SLB,2016,84.34,2026-08-08 02:11:14.525335
5374,Solomon Islands,SLB,2017,84.32,2026-08-08 02:11:14.525335
5373,Solomon Islands,SLB,2018,84.304,2026-08-08 02:11:14.525335
5372,Solomon Islands,SLB,2019,84.313,2026-08-08 02:11:14.525335
5371,Solomon Islands,SLB,2020,83.518,2026-08-08 02:11:14.525335
5370,Solomon Islands,SLB,2021,83.907,2026-08-08 02:11:14.525335
5369,Solomon Islands,SLB,2022,84.284,2026-08-08 02:11:14.525335
5368,Solomon Islands,SLB,2023,84.28,2026-08-08 02:11:14.525335
5367,Solomon Islands,SLB,2024,84.276,2026-08-08 02:11:14.525335
5366,Solomon Islands,SLB,2025,84.296,2026-08-08 02:11:14.525335
5257,Sierra Leone,SLE,1990,64.348,2026-08-08 02:11:14.525335
5256,Sierra Leone,SLE,1991,64.371,2026-08-08 02:11:14.525335
5255,Sierra Leone,SLE,1992,64.397,2026-08-08 02:11:14.525335
5254,Sierra Leone,SLE,1993,64.424,2026-08-08 02:11:14.525335
5253,Sierra Leone,SLE,1994,64.451,2026-08-08 02:11:14.525335
5252,Sierra Leone,SLE,1995,64.478,2026-08-08 02:11:14.525335
5251,Sierra Leone,SLE,1996,64.505,2026-08-08 02:11:14.525335
5250,Sierra Leone,SLE,1997,64.53,2026-08-08 02:11:14.525335
5249,Sierra Leone,SLE,1998,64.556,2026-08-08 02:11:14.525335
5248,Sierra Leone,SLE,1999,64.591,2026-08-08 02:11:14.525335
5247,Sierra Leone,SLE,2000,64.619,2026-08-08 02:11:14.525335
5246,Sierra Leone,SLE,2001,64.632,2026-08-08 02:11:14.525335
5245,Sierra Leone,SLE,2002,64.639,2026-08-08 02:11:14.525335
5244,Sierra Leone,SLE,2003,64.64,2026-08-08 02:11:14.525335
5243,Sierra Leone,SLE,2004,66.11,2026-08-08 02:11:14.525335
5242,Sierra Leone,SLE,2005,65.234,2026-08-08 02:11:14.525335
5241,Sierra Leone,SLE,2006,64.348,2026-08-08 02:11:14.525335
5240,Sierra Leone,SLE,2007,63.452,2026-08-08 02:11:14.525335
5239,Sierra Leone,SLE,2008,62.547,2026-08-08 02:11:14.525335
5238,Sierra Leone,SLE,2009,61.632,2026-08-08 02:11:14.525335
5237,Sierra Leone,SLE,2010,60.71,2026-08-08 02:11:14.525335
5236,Sierra Leone,SLE,2011,59.779,2026-08-08 02:11:14.525335
5235,Sierra Leone,SLE,2012,58.842,2026-08-08 02:11:14.525335
5234,Sierra Leone,SLE,2013,57.898,2026-08-08 02:11:14.525335
5233,Sierra Leone,SLE,2014,56.948,2026-08-08 02:11:14.525335
5232,Sierra Leone,SLE,2015,56.193,2026-08-08 02:11:14.525335
5231,Sierra Leone,SLE,2016,55.435,2026-08-08 02:11:14.525335
5230,Sierra Leone,SLE,2017,54.675,2026-08-08 02:11:14.525335
5229,Sierra Leone,SLE,2018,53.912,2026-08-08 02:11:14.525335
5228,Sierra Leone,SLE,2019,53.81,2026-08-08 02:11:14.525335
5227,Sierra Leone,SLE,2020,53.299,2026-08-08 02:11:14.525335
5226,Sierra Leone,SLE,2021,53.612,2026-08-08 02:11:14.525335
5225,Sierra Leone,SLE,2022,53.665,2026-08-08 02:11:14.525335
5224,Sierra Leone,SLE,2023,53.633,2026-08-08 02:11:14.525335
5223,Sierra Leone,SLE,2024,53.584,2026-08-08 02:11:14.525335
5222,Sierra Leone,SLE,2025,53.372,2026-08-08 02:11:14.525335
1843,El Salvador,SLV,1990,61.559,2026-08-08 02:11:14.525335
1842,El Salvador,SLV,1991,61.584,2026-08-08 02:11:14.525335
1841,El Salvador,SLV,1992,61.714,2026-08-08 02:11:14.525335
1840,El Salvador,SLV,1993,62.565,2026-08-08 02:11:14.525335
1839,El Salvador,SLV,1994,63.397,2026-08-08 02:11:14.525335
1838,El Salvador,SLV,1995,62.371,2026-08-08 02:11:14.525335
1837,El Salvador,SLV,1996,60.814,2026-08-08 02:11:14.525335
1836,El Salvador,SLV,1997,60.51,2026-08-08 02:11:14.525335
1835,El Salvador,SLV,1998,62.631,2026-08-08 02:11:14.525335
1834,El Salvador,SLV,1999,62.129,2026-08-08 02:11:14.525335
1833,El Salvador,SLV,2000,61.538,2026-08-08 02:11:14.525335
1832,El Salvador,SLV,2001,60.947,2026-08-08 02:11:14.525335
1831,El Salvador,SLV,2002,60.35,2026-08-08 02:11:14.525335
1830,El Salvador,SLV,2003,61.766,2026-08-08 02:11:14.525335
1829,El Salvador,SLV,2004,60.242,2026-08-08 02:11:14.525335
1828,El Salvador,SLV,2005,60.6,2026-08-08 02:11:14.525335
1827,El Salvador,SLV,2006,60.921,2026-08-08 02:11:14.525335
1826,El Salvador,SLV,2007,61.389,2026-08-08 02:11:14.525335
1825,El Salvador,SLV,2008,60.924,2026-08-08 02:11:14.525335
1824,El Salvador,SLV,2009,60.421,2026-08-08 02:11:14.525335
1823,El Salvador,SLV,2010,59.889,2026-08-08 02:11:14.525335
1822,El Salvador,SLV,2011,59.579,2026-08-08 02:11:14.525335
1821,El Salvador,SLV,2012,60.197,2026-08-08 02:11:14.525335
1820,El Salvador,SLV,2013,60.524,2026-08-08 02:11:14.525335
1819,El Salvador,SLV,2014,59.397,2026-08-08 02:11:14.525335
1818,El Salvador,SLV,2015,58.688,2026-08-08 02:11:14.525335
1817,El Salvador,SLV,2016,59.261,2026-08-08 02:11:14.525335
1816,El Salvador,SLV,2017,59.006,2026-08-08 02:11:14.525335
1815,El Salvador,SLV,2018,58.728,2026-08-08 02:11:14.525335
1814,El Salvador,SLV,2019,59.887,2026-08-08 02:11:14.525335
1813,El Salvador,SLV,2020,56.52,2026-08-08 02:11:14.525335
1812,El Salvador,SLV,2021,59.173,2026-08-08 02:11:14.525335
1811,El Salvador,SLV,2022,60.08,2026-08-08 02:11:14.525335
1810,El Salvador,SLV,2023,61.56,2026-08-08 02:11:14.525335
1809,El Salvador,SLV,2024,61.919,2026-08-08 02:11:14.525335
1808,El Salvador,SLV,2025,62.107,2026-08-08 02:11:14.525335
5437,"Somalia, Fed. Rep.",SOM,1990,33.997,2026-08-08 02:11:14.525335
5436,"Somalia, Fed. Rep.",SOM,1991,33.983,2026-08-08 02:11:14.525335
5435,"Somalia, Fed. Rep.",SOM,1992,33.862,2026-08-08 02:11:14.525335
5434,"Somalia, Fed. Rep.",SOM,1993,33.827,2026-08-08 02:11:14.525335
5433,"Somalia, Fed. Rep.",SOM,1994,33.876,2026-08-08 02:11:14.525335
5432,"Somalia, Fed. Rep.",SOM,1995,33.921,2026-08-08 02:11:14.525335
5431,"Somalia, Fed. Rep.",SOM,1996,33.96,2026-08-08 02:11:14.525335
5430,"Somalia, Fed. Rep.",SOM,1997,33.995,2026-08-08 02:11:14.525335
5429,"Somalia, Fed. Rep.",SOM,1998,34.028,2026-08-08 02:11:14.525335
5428,"Somalia, Fed. Rep.",SOM,1999,34.059,2026-08-08 02:11:14.525335
5427,"Somalia, Fed. Rep.",SOM,2000,34.087,2026-08-08 02:11:14.525335
5426,"Somalia, Fed. Rep.",SOM,2001,34.114,2026-08-08 02:11:14.525335
5425,"Somalia, Fed. Rep.",SOM,2002,34.143,2026-08-08 02:11:14.525335
5424,"Somalia, Fed. Rep.",SOM,2003,34.176,2026-08-08 02:11:14.525335
5423,"Somalia, Fed. Rep.",SOM,2004,34.224,2026-08-08 02:11:14.525335
5422,"Somalia, Fed. Rep.",SOM,2005,34.303,2026-08-08 02:11:14.525335
5421,"Somalia, Fed. Rep.",SOM,2006,34.407,2026-08-08 02:11:14.525335
5420,"Somalia, Fed. Rep.",SOM,2007,34.485,2026-08-08 02:11:14.525335
5419,"Somalia, Fed. Rep.",SOM,2008,34.497,2026-08-08 02:11:14.525335
5418,"Somalia, Fed. Rep.",SOM,2009,34.473,2026-08-08 02:11:14.525335
5417,"Somalia, Fed. Rep.",SOM,2010,34.438,2026-08-08 02:11:14.525335
5416,"Somalia, Fed. Rep.",SOM,2011,34.336,2026-08-08 02:11:14.525335
5415,"Somalia, Fed. Rep.",SOM,2012,34.232,2026-08-08 02:11:14.525335
5414,"Somalia, Fed. Rep.",SOM,2013,34.2,2026-08-08 02:11:14.525335
5413,"Somalia, Fed. Rep.",SOM,2014,34.178,2026-08-08 02:11:14.525335
5412,"Somalia, Fed. Rep.",SOM,2015,34.157,2026-08-08 02:11:14.525335
5411,"Somalia, Fed. Rep.",SOM,2016,34.135,2026-08-08 02:11:14.525335
5410,"Somalia, Fed. Rep.",SOM,2017,34.102,2026-08-08 02:11:14.525335
5409,"Somalia, Fed. Rep.",SOM,2018,34.062,2026-08-08 02:11:14.525335
5408,"Somalia, Fed. Rep.",SOM,2019,34.03,2026-08-08 02:11:14.525335
5407,"Somalia, Fed. Rep.",SOM,2020,33.707,2026-08-08 02:11:14.525335
5406,"Somalia, Fed. Rep.",SOM,2021,33.733,2026-08-08 02:11:14.525335
5405,"Somalia, Fed. Rep.",SOM,2022,33.922,2026-08-08 02:11:14.525335
5404,"Somalia, Fed. Rep.",SOM,2023,33.909,2026-08-08 02:11:14.525335
5403,"Somalia, Fed. Rep.",SOM,2024,33.9,2026-08-08 02:11:14.525335
5402,"Somalia, Fed. Rep.",SOM,2025,33.846,2026-08-08 02:11:14.525335
5221,Serbia,SRB,1990,58.92,2026-08-08 02:11:14.525335
5220,Serbia,SRB,1991,59.091,2026-08-08 02:11:14.525335
5219,Serbia,SRB,1992,59.009,2026-08-08 02:11:14.525335
5218,Serbia,SRB,1993,58.774,2026-08-08 02:11:14.525335
5217,Serbia,SRB,1994,58.204,2026-08-08 02:11:14.525335
5216,Serbia,SRB,1995,57.555,2026-08-08 02:11:14.525335
5215,Serbia,SRB,1996,56.818,2026-08-08 02:11:14.525335
5214,Serbia,SRB,1997,55.975,2026-08-08 02:11:14.525335
5213,Serbia,SRB,1998,55.488,2026-08-08 02:11:14.525335
5212,Serbia,SRB,1999,56.22,2026-08-08 02:11:14.525335
5211,Serbia,SRB,2000,55.745,2026-08-08 02:11:14.525335
5210,Serbia,SRB,2001,55.28,2026-08-08 02:11:14.525335
5209,Serbia,SRB,2002,54.857,2026-08-08 02:11:14.525335
5208,Serbia,SRB,2003,54.518,2026-08-08 02:11:14.525335
5207,Serbia,SRB,2004,54.08,2026-08-08 02:11:14.525335
5206,Serbia,SRB,2005,53.7,2026-08-08 02:11:14.525335
5205,Serbia,SRB,2006,53.413,2026-08-08 02:11:14.525335
5204,Serbia,SRB,2007,53.502,2026-08-08 02:11:14.525335
5203,Serbia,SRB,2008,52.792,2026-08-08 02:11:14.525335
5202,Serbia,SRB,2009,50.961,2026-08-08 02:11:14.525335
5201,Serbia,SRB,2010,49.653,2026-08-08 02:11:14.525335
5200,Serbia,SRB,2011,49.749,2026-08-08 02:11:14.525335
5199,Serbia,SRB,2012,50.154,2026-08-08 02:11:14.525335
5198,Serbia,SRB,2013,51.154,2026-08-08 02:11:14.525335
5197,Serbia,SRB,2014,51.602,2026-08-08 02:11:14.525335
5196,Serbia,SRB,2015,51.222,2026-08-08 02:11:14.525335
5195,Serbia,SRB,2016,52.972,2026-08-08 02:11:14.525335
5194,Serbia,SRB,2017,53.554,2026-08-08 02:11:14.525335
5193,Serbia,SRB,2018,53.962,2026-08-08 02:11:14.525335
5192,Serbia,SRB,2019,54.063,2026-08-08 02:11:14.525335
5191,Serbia,SRB,2020,53.373,2026-08-08 02:11:14.525335
5190,Serbia,SRB,2021,56.178,2026-08-08 02:11:14.525335
5189,Serbia,SRB,2022,57.066,2026-08-08 02:11:14.525335
5188,Serbia,SRB,2023,58.095,2026-08-08 02:11:14.525335
5187,Serbia,SRB,2024,59.162,2026-08-08 02:11:14.525335
5186,Serbia,SRB,2025,59.142,2026-08-08 02:11:14.525335
5507,South Sudan,SSD,1990,74.355,2026-08-08 02:11:14.525335
5506,South Sudan,SSD,1991,74.36,2026-08-08 02:11:14.525335
5505,South Sudan,SSD,1992,74.381,2026-08-08 02:11:14.525335
5504,South Sudan,SSD,1993,74.418,2026-08-08 02:11:14.525335
5503,South Sudan,SSD,1994,74.435,2026-08-08 02:11:14.525335
5502,South Sudan,SSD,1995,74.447,2026-08-08 02:11:14.525335
5501,South Sudan,SSD,1996,74.478,2026-08-08 02:11:14.525335
5500,South Sudan,SSD,1997,74.49,2026-08-08 02:11:14.525335
5499,South Sudan,SSD,1998,74.442,2026-08-08 02:11:14.525335
5498,South Sudan,SSD,1999,74.385,2026-08-08 02:11:14.525335
5497,South Sudan,SSD,2000,74.366,2026-08-08 02:11:14.525335
5496,South Sudan,SSD,2001,74.374,2026-08-08 02:11:14.525335
5495,South Sudan,SSD,2002,74.419,2026-08-08 02:11:14.525335
5494,South Sudan,SSD,2003,74.463,2026-08-08 02:11:14.525335
5493,South Sudan,SSD,2004,74.431,2026-08-08 02:11:14.525335
5492,South Sudan,SSD,2005,74.336,2026-08-08 02:11:14.525335
5491,South Sudan,SSD,2006,74.225,2026-08-08 02:11:14.525335
5490,South Sudan,SSD,2007,74.106,2026-08-08 02:11:14.525335
5489,South Sudan,SSD,2008,73.992,2026-08-08 02:11:14.525335
5488,South Sudan,SSD,2009,73.899,2026-08-08 02:11:14.525335
5487,South Sudan,SSD,2010,73.761,2026-08-08 02:11:14.525335
5486,South Sudan,SSD,2011,73.622,2026-08-08 02:11:14.525335
5485,South Sudan,SSD,2012,73.565,2026-08-08 02:11:14.525335
5484,South Sudan,SSD,2013,73.553,2026-08-08 02:11:14.525335
5483,South Sudan,SSD,2014,73.69,2026-08-08 02:11:14.525335
5482,South Sudan,SSD,2015,73.829,2026-08-08 02:11:14.525335
5481,South Sudan,SSD,2016,73.978,2026-08-08 02:11:14.525335
5480,South Sudan,SSD,2017,74.269,2026-08-08 02:11:14.525335
5479,South Sudan,SSD,2018,74.238,2026-08-08 02:11:14.525335
5478,South Sudan,SSD,2019,73.937,2026-08-08 02:11:14.525335
5477,South Sudan,SSD,2020,73.234,2026-08-08 02:11:14.525335
5476,South Sudan,SSD,2021,73.504,2026-08-08 02:11:14.525335
5475,South Sudan,SSD,2022,73.536,2026-08-08 02:11:14.525335
5474,South Sudan,SSD,2023,73.408,2026-08-08 02:11:14.525335
5113,Sao Tome and Principe,STP,1990,24.676,2026-08-08 02:11:14.525335
5112,Sao Tome and Principe,STP,1991,24.689,2026-08-08 02:11:14.525335
5111,Sao Tome and Principe,STP,1992,24.702,2026-08-08 02:11:14.525335
5110,Sao Tome and Principe,STP,1993,24.698,2026-08-08 02:11:14.525335
5109,Sao Tome and Principe,STP,1994,24.677,2026-08-08 02:11:14.525335
5108,Sao Tome and Principe,STP,1995,24.64,2026-08-08 02:11:14.525335
5107,Sao Tome and Principe,STP,1996,24.586,2026-08-08 02:11:14.525335
5106,Sao Tome and Principe,STP,1997,24.512,2026-08-08 02:11:14.525335
5105,Sao Tome and Principe,STP,1998,24.417,2026-08-08 02:11:14.525335
5104,Sao Tome and Principe,STP,1999,24.306,2026-08-08 02:11:14.525335
5103,Sao Tome and Principe,STP,2000,24.185,2026-08-08 02:11:14.525335
5102,Sao Tome and Principe,STP,2001,24.114,2026-08-08 02:11:14.525335
5101,Sao Tome and Principe,STP,2002,24.087,2026-08-08 02:11:14.525335
5100,Sao Tome and Principe,STP,2003,24.059,2026-08-08 02:11:14.525335
5099,Sao Tome and Principe,STP,2004,24.038,2026-08-08 02:11:14.525335
5098,Sao Tome and Principe,STP,2005,24.023,2026-08-08 02:11:14.525335
5097,Sao Tome and Principe,STP,2006,24.016,2026-08-08 02:11:14.525335
5096,Sao Tome and Principe,STP,2007,24.018,2026-08-08 02:11:14.525335
5095,Sao Tome and Principe,STP,2008,24.028,2026-08-08 02:11:14.525335
5094,Sao Tome and Principe,STP,2009,24.034,2026-08-08 02:11:14.525335
5093,Sao Tome and Principe,STP,2010,24.028,2026-08-08 02:11:14.525335
5092,Sao Tome and Principe,STP,2011,24.01,2026-08-08 02:11:14.525335
5091,Sao Tome and Principe,STP,2012,24.011,2026-08-08 02:11:14.525335
5090,Sao Tome and Principe,STP,2013,24.025,2026-08-08 02:11:14.525335
5089,Sao Tome and Principe,STP,2014,24.023,2026-08-08 02:11:14.525335
5088,Sao Tome and Principe,STP,2015,23.999,2026-08-08 02:11:14.525335
5087,Sao Tome and Principe,STP,2016,23.951,2026-08-08 02:11:14.525335
5086,Sao Tome and Principe,STP,2017,23.88,2026-08-08 02:11:14.525335
5085,Sao Tome and Principe,STP,2018,23.794,2026-08-08 02:11:14.525335
5084,Sao Tome and Principe,STP,2019,23.693,2026-08-08 02:11:14.525335
5083,Sao Tome and Principe,STP,2020,23.123,2026-08-08 02:11:14.525335
5082,Sao Tome and Principe,STP,2021,23.308,2026-08-08 02:11:14.525335
5081,Sao Tome and Principe,STP,2022,23.509,2026-08-08 02:11:14.525335
5080,Sao Tome and Principe,STP,2023,23.445,2026-08-08 02:11:14.525335
5079,Sao Tome and Principe,STP,2024,23.391,2026-08-08 02:11:14.525335
5078,Sao Tome and Principe,STP,2025,23.342,2026-08-08 02:11:14.525335
5719,Suriname,SUR,1990,48.151,2026-08-08 02:11:14.525335
5718,Suriname,SUR,1991,48.228,2026-08-08 02:11:14.525335
5717,Suriname,SUR,1992,48.219,2026-08-08 02:11:14.525335
5716,Suriname,SUR,1993,47.945,2026-08-08 02:11:14.525335
5715,Suriname,SUR,1994,48.043,2026-08-08 02:11:14.525335
5714,Suriname,SUR,1995,47.98,2026-08-08 02:11:14.525335
5713,Suriname,SUR,1996,47.637,2026-08-08 02:11:14.525335
5712,Suriname,SUR,1997,47.294,2026-08-08 02:11:14.525335
5711,Suriname,SUR,1998,46.952,2026-08-08 02:11:14.525335
5710,Suriname,SUR,1999,46.61,2026-08-08 02:11:14.525335
5709,Suriname,SUR,2000,47.169,2026-08-08 02:11:14.525335
5708,Suriname,SUR,2001,47.729,2026-08-08 02:11:14.525335
5707,Suriname,SUR,2002,48.289,2026-08-08 02:11:14.525335
5706,Suriname,SUR,2003,48.85,2026-08-08 02:11:14.525335
5705,Suriname,SUR,2004,49.411,2026-08-08 02:11:14.525335
5704,Suriname,SUR,2005,49.972,2026-08-08 02:11:14.525335
5703,Suriname,SUR,2006,50.533,2026-08-08 02:11:14.525335
5702,Suriname,SUR,2007,51.094,2026-08-08 02:11:14.525335
5701,Suriname,SUR,2008,51.655,2026-08-08 02:11:14.525335
5700,Suriname,SUR,2009,52.216,2026-08-08 02:11:14.525335
5699,Suriname,SUR,2010,52.775,2026-08-08 02:11:14.525335
5698,Suriname,SUR,2011,53.335,2026-08-08 02:11:14.525335
5697,Suriname,SUR,2012,53.893,2026-08-08 02:11:14.525335
5696,Suriname,SUR,2013,54.45,2026-08-08 02:11:14.525335
5695,Suriname,SUR,2014,55.006,2026-08-08 02:11:14.525335
5694,Suriname,SUR,2015,55.561,2026-08-08 02:11:14.525335
5693,Suriname,SUR,2016,56.115,2026-08-08 02:11:14.525335
5692,Suriname,SUR,2017,56.138,2026-08-08 02:11:14.525335
5691,Suriname,SUR,2018,56.302,2026-08-08 02:11:14.525335
5690,Suriname,SUR,2019,56.308,2026-08-08 02:11:14.525335
5689,Suriname,SUR,2020,52.653,2026-08-08 02:11:14.525335
5688,Suriname,SUR,2021,53.245,2026-08-08 02:11:14.525335
5687,Suriname,SUR,2022,53.411,2026-08-08 02:11:14.525335
5686,Suriname,SUR,2023,53.583,2026-08-08 02:11:14.525335
5685,Suriname,SUR,2024,53.835,2026-08-08 02:11:14.525335
5684,Suriname,SUR,2025,53.823,2026-08-08 02:11:14.525335
5329,Slovak Republic,SVK,1990,65.51,2026-08-08 02:11:14.525335
5328,Slovak Republic,SVK,1991,66.094,2026-08-08 02:11:14.525335
5327,Slovak Republic,SVK,1992,64.176,2026-08-08 02:11:14.525335
5326,Slovak Republic,SVK,1993,62.159,2026-08-08 02:11:14.525335
5325,Slovak Republic,SVK,1994,59.887,2026-08-08 02:11:14.525335
5324,Slovak Republic,SVK,1995,59.827,2026-08-08 02:11:14.525335
5323,Slovak Republic,SVK,1996,60.158,2026-08-08 02:11:14.525335
5322,Slovak Republic,SVK,1997,59.676,2026-08-08 02:11:14.525335
5321,Slovak Republic,SVK,1998,59.083,2026-08-08 02:11:14.525335
5320,Slovak Republic,SVK,1999,59.263,2026-08-08 02:11:14.525335
5319,Slovak Republic,SVK,2000,59.662,2026-08-08 02:11:14.525335
5318,Slovak Republic,SVK,2001,60.199,2026-08-08 02:11:14.525335
5317,Slovak Republic,SVK,2002,59.926,2026-08-08 02:11:14.525335
5316,Slovak Republic,SVK,2003,60.304,2026-08-08 02:11:14.525335
5315,Slovak Republic,SVK,2004,60.072,2026-08-08 02:11:14.525335
5314,Slovak Republic,SVK,2005,59.463,2026-08-08 02:11:14.525335
5313,Slovak Republic,SVK,2006,59.062,2026-08-08 02:11:14.525335
5312,Slovak Republic,SVK,2007,58.722,2026-08-08 02:11:14.525335
5311,Slovak Republic,SVK,2008,59.175,2026-08-08 02:11:14.525335
5310,Slovak Republic,SVK,2009,58.702,2026-08-08 02:11:14.525335
5309,Slovak Republic,SVK,2010,58.835,2026-08-08 02:11:14.525335
5308,Slovak Republic,SVK,2011,58.801,2026-08-08 02:11:14.525335
5307,Slovak Republic,SVK,2012,59.183,2026-08-08 02:11:14.525335
5306,Slovak Republic,SVK,2013,59.248,2026-08-08 02:11:14.525335
5305,Slovak Republic,SVK,2014,59.787,2026-08-08 02:11:14.525335
5304,Slovak Republic,SVK,2015,59.625,2026-08-08 02:11:14.525335
5303,Slovak Republic,SVK,2016,60.008,2026-08-08 02:11:14.525335
5302,Slovak Republic,SVK,2017,59.893,2026-08-08 02:11:14.525335
5301,Slovak Republic,SVK,2018,59.727,2026-08-08 02:11:14.525335
5300,Slovak Republic,SVK,2019,59.556,2026-08-08 02:11:14.525335
5299,Slovak Republic,SVK,2020,58.906,2026-08-08 02:11:14.525335
5298,Slovak Republic,SVK,2021,60.201,2026-08-08 02:11:14.525335
5297,Slovak Republic,SVK,2022,61.157,2026-08-08 02:11:14.525335
5296,Slovak Republic,SVK,2023,61.172,2026-08-08 02:11:14.525335
5295,Slovak Republic,SVK,2024,60.798,2026-08-08 02:11:14.525335
5294,Slovak Republic,SVK,2025,60.422,2026-08-08 02:11:14.525335
5365,Slovenia,SVN,1990,58.527,2026-08-08 02:11:14.525335
5364,Slovenia,SVN,1991,58.354,2026-08-08 02:11:14.525335
5363,Slovenia,SVN,1992,58.219,2026-08-08 02:11:14.525335
5362,Slovenia,SVN,1993,58.055,2026-08-08 02:11:14.525335
5361,Slovenia,SVN,1994,57.902,2026-08-08 02:11:14.525335
5360,Slovenia,SVN,1995,57.742,2026-08-08 02:11:14.525335
5359,Slovenia,SVN,1996,57.613,2026-08-08 02:11:14.525335
5358,Slovenia,SVN,1997,58.513,2026-08-08 02:11:14.525335
5357,Slovenia,SVN,1998,59.452,2026-08-08 02:11:14.525335
5356,Slovenia,SVN,1999,58.239,2026-08-08 02:11:14.525335
5355,Slovenia,SVN,2000,57.557,2026-08-08 02:11:14.525335
5354,Slovenia,SVN,2001,57.789,2026-08-08 02:11:14.525335
5353,Slovenia,SVN,2002,58.377,2026-08-08 02:11:14.525335
5352,Slovenia,SVN,2003,56.712,2026-08-08 02:11:14.525335
5351,Slovenia,SVN,2004,59.091,2026-08-08 02:11:14.525335
5350,Slovenia,SVN,2005,59.342,2026-08-08 02:11:14.525335
5349,Slovenia,SVN,2006,59.466,2026-08-08 02:11:14.525335
5348,Slovenia,SVN,2007,59.987,2026-08-08 02:11:14.525335
5347,Slovenia,SVN,2008,59.783,2026-08-08 02:11:14.525335
5346,Slovenia,SVN,2009,59.643,2026-08-08 02:11:14.525335
5345,Slovenia,SVN,2010,59.362,2026-08-08 02:11:14.525335
5344,Slovenia,SVN,2011,58.157,2026-08-08 02:11:14.525335
5343,Slovenia,SVN,2012,57.83,2026-08-08 02:11:14.525335
5342,Slovenia,SVN,2013,57.628,2026-08-08 02:11:14.525335
5341,Slovenia,SVN,2014,57.853,2026-08-08 02:11:14.525335
5340,Slovenia,SVN,2015,57.591,2026-08-08 02:11:14.525335
5339,Slovenia,SVN,2016,56.843,2026-08-08 02:11:14.525335
5338,Slovenia,SVN,2017,58.552,2026-08-08 02:11:14.525335
5337,Slovenia,SVN,2018,58.945,2026-08-08 02:11:14.525335
5336,Slovenia,SVN,2019,58.383,2026-08-08 02:11:14.525335
5335,Slovenia,SVN,2020,57.811,2026-08-08 02:11:14.525335
5334,Slovenia,SVN,2021,58.38,2026-08-08 02:11:14.525335
5333,Slovenia,SVN,2022,59.053,2026-08-08 02:11:14.525335
5332,Slovenia,SVN,2023,58.057,2026-08-08 02:11:14.525335
5331,Slovenia,SVN,2024,57.953,2026-08-08 02:11:14.525335
5330,Slovenia,SVN,2025,57.565,2026-08-08 02:11:14.525335
5755,Sweden,SWE,1990,67.031,2026-08-08 02:11:14.525335
5754,Sweden,SWE,1991,66.287,2026-08-08 02:11:14.525335
5753,Sweden,SWE,1992,64.88,2026-08-08 02:11:14.525335
5752,Sweden,SWE,1993,63.437,2026-08-08 02:11:14.525335
5751,Sweden,SWE,1994,62.704,2026-08-08 02:11:14.525335
5750,Sweden,SWE,1995,63.222,2026-08-08 02:11:14.525335
5749,Sweden,SWE,1996,63.004,2026-08-08 02:11:14.525335
5748,Sweden,SWE,1997,62.709,2026-08-08 02:11:14.525335
5747,Sweden,SWE,1998,62.076,2026-08-08 02:11:14.525335
5746,Sweden,SWE,1999,62.597,2026-08-08 02:11:14.525335
5745,Sweden,SWE,2000,61.994,2026-08-08 02:11:14.525335
5744,Sweden,SWE,2001,62.688,2026-08-08 02:11:14.525335
5743,Sweden,SWE,2002,62.651,2026-08-08 02:11:14.525335
5742,Sweden,SWE,2003,62.64,2026-08-08 02:11:14.525335
5741,Sweden,SWE,2004,62.41,2026-08-08 02:11:14.525335
5740,Sweden,SWE,2005,63.236,2026-08-08 02:11:14.525335
5739,Sweden,SWE,2006,63.335,2026-08-08 02:11:14.525335
5738,Sweden,SWE,2007,63.702,2026-08-08 02:11:14.525335
5737,Sweden,SWE,2008,63.865,2026-08-08 02:11:14.525335
5736,Sweden,SWE,2009,63.36,2026-08-08 02:11:14.525335
5735,Sweden,SWE,2010,63.196,2026-08-08 02:11:14.525335
5734,Sweden,SWE,2011,63.531,2026-08-08 02:11:14.525335
5733,Sweden,SWE,2012,63.527,2026-08-08 02:11:14.525335
5732,Sweden,SWE,2013,63.854,2026-08-08 02:11:14.525335
5731,Sweden,SWE,2014,63.898,2026-08-08 02:11:14.525335
5730,Sweden,SWE,2015,63.922,2026-08-08 02:11:14.525335
5729,Sweden,SWE,2016,64.078,2026-08-08 02:11:14.525335
5728,Sweden,SWE,2017,64.391,2026-08-08 02:11:14.525335
5727,Sweden,SWE,2018,64.5,2026-08-08 02:11:14.525335
5726,Sweden,SWE,2019,64.583,2026-08-08 02:11:14.525335
5725,Sweden,SWE,2020,64.152,2026-08-08 02:11:14.525335
5724,Sweden,SWE,2021,64.176,2026-08-08 02:11:14.525335
5723,Sweden,SWE,2022,64.558,2026-08-08 02:11:14.525335
5722,Sweden,SWE,2023,64.931,2026-08-08 02:11:14.525335
5721,Sweden,SWE,2024,64.735,2026-08-08 02:11:14.525335
5720,Sweden,SWE,2025,64.595,2026-08-08 02:11:14.525335
1987,Eswatini,SWZ,1990,54.407,2026-08-08 02:11:14.525335
1986,Eswatini,SWZ,1991,54.257,2026-08-08 02:11:14.525335
1985,Eswatini,SWZ,1992,54.112,2026-08-08 02:11:14.525335
1984,Eswatini,SWZ,1993,54.037,2026-08-08 02:11:14.525335
1983,Eswatini,SWZ,1994,54.226,2026-08-08 02:11:14.525335
1982,Eswatini,SWZ,1995,54.35,2026-08-08 02:11:14.525335
1981,Eswatini,SWZ,1996,54.188,2026-08-08 02:11:14.525335
1980,Eswatini,SWZ,1997,53.983,2026-08-08 02:11:14.525335
1979,Eswatini,SWZ,1998,53.733,2026-08-08 02:11:14.525335
1978,Eswatini,SWZ,1999,53.474,2026-08-08 02:11:14.525335
1977,Eswatini,SWZ,2000,53.236,2026-08-08 02:11:14.525335
1976,Eswatini,SWZ,2001,53.031,2026-08-08 02:11:14.525335
1975,Eswatini,SWZ,2002,52.857,2026-08-08 02:11:14.525335
1974,Eswatini,SWZ,2003,52.714,2026-08-08 02:11:14.525335
1973,Eswatini,SWZ,2004,52.595,2026-08-08 02:11:14.525335
1972,Eswatini,SWZ,2005,52.496,2026-08-08 02:11:14.525335
1971,Eswatini,SWZ,2006,52.412,2026-08-08 02:11:14.525335
1970,Eswatini,SWZ,2007,52.302,2026-08-08 02:11:14.525335
1969,Eswatini,SWZ,2008,52.15,2026-08-08 02:11:14.525335
1968,Eswatini,SWZ,2009,51.989,2026-08-08 02:11:14.525335
1967,Eswatini,SWZ,2010,51.841,2026-08-08 02:11:14.525335
1966,Eswatini,SWZ,2011,51.711,2026-08-08 02:11:14.525335
1965,Eswatini,SWZ,2012,51.6,2026-08-08 02:11:14.525335
1964,Eswatini,SWZ,2013,51.496,2026-08-08 02:11:14.525335
1963,Eswatini,SWZ,2014,51.38,2026-08-08 02:11:14.525335
1962,Eswatini,SWZ,2015,51.254,2026-08-08 02:11:14.525335
1961,Eswatini,SWZ,2016,51.135,2026-08-08 02:11:14.525335
1960,Eswatini,SWZ,2017,50.838,2026-08-08 02:11:14.525335
1959,Eswatini,SWZ,2018,50.534,2026-08-08 02:11:14.525335
1958,Eswatini,SWZ,2019,50.226,2026-08-08 02:11:14.525335
1957,Eswatini,SWZ,2020,49.493,2026-08-08 02:11:14.525335
1956,Eswatini,SWZ,2021,49.686,2026-08-08 02:11:14.525335
1955,Eswatini,SWZ,2022,50.434,2026-08-08 02:11:14.525335
1954,Eswatini,SWZ,2023,51.223,2026-08-08 02:11:14.525335
1953,Eswatini,SWZ,2024,51.202,2026-08-08 02:11:14.525335
1952,Eswatini,SWZ,2025,51.191,2026-08-08 02:11:14.525335
5827,Syrian Arab Republic,SYR,1990,51.004,2026-08-08 02:11:14.525335
5826,Syrian Arab Republic,SYR,1991,50.958,2026-08-08 02:11:14.525335
5825,Syrian Arab Republic,SYR,1992,50.831,2026-08-08 02:11:14.525335
5824,Syrian Arab Republic,SYR,1993,50.8,2026-08-08 02:11:14.525335
5823,Syrian Arab Republic,SYR,1994,49.996,2026-08-08 02:11:14.525335
5822,Syrian Arab Republic,SYR,1995,49.193,2026-08-08 02:11:14.525335
5821,Syrian Arab Republic,SYR,1996,49.368,2026-08-08 02:11:14.525335
5820,Syrian Arab Republic,SYR,1997,49.544,2026-08-08 02:11:14.525335
5819,Syrian Arab Republic,SYR,1998,49.72,2026-08-08 02:11:14.525335
5818,Syrian Arab Republic,SYR,1999,50.305,2026-08-08 02:11:14.525335
5817,Syrian Arab Republic,SYR,2000,50.89,2026-08-08 02:11:14.525335
5816,Syrian Arab Republic,SYR,2001,49.956,2026-08-08 02:11:14.525335
5815,Syrian Arab Republic,SYR,2002,49.023,2026-08-08 02:11:14.525335
5814,Syrian Arab Republic,SYR,2003,48.09,2026-08-08 02:11:14.525335
5813,Syrian Arab Republic,SYR,2004,47.329,2026-08-08 02:11:14.525335
5812,Syrian Arab Republic,SYR,2005,46.569,2026-08-08 02:11:14.525335
5811,Syrian Arab Republic,SYR,2006,45.81,2026-08-08 02:11:14.525335
5810,Syrian Arab Republic,SYR,2007,44.25,2026-08-08 02:11:14.525335
5809,Syrian Arab Republic,SYR,2008,43.594,2026-08-08 02:11:14.525335
5808,Syrian Arab Republic,SYR,2009,42.94,2026-08-08 02:11:14.525335
5807,Syrian Arab Republic,SYR,2010,42.7,2026-08-08 02:11:14.525335
5806,Syrian Arab Republic,SYR,2011,43.4,2026-08-08 02:11:14.525335
5805,Syrian Arab Republic,SYR,2012,39.2,2026-08-08 02:11:14.525335
5804,Syrian Arab Republic,SYR,2013,37.78,2026-08-08 02:11:14.525335
5803,Syrian Arab Republic,SYR,2014,37.729,2026-08-08 02:11:14.525335
5802,Syrian Arab Republic,SYR,2015,37.705,2026-08-08 02:11:14.525335
5801,Syrian Arab Republic,SYR,2016,37.716,2026-08-08 02:11:14.525335
5800,Syrian Arab Republic,SYR,2017,37.742,2026-08-08 02:11:14.525335
5799,Syrian Arab Republic,SYR,2018,37.782,2026-08-08 02:11:14.525335
5798,Syrian Arab Republic,SYR,2019,37.836,2026-08-08 02:11:14.525335
5797,Syrian Arab Republic,SYR,2020,35.911,2026-08-08 02:11:14.525335
5796,Syrian Arab Republic,SYR,2021,36.334,2026-08-08 02:11:14.525335
5795,Syrian Arab Republic,SYR,2022,37.327,2026-08-08 02:11:14.525335
5794,Syrian Arab Republic,SYR,2023,37.132,2026-08-08 02:11:14.525335
5793,Syrian Arab Republic,SYR,2024,36.989,2026-08-08 02:11:14.525335
5792,Syrian Arab Republic,SYR,2025,36.898,2026-08-08 02:11:14.525335
1161,Chad,TCD,1990,72.177,2026-08-08 02:11:14.525335
1160,Chad,TCD,1991,72.167,2026-08-08 02:11:14.525335
1159,Chad,TCD,1992,72.118,2026-08-08 02:11:14.525335
1158,Chad,TCD,1993,72.3,2026-08-08 02:11:14.525335
1157,Chad,TCD,1994,71.853,2026-08-08 02:11:14.525335
1156,Chad,TCD,1995,71.402,2026-08-08 02:11:14.525335
1155,Chad,TCD,1996,70.947,2026-08-08 02:11:14.525335
1154,Chad,TCD,1997,70.487,2026-08-08 02:11:14.525335
1153,Chad,TCD,1998,70.023,2026-08-08 02:11:14.525335
1152,Chad,TCD,1999,69.555,2026-08-08 02:11:14.525335
1151,Chad,TCD,2000,69.083,2026-08-08 02:11:14.525335
1150,Chad,TCD,2001,68.606,2026-08-08 02:11:14.525335
1149,Chad,TCD,2002,68.126,2026-08-08 02:11:14.525335
1148,Chad,TCD,2003,67.642,2026-08-08 02:11:14.525335
1147,Chad,TCD,2004,67.154,2026-08-08 02:11:14.525335
1146,Chad,TCD,2005,66.663,2026-08-08 02:11:14.525335
1145,Chad,TCD,2006,66.168,2026-08-08 02:11:14.525335
1144,Chad,TCD,2007,65.669,2026-08-08 02:11:14.525335
1143,Chad,TCD,2008,65.167,2026-08-08 02:11:14.525335
1142,Chad,TCD,2009,64.661,2026-08-08 02:11:14.525335
1141,Chad,TCD,2010,64.152,2026-08-08 02:11:14.525335
1140,Chad,TCD,2011,63.64,2026-08-08 02:11:14.525335
1139,Chad,TCD,2012,63.125,2026-08-08 02:11:14.525335
1138,Chad,TCD,2013,62.606,2026-08-08 02:11:14.525335
1137,Chad,TCD,2014,62.085,2026-08-08 02:11:14.525335
1136,Chad,TCD,2015,61.561,2026-08-08 02:11:14.525335
1135,Chad,TCD,2016,61.035,2026-08-08 02:11:14.525335
1134,Chad,TCD,2017,60.505,2026-08-08 02:11:14.525335
1133,Chad,TCD,2018,59.974,2026-08-08 02:11:14.525335
1132,Chad,TCD,2019,59.944,2026-08-08 02:11:14.525335
1131,Chad,TCD,2020,59.374,2026-08-08 02:11:14.525335
1130,Chad,TCD,2021,59.34,2026-08-08 02:11:14.525335
1129,Chad,TCD,2022,59.786,2026-08-08 02:11:14.525335
1128,Chad,TCD,2023,59.702,2026-08-08 02:11:14.525335
1127,Chad,TCD,2024,59.595,2026-08-08 02:11:14.525335
1126,Chad,TCD,2025,59.44,2026-08-08 02:11:14.525335
6007,Togo,TGO,1990,59.181,2026-08-08 02:11:14.525335
6006,Togo,TGO,1991,59.122,2026-08-08 02:11:14.525335
6005,Togo,TGO,1992,59.06,2026-08-08 02:11:14.525335
6004,Togo,TGO,1993,58.995,2026-08-08 02:11:14.525335
6003,Togo,TGO,1994,58.927,2026-08-08 02:11:14.525335
6002,Togo,TGO,1995,58.861,2026-08-08 02:11:14.525335
6001,Togo,TGO,1996,58.792,2026-08-08 02:11:14.525335
6000,Togo,TGO,1997,58.709,2026-08-08 02:11:14.525335
5999,Togo,TGO,1998,58.619,2026-08-08 02:11:14.525335
5998,Togo,TGO,1999,58.537,2026-08-08 02:11:14.525335
5997,Togo,TGO,2000,58.469,2026-08-08 02:11:14.525335
5996,Togo,TGO,2001,58.418,2026-08-08 02:11:14.525335
5995,Togo,TGO,2002,58.379,2026-08-08 02:11:14.525335
5994,Togo,TGO,2003,58.342,2026-08-08 02:11:14.525335
5993,Togo,TGO,2004,58.302,2026-08-08 02:11:14.525335
5992,Togo,TGO,2005,58.267,2026-08-08 02:11:14.525335
5991,Togo,TGO,2006,58.226,2026-08-08 02:11:14.525335
5990,Togo,TGO,2007,58.19,2026-08-08 02:11:14.525335
5989,Togo,TGO,2008,58.17,2026-08-08 02:11:14.525335
5988,Togo,TGO,2009,58.162,2026-08-08 02:11:14.525335
5987,Togo,TGO,2010,58.173,2026-08-08 02:11:14.525335
5986,Togo,TGO,2011,58.184,2026-08-08 02:11:14.525335
5985,Togo,TGO,2012,58.187,2026-08-08 02:11:14.525335
5984,Togo,TGO,2013,58.179,2026-08-08 02:11:14.525335
5983,Togo,TGO,2014,58.162,2026-08-08 02:11:14.525335
5982,Togo,TGO,2015,58.138,2026-08-08 02:11:14.525335
5981,Togo,TGO,2016,58.109,2026-08-08 02:11:14.525335
5980,Togo,TGO,2017,58.074,2026-08-08 02:11:14.525335
5979,Togo,TGO,2018,58.033,2026-08-08 02:11:14.525335
5978,Togo,TGO,2019,57.987,2026-08-08 02:11:14.525335
5977,Togo,TGO,2020,57.436,2026-08-08 02:11:14.525335
5976,Togo,TGO,2021,57.713,2026-08-08 02:11:14.525335
5975,Togo,TGO,2022,57.936,2026-08-08 02:11:14.525335
5974,Togo,TGO,2023,57.921,2026-08-08 02:11:14.525335
5973,Togo,TGO,2024,57.886,2026-08-08 02:11:14.525335
5972,Togo,TGO,2025,57.845,2026-08-08 02:11:14.525335
5935,Thailand,THA,1990,75.208,2026-08-08 02:11:14.525335
5934,Thailand,THA,1991,75.121,2026-08-08 02:11:14.525335
5933,Thailand,THA,1992,75.06,2026-08-08 02:11:14.525335
5932,Thailand,THA,1993,75.006,2026-08-08 02:11:14.525335
5931,Thailand,THA,1994,74.957,2026-08-08 02:11:14.525335
5930,Thailand,THA,1995,75.254,2026-08-08 02:11:14.525335
5929,Thailand,THA,1996,75.495,2026-08-08 02:11:14.525335
5928,Thailand,THA,1997,75.421,2026-08-08 02:11:14.525335
5927,Thailand,THA,1998,74.492,2026-08-08 02:11:14.525335
5926,Thailand,THA,1999,73.294,2026-08-08 02:11:14.525335
5925,Thailand,THA,2000,73.483,2026-08-08 02:11:14.525335
5924,Thailand,THA,2001,73.553,2026-08-08 02:11:14.525335
5923,Thailand,THA,2002,73.27,2026-08-08 02:11:14.525335
5922,Thailand,THA,2003,73.015,2026-08-08 02:11:14.525335
5921,Thailand,THA,2004,73.018,2026-08-08 02:11:14.525335
5920,Thailand,THA,2005,73.038,2026-08-08 02:11:14.525335
5919,Thailand,THA,2006,72.482,2026-08-08 02:11:14.525335
5918,Thailand,THA,2007,72.873,2026-08-08 02:11:14.525335
5917,Thailand,THA,2008,72.877,2026-08-08 02:11:14.525335
5916,Thailand,THA,2009,72.835,2026-08-08 02:11:14.525335
5915,Thailand,THA,2010,71.657,2026-08-08 02:11:14.525335
5914,Thailand,THA,2011,73.226,2026-08-08 02:11:14.525335
5913,Thailand,THA,2012,72.825,2026-08-08 02:11:14.525335
5912,Thailand,THA,2013,69.97,2026-08-08 02:11:14.525335
5911,Thailand,THA,2014,69.794,2026-08-08 02:11:14.525335
5910,Thailand,THA,2015,69.269,2026-08-08 02:11:14.525335
5909,Thailand,THA,2016,68.315,2026-08-08 02:11:14.525335
5908,Thailand,THA,2017,67.525,2026-08-08 02:11:14.525335
5907,Thailand,THA,2018,67.798,2026-08-08 02:11:14.525335
5906,Thailand,THA,2019,66.94,2026-08-08 02:11:14.525335
5905,Thailand,THA,2020,67.021,2026-08-08 02:11:14.525335
5904,Thailand,THA,2021,66.952,2026-08-08 02:11:14.525335
5903,Thailand,THA,2022,67.18,2026-08-08 02:11:14.525335
5902,Thailand,THA,2023,67.814,2026-08-08 02:11:14.525335
5901,Thailand,THA,2024,67.129,2026-08-08 02:11:14.525335
5900,Thailand,THA,2025,66.678,2026-08-08 02:11:14.525335
5863,Tajikistan,TJK,1990,55.008,2026-08-08 02:11:14.525335
5862,Tajikistan,TJK,1991,55.008,2026-08-08 02:11:14.525335
5861,Tajikistan,TJK,1992,55.008,2026-08-08 02:11:14.525335
5860,Tajikistan,TJK,1993,55.008,2026-08-08 02:11:14.525335
5859,Tajikistan,TJK,1994,55.008,2026-08-08 02:11:14.525335
5858,Tajikistan,TJK,1995,55.008,2026-08-08 02:11:14.525335
5857,Tajikistan,TJK,1996,55.008,2026-08-08 02:11:14.525335
5856,Tajikistan,TJK,1997,55.008,2026-08-08 02:11:14.525335
5855,Tajikistan,TJK,1998,55.008,2026-08-08 02:11:14.525335
5854,Tajikistan,TJK,1999,55.008,2026-08-08 02:11:14.525335
5853,Tajikistan,TJK,2000,55.008,2026-08-08 02:11:14.525335
5852,Tajikistan,TJK,2001,55.008,2026-08-08 02:11:14.525335
5851,Tajikistan,TJK,2002,55.008,2026-08-08 02:11:14.525335
5850,Tajikistan,TJK,2003,55.008,2026-08-08 02:11:14.525335
5849,Tajikistan,TJK,2004,52.926,2026-08-08 02:11:14.525335
5848,Tajikistan,TJK,2005,50.834,2026-08-08 02:11:14.525335
5847,Tajikistan,TJK,2006,48.739,2026-08-08 02:11:14.525335
5846,Tajikistan,TJK,2007,46.649,2026-08-08 02:11:14.525335
5845,Tajikistan,TJK,2008,44.57,2026-08-08 02:11:14.525335
5844,Tajikistan,TJK,2009,42.51,2026-08-08 02:11:14.525335
5843,Tajikistan,TJK,2010,42.106,2026-08-08 02:11:14.525335
5842,Tajikistan,TJK,2011,41.703,2026-08-08 02:11:14.525335
5841,Tajikistan,TJK,2012,41.301,2026-08-08 02:11:14.525335
5840,Tajikistan,TJK,2013,40.9,2026-08-08 02:11:14.525335
5839,Tajikistan,TJK,2014,40.501,2026-08-08 02:11:14.525335
5838,Tajikistan,TJK,2015,40.103,2026-08-08 02:11:14.525335
5837,Tajikistan,TJK,2016,39.706,2026-08-08 02:11:14.525335
5836,Tajikistan,TJK,2017,38.877,2026-08-08 02:11:14.525335
5835,Tajikistan,TJK,2018,37.981,2026-08-08 02:11:14.525335
5834,Tajikistan,TJK,2019,37.139,2026-08-08 02:11:14.525335
5833,Tajikistan,TJK,2020,36.787,2026-08-08 02:11:14.525335
5832,Tajikistan,TJK,2021,37.071,2026-08-08 02:11:14.525335
5831,Tajikistan,TJK,2022,37.828,2026-08-08 02:11:14.525335
5830,Tajikistan,TJK,2023,38.094,2026-08-08 02:11:14.525335
5829,Tajikistan,TJK,2024,38.347,2026-08-08 02:11:14.525335
5828,Tajikistan,TJK,2025,38.276,2026-08-08 02:11:14.525335
6187,Turkmenistan,TKM,1990,47.67,2026-08-08 02:11:14.525335
6186,Turkmenistan,TKM,1991,48.473,2026-08-08 02:11:14.525335
6185,Turkmenistan,TKM,1992,50.766,2026-08-08 02:11:14.525335
6184,Turkmenistan,TKM,1993,50.861,2026-08-08 02:11:14.525335
6183,Turkmenistan,TKM,1994,53.888,2026-08-08 02:11:14.525335
6182,Turkmenistan,TKM,1995,55.348,2026-08-08 02:11:14.525335
6181,Turkmenistan,TKM,1996,54.587,2026-08-08 02:11:14.525335
6180,Turkmenistan,TKM,1997,56.841,2026-08-08 02:11:14.525335
6179,Turkmenistan,TKM,1998,55.978,2026-08-08 02:11:14.525335
6178,Turkmenistan,TKM,1999,53.84,2026-08-08 02:11:14.525335
6177,Turkmenistan,TKM,2000,53.335,2026-08-08 02:11:14.525335
6176,Turkmenistan,TKM,2001,53.0,2026-08-08 02:11:14.525335
6175,Turkmenistan,TKM,2002,53.258,2026-08-08 02:11:14.525335
6174,Turkmenistan,TKM,2003,53.071,2026-08-08 02:11:14.525335
6173,Turkmenistan,TKM,2004,52.635,2026-08-08 02:11:14.525335
6172,Turkmenistan,TKM,2005,51.174,2026-08-08 02:11:14.525335
6171,Turkmenistan,TKM,2006,50.046,2026-08-08 02:11:14.525335
6170,Turkmenistan,TKM,2007,48.982,2026-08-08 02:11:14.525335
6169,Turkmenistan,TKM,2008,47.643,2026-08-08 02:11:14.525335
6168,Turkmenistan,TKM,2009,47.227,2026-08-08 02:11:14.525335
6167,Turkmenistan,TKM,2010,46.551,2026-08-08 02:11:14.525335
6166,Turkmenistan,TKM,2011,45.496,2026-08-08 02:11:14.525335
6165,Turkmenistan,TKM,2012,44.819,2026-08-08 02:11:14.525335
6164,Turkmenistan,TKM,2013,44.271,2026-08-08 02:11:14.525335
6163,Turkmenistan,TKM,2014,43.776,2026-08-08 02:11:14.525335
6162,Turkmenistan,TKM,2015,43.535,2026-08-08 02:11:14.525335
6161,Turkmenistan,TKM,2016,43.325,2026-08-08 02:11:14.525335
6160,Turkmenistan,TKM,2017,43.115,2026-08-08 02:11:14.525335
6159,Turkmenistan,TKM,2018,42.931,2026-08-08 02:11:14.525335
6158,Turkmenistan,TKM,2019,42.756,2026-08-08 02:11:14.525335
6157,Turkmenistan,TKM,2020,41.547,2026-08-08 02:11:14.525335
6156,Turkmenistan,TKM,2021,41.701,2026-08-08 02:11:14.525335
6155,Turkmenistan,TKM,2022,42.202,2026-08-08 02:11:14.525335
6154,Turkmenistan,TKM,2023,41.992,2026-08-08 02:11:14.525335
6153,Turkmenistan,TKM,2024,42.169,2026-08-08 02:11:14.525335
6152,Turkmenistan,TKM,2025,42.031,2026-08-08 02:11:14.525335
5971,Timor-Leste,TLS,1990,71.901,2026-08-08 02:11:14.525335
5970,Timor-Leste,TLS,1991,71.73,2026-08-08 02:11:14.525335
5969,Timor-Leste,TLS,1992,71.566,2026-08-08 02:11:14.525335
5968,Timor-Leste,TLS,1993,71.405,2026-08-08 02:11:14.525335
5967,Timor-Leste,TLS,1994,71.359,2026-08-08 02:11:14.525335
5966,Timor-Leste,TLS,1995,71.286,2026-08-08 02:11:14.525335
5965,Timor-Leste,TLS,1996,71.098,2026-08-08 02:11:14.525335
5964,Timor-Leste,TLS,1997,71.028,2026-08-08 02:11:14.525335
5963,Timor-Leste,TLS,1998,71.18,2026-08-08 02:11:14.525335
5962,Timor-Leste,TLS,1999,72.651,2026-08-08 02:11:14.525335
5961,Timor-Leste,TLS,2000,69.684,2026-08-08 02:11:14.525335
5960,Timor-Leste,TLS,2001,69.223,2026-08-08 02:11:14.525335
5959,Timor-Leste,TLS,2002,69.658,2026-08-08 02:11:14.525335
5958,Timor-Leste,TLS,2003,69.752,2026-08-08 02:11:14.525335
5957,Timor-Leste,TLS,2004,69.618,2026-08-08 02:11:14.525335
5956,Timor-Leste,TLS,2005,69.449,2026-08-08 02:11:14.525335
5955,Timor-Leste,TLS,2006,69.685,2026-08-08 02:11:14.525335
5954,Timor-Leste,TLS,2007,69.223,2026-08-08 02:11:14.525335
5953,Timor-Leste,TLS,2008,68.669,2026-08-08 02:11:14.525335
5952,Timor-Leste,TLS,2009,68.13,2026-08-08 02:11:14.525335
5951,Timor-Leste,TLS,2010,67.652,2026-08-08 02:11:14.525335
5950,Timor-Leste,TLS,2011,67.409,2026-08-08 02:11:14.525335
5949,Timor-Leste,TLS,2012,67.262,2026-08-08 02:11:14.525335
5948,Timor-Leste,TLS,2013,67.163,2026-08-08 02:11:14.525335
5947,Timor-Leste,TLS,2014,66.98,2026-08-08 02:11:14.525335
5946,Timor-Leste,TLS,2015,66.882,2026-08-08 02:11:14.525335
5945,Timor-Leste,TLS,2016,66.823,2026-08-08 02:11:14.525335
5944,Timor-Leste,TLS,2017,67.058,2026-08-08 02:11:14.525335
5943,Timor-Leste,TLS,2018,67.204,2026-08-08 02:11:14.525335
5942,Timor-Leste,TLS,2019,66.51,2026-08-08 02:11:14.525335
5941,Timor-Leste,TLS,2020,65.922,2026-08-08 02:11:14.525335
5940,Timor-Leste,TLS,2021,66.473,2026-08-08 02:11:14.525335
5939,Timor-Leste,TLS,2022,66.56,2026-08-08 02:11:14.525335
5938,Timor-Leste,TLS,2023,66.577,2026-08-08 02:11:14.525335
5937,Timor-Leste,TLS,2024,66.763,2026-08-08 02:11:14.525335
5936,Timor-Leste,TLS,2025,66.98,2026-08-08 02:11:14.525335
6043,Tonga,TON,1990,55.678,2026-08-08 02:11:14.525335
6042,Tonga,TON,1991,56.709,2026-08-08 02:11:14.525335
6041,Tonga,TON,1992,57.79,2026-08-08 02:11:14.525335
6040,Tonga,TON,1993,58.879,2026-08-08 02:11:14.525335
6039,Tonga,TON,1994,59.924,2026-08-08 02:11:14.525335
6038,Tonga,TON,1995,59.688,2026-08-08 02:11:14.525335
6037,Tonga,TON,1996,59.382,2026-08-08 02:11:14.525335
6036,Tonga,TON,1997,59.123,2026-08-08 02:11:14.525335
6035,Tonga,TON,1998,58.943,2026-08-08 02:11:14.525335
6034,Tonga,TON,1999,58.751,2026-08-08 02:11:14.525335
6033,Tonga,TON,2000,58.554,2026-08-08 02:11:14.525335
6032,Tonga,TON,2001,58.365,2026-08-08 02:11:14.525335
6031,Tonga,TON,2002,58.19,2026-08-08 02:11:14.525335
6030,Tonga,TON,2003,58.025,2026-08-08 02:11:14.525335
6029,Tonga,TON,2004,57.845,2026-08-08 02:11:14.525335
6028,Tonga,TON,2005,57.624,2026-08-08 02:11:14.525335
6027,Tonga,TON,2006,57.365,2026-08-08 02:11:14.525335
6026,Tonga,TON,2007,57.142,2026-08-08 02:11:14.525335
6025,Tonga,TON,2008,56.965,2026-08-08 02:11:14.525335
6024,Tonga,TON,2009,56.775,2026-08-08 02:11:14.525335
6023,Tonga,TON,2010,56.5,2026-08-08 02:11:14.525335
6022,Tonga,TON,2011,56.173,2026-08-08 02:11:14.525335
6021,Tonga,TON,2012,55.894,2026-08-08 02:11:14.525335
6020,Tonga,TON,2013,55.639,2026-08-08 02:11:14.525335
6019,Tonga,TON,2014,55.364,2026-08-08 02:11:14.525335
6018,Tonga,TON,2015,55.04,2026-08-08 02:11:14.525335
6017,Tonga,TON,2016,54.687,2026-08-08 02:11:14.525335
6016,Tonga,TON,2017,54.349,2026-08-08 02:11:14.525335
6015,Tonga,TON,2018,53.995,2026-08-08 02:11:14.525335
6014,Tonga,TON,2019,53.468,2026-08-08 02:11:14.525335
6013,Tonga,TON,2020,52.389,2026-08-08 02:11:14.525335
6012,Tonga,TON,2021,51.935,2026-08-08 02:11:14.525335
6011,Tonga,TON,2022,51.378,2026-08-08 02:11:14.525335
6010,Tonga,TON,2023,50.601,2026-08-08 02:11:14.525335
6009,Tonga,TON,2024,50.196,2026-08-08 02:11:14.525335
6008,Tonga,TON,2025,49.808,2026-08-08 02:11:14.525335
6079,Trinidad and Tobago,TTO,1990,59.031,2026-08-08 02:11:14.525335
6078,Trinidad and Tobago,TTO,1991,59.214,2026-08-08 02:11:14.525335
6077,Trinidad and Tobago,TTO,1992,59.547,2026-08-08 02:11:14.525335
6076,Trinidad and Tobago,TTO,1993,59.612,2026-08-08 02:11:14.525335
6075,Trinidad and Tobago,TTO,1994,60.698,2026-08-08 02:11:14.525335
6074,Trinidad and Tobago,TTO,1995,61.682,2026-08-08 02:11:14.525335
6073,Trinidad and Tobago,TTO,1996,62.562,2026-08-08 02:11:14.525335
6072,Trinidad and Tobago,TTO,1997,62.821,2026-08-08 02:11:14.525335
6071,Trinidad and Tobago,TTO,1998,63.068,2026-08-08 02:11:14.525335
6070,Trinidad and Tobago,TTO,1999,63.131,2026-08-08 02:11:14.525335
6069,Trinidad and Tobago,TTO,2000,63.075,2026-08-08 02:11:14.525335
6068,Trinidad and Tobago,TTO,2001,63.065,2026-08-08 02:11:14.525335
6067,Trinidad and Tobago,TTO,2002,63.048,2026-08-08 02:11:14.525335
6066,Trinidad and Tobago,TTO,2003,64.187,2026-08-08 02:11:14.525335
6065,Trinidad and Tobago,TTO,2004,65.327,2026-08-08 02:11:14.525335
6064,Trinidad and Tobago,TTO,2005,66.464,2026-08-08 02:11:14.525335
6063,Trinidad and Tobago,TTO,2006,66.542,2026-08-08 02:11:14.525335
6062,Trinidad and Tobago,TTO,2007,65.999,2026-08-08 02:11:14.525335
6061,Trinidad and Tobago,TTO,2008,65.834,2026-08-08 02:11:14.525335
6060,Trinidad and Tobago,TTO,2009,64.945,2026-08-08 02:11:14.525335
6059,Trinidad and Tobago,TTO,2010,63.815,2026-08-08 02:11:14.525335
6058,Trinidad and Tobago,TTO,2011,62.783,2026-08-08 02:11:14.525335
6057,Trinidad and Tobago,TTO,2012,63.622,2026-08-08 02:11:14.525335
6056,Trinidad and Tobago,TTO,2013,63.669,2026-08-08 02:11:14.525335
6055,Trinidad and Tobago,TTO,2014,63.902,2026-08-08 02:11:14.525335
6054,Trinidad and Tobago,TTO,2015,63.045,2026-08-08 02:11:14.525335
6053,Trinidad and Tobago,TTO,2016,62.041,2026-08-08 02:11:14.525335
6052,Trinidad and Tobago,TTO,2017,61.563,2026-08-08 02:11:14.525335
6051,Trinidad and Tobago,TTO,2018,61.148,2026-08-08 02:11:14.525335
6050,Trinidad and Tobago,TTO,2019,60.685,2026-08-08 02:11:14.525335
6049,Trinidad and Tobago,TTO,2020,58.637,2026-08-08 02:11:14.525335
6048,Trinidad and Tobago,TTO,2021,57.632,2026-08-08 02:11:14.525335
6047,Trinidad and Tobago,TTO,2022,58.35,2026-08-08 02:11:14.525335
6046,Trinidad and Tobago,TTO,2023,59.27,2026-08-08 02:11:14.525335
6045,Trinidad and Tobago,TTO,2024,58.153,2026-08-08 02:11:14.525335
6044,Trinidad and Tobago,TTO,2025,57.75,2026-08-08 02:11:14.525335
6115,Tunisia,TUN,1990,49.084,2026-08-08 02:11:14.525335
6114,Tunisia,TUN,1991,49.129,2026-08-08 02:11:14.525335
6113,Tunisia,TUN,1992,49.095,2026-08-08 02:11:14.525335
6112,Tunisia,TUN,1993,49.1,2026-08-08 02:11:14.525335
6111,Tunisia,TUN,1994,49.103,2026-08-08 02:11:14.525335
6110,Tunisia,TUN,1995,49.107,2026-08-08 02:11:14.525335
6109,Tunisia,TUN,1996,49.135,2026-08-08 02:11:14.525335
6108,Tunisia,TUN,1997,49.176,2026-08-08 02:11:14.525335
6107,Tunisia,TUN,1998,48.781,2026-08-08 02:11:14.525335
6106,Tunisia,TUN,1999,48.378,2026-08-08 02:11:14.525335
6105,Tunisia,TUN,2000,47.969,2026-08-08 02:11:14.525335
6104,Tunisia,TUN,2001,47.563,2026-08-08 02:11:14.525335
6103,Tunisia,TUN,2002,47.16,2026-08-08 02:11:14.525335
6102,Tunisia,TUN,2003,46.76,2026-08-08 02:11:14.525335
6101,Tunisia,TUN,2004,46.395,2026-08-08 02:11:14.525335
6100,Tunisia,TUN,2005,46.082,2026-08-08 02:11:14.525335
6099,Tunisia,TUN,2006,46.487,2026-08-08 02:11:14.525335
6098,Tunisia,TUN,2007,46.634,2026-08-08 02:11:14.525335
6097,Tunisia,TUN,2008,46.83,2026-08-08 02:11:14.525335
6096,Tunisia,TUN,2009,47.16,2026-08-08 02:11:14.525335
6095,Tunisia,TUN,2010,47.425,2026-08-08 02:11:14.525335
6094,Tunisia,TUN,2011,47.632,2026-08-08 02:11:14.525335
6093,Tunisia,TUN,2012,48.251,2026-08-08 02:11:14.525335
6092,Tunisia,TUN,2013,47.776,2026-08-08 02:11:14.525335
6091,Tunisia,TUN,2014,47.614,2026-08-08 02:11:14.525335
6090,Tunisia,TUN,2015,47.495,2026-08-08 02:11:14.525335
6089,Tunisia,TUN,2016,47.719,2026-08-08 02:11:14.525335
6088,Tunisia,TUN,2017,47.488,2026-08-08 02:11:14.525335
6087,Tunisia,TUN,2018,48.61,2026-08-08 02:11:14.525335
6086,Tunisia,TUN,2019,49.68,2026-08-08 02:11:14.525335
6085,Tunisia,TUN,2020,45.506,2026-08-08 02:11:14.525335
6084,Tunisia,TUN,2021,45.228,2026-08-08 02:11:14.525335
6083,Tunisia,TUN,2022,46.404,2026-08-08 02:11:14.525335
6082,Tunisia,TUN,2023,45.78,2026-08-08 02:11:14.525335
6081,Tunisia,TUN,2024,45.486,2026-08-08 02:11:14.525335
6080,Tunisia,TUN,2025,45.219,2026-08-08 02:11:14.525335
6151,Turkiye,TUR,1990,56.614,2026-08-08 02:11:14.525335
6150,Turkiye,TUR,1991,56.998,2026-08-08 02:11:14.525335
6149,Turkiye,TUR,1992,55.99,2026-08-08 02:11:14.525335
6148,Turkiye,TUR,1993,52.153,2026-08-08 02:11:14.525335
6147,Turkiye,TUR,1994,54.649,2026-08-08 02:11:14.525335
6146,Turkiye,TUR,1995,54.125,2026-08-08 02:11:14.525335
6145,Turkiye,TUR,1996,53.734,2026-08-08 02:11:14.525335
6144,Turkiye,TUR,1997,52.553,2026-08-08 02:11:14.525335
6143,Turkiye,TUR,1998,52.796,2026-08-08 02:11:14.525335
6142,Turkiye,TUR,1999,52.7,2026-08-08 02:11:14.525335
6141,Turkiye,TUR,2000,49.948,2026-08-08 02:11:14.525335
6140,Turkiye,TUR,2001,49.822,2026-08-08 02:11:14.525335
6139,Turkiye,TUR,2002,49.577,2026-08-08 02:11:14.525335
6138,Turkiye,TUR,2003,48.331,2026-08-08 02:11:14.525335
6137,Turkiye,TUR,2004,46.306,2026-08-08 02:11:14.525335
6136,Turkiye,TUR,2005,46.431,2026-08-08 02:11:14.525335
6135,Turkiye,TUR,2006,46.272,2026-08-08 02:11:14.525335
6134,Turkiye,TUR,2007,46.23,2026-08-08 02:11:14.525335
6133,Turkiye,TUR,2008,46.886,2026-08-08 02:11:14.525335
6132,Turkiye,TUR,2009,47.88,2026-08-08 02:11:14.525335
6131,Turkiye,TUR,2010,48.804,2026-08-08 02:11:14.525335
6130,Turkiye,TUR,2011,49.864,2026-08-08 02:11:14.525335
6129,Turkiye,TUR,2012,49.958,2026-08-08 02:11:14.525335
6128,Turkiye,TUR,2013,50.84,2026-08-08 02:11:14.525335
6127,Turkiye,TUR,2014,50.512,2026-08-08 02:11:14.525335
6126,Turkiye,TUR,2015,51.3,2026-08-08 02:11:14.525335
6125,Turkiye,TUR,2016,52.0,2026-08-08 02:11:14.525335
6124,Turkiye,TUR,2017,52.832,2026-08-08 02:11:14.525335
6123,Turkiye,TUR,2018,53.212,2026-08-08 02:11:14.525335
6122,Turkiye,TUR,2019,52.951,2026-08-08 02:11:14.525335
6121,Turkiye,TUR,2020,49.334,2026-08-08 02:11:14.525335
6120,Turkiye,TUR,2021,51.359,2026-08-08 02:11:14.525335
6119,Turkiye,TUR,2022,53.055,2026-08-08 02:11:14.525335
6118,Turkiye,TUR,2023,53.313,2026-08-08 02:11:14.525335
6117,Turkiye,TUR,2024,54.2,2026-08-08 02:11:14.525335
6116,Turkiye,TUR,2025,54.379,2026-08-08 02:11:14.525335
5899,Tanzania,TZA,1990,86.68,2026-08-08 02:11:14.525335
5898,Tanzania,TZA,1991,86.657,2026-08-08 02:11:14.525335
5897,Tanzania,TZA,1992,86.633,2026-08-08 02:11:14.525335
5896,Tanzania,TZA,1993,86.574,2026-08-08 02:11:14.525335
5895,Tanzania,TZA,1994,86.484,2026-08-08 02:11:14.525335
5894,Tanzania,TZA,1995,86.435,2026-08-08 02:11:14.525335
5893,Tanzania,TZA,1996,86.459,2026-08-08 02:11:14.525335
5892,Tanzania,TZA,1997,86.476,2026-08-08 02:11:14.525335
5891,Tanzania,TZA,1998,86.465,2026-08-08 02:11:14.525335
5890,Tanzania,TZA,1999,86.456,2026-08-08 02:11:14.525335
5889,Tanzania,TZA,2000,86.441,2026-08-08 02:11:14.525335
5888,Tanzania,TZA,2001,86.438,2026-08-08 02:11:14.525335
5887,Tanzania,TZA,2002,86.84,2026-08-08 02:11:14.525335
5886,Tanzania,TZA,2003,87.232,2026-08-08 02:11:14.525335
5885,Tanzania,TZA,2004,87.614,2026-08-08 02:11:14.525335
5884,Tanzania,TZA,2005,87.987,2026-08-08 02:11:14.525335
5883,Tanzania,TZA,2006,88.349,2026-08-08 02:11:14.525335
5882,Tanzania,TZA,2007,87.864,2026-08-08 02:11:14.525335
5881,Tanzania,TZA,2008,87.362,2026-08-08 02:11:14.525335
5880,Tanzania,TZA,2009,86.842,2026-08-08 02:11:14.525335
5879,Tanzania,TZA,2010,86.305,2026-08-08 02:11:14.525335
5878,Tanzania,TZA,2011,85.749,2026-08-08 02:11:14.525335
5877,Tanzania,TZA,2012,85.174,2026-08-08 02:11:14.525335
5876,Tanzania,TZA,2013,84.58,2026-08-08 02:11:14.525335
5875,Tanzania,TZA,2014,83.967,2026-08-08 02:11:14.525335
5874,Tanzania,TZA,2015,83.935,2026-08-08 02:11:14.525335
5873,Tanzania,TZA,2016,83.894,2026-08-08 02:11:14.525335
5872,Tanzania,TZA,2017,83.86,2026-08-08 02:11:14.525335
5871,Tanzania,TZA,2018,83.834,2026-08-08 02:11:14.525335
5870,Tanzania,TZA,2019,83.811,2026-08-08 02:11:14.525335
5869,Tanzania,TZA,2020,82.837,2026-08-08 02:11:14.525335
5868,Tanzania,TZA,2021,83.733,2026-08-08 02:11:14.525335
5867,Tanzania,TZA,2022,83.77,2026-08-08 02:11:14.525335
5866,Tanzania,TZA,2023,83.766,2026-08-08 02:11:14.525335
5865,Tanzania,TZA,2024,83.749,2026-08-08 02:11:14.525335
5864,Tanzania,TZA,2025,83.716,2026-08-08 02:11:14.525335
6223,Uganda,UGA,1990,73.29,2026-08-08 02:11:14.525335
6222,Uganda,UGA,1991,73.335,2026-08-08 02:11:14.525335
6221,Uganda,UGA,1992,73.403,2026-08-08 02:11:14.525335
6220,Uganda,UGA,1993,73.469,2026-08-08 02:11:14.525335
6219,Uganda,UGA,1994,73.585,2026-08-08 02:11:14.525335
6218,Uganda,UGA,1995,73.789,2026-08-08 02:11:14.525335
6217,Uganda,UGA,1996,73.986,2026-08-08 02:11:14.525335
6216,Uganda,UGA,1997,74.135,2026-08-08 02:11:14.525335
6215,Uganda,UGA,1998,74.243,2026-08-08 02:11:14.525335
6214,Uganda,UGA,1999,74.26,2026-08-08 02:11:14.525335
6213,Uganda,UGA,2000,74.298,2026-08-08 02:11:14.525335
6212,Uganda,UGA,2001,74.302,2026-08-08 02:11:14.525335
6211,Uganda,UGA,2002,74.241,2026-08-08 02:11:14.525335
6210,Uganda,UGA,2003,74.163,2026-08-08 02:11:14.525335
6209,Uganda,UGA,2004,74.099,2026-08-08 02:11:14.525335
6208,Uganda,UGA,2005,74.029,2026-08-08 02:11:14.525335
6207,Uganda,UGA,2006,73.919,2026-08-08 02:11:14.525335
6206,Uganda,UGA,2007,73.803,2026-08-08 02:11:14.525335
6205,Uganda,UGA,2008,73.661,2026-08-08 02:11:14.525335
6204,Uganda,UGA,2009,73.508,2026-08-08 02:11:14.525335
6203,Uganda,UGA,2010,73.35,2026-08-08 02:11:14.525335
6202,Uganda,UGA,2011,80.156,2026-08-08 02:11:14.525335
6201,Uganda,UGA,2012,69.919,2026-08-08 02:11:14.525335
6200,Uganda,UGA,2013,84.524,2026-08-08 02:11:14.525335
6199,Uganda,UGA,2014,77.206,2026-08-08 02:11:14.525335
6198,Uganda,UGA,2015,75.584,2026-08-08 02:11:14.525335
6197,Uganda,UGA,2016,73.777,2026-08-08 02:11:14.525335
6196,Uganda,UGA,2017,71.759,2026-08-08 02:11:14.525335
6195,Uganda,UGA,2018,74.794,2026-08-08 02:11:14.525335
6194,Uganda,UGA,2019,77.242,2026-08-08 02:11:14.525335
6193,Uganda,UGA,2020,78.009,2026-08-08 02:11:14.525335
6192,Uganda,UGA,2021,79.3,2026-08-08 02:11:14.525335
6191,Uganda,UGA,2022,80.03,2026-08-08 02:11:14.525335
6190,Uganda,UGA,2023,79.998,2026-08-08 02:11:14.525335
6189,Uganda,UGA,2024,79.972,2026-08-08 02:11:14.525335
6188,Uganda,UGA,2025,80.028,2026-08-08 02:11:14.525335
6255,Ukraine,UKR,1990,59.51,2026-08-08 02:11:14.525335
6254,Ukraine,UKR,1991,59.281,2026-08-08 02:11:14.525335
6253,Ukraine,UKR,1992,59.052,2026-08-08 02:11:14.525335
6252,Ukraine,UKR,1993,58.823,2026-08-08 02:11:14.525335
6251,Ukraine,UKR,1994,58.593,2026-08-08 02:11:14.525335
6250,Ukraine,UKR,1995,58.363,2026-08-08 02:11:14.525335
6249,Ukraine,UKR,1996,58.133,2026-08-08 02:11:14.525335
6248,Ukraine,UKR,1997,57.902,2026-08-08 02:11:14.525335
6247,Ukraine,UKR,1998,57.671,2026-08-08 02:11:14.525335
6246,Ukraine,UKR,1999,57.439,2026-08-08 02:11:14.525335
6245,Ukraine,UKR,2000,57.207,2026-08-08 02:11:14.525335
6244,Ukraine,UKR,2001,56.975,2026-08-08 02:11:14.525335
6243,Ukraine,UKR,2002,56.743,2026-08-08 02:11:14.525335
6242,Ukraine,UKR,2003,56.51,2026-08-08 02:11:14.525335
6241,Ukraine,UKR,2004,56.277,2026-08-08 02:11:14.525335
6240,Ukraine,UKR,2005,56.044,2026-08-08 02:11:14.525335
6239,Ukraine,UKR,2006,55.81,2026-08-08 02:11:14.525335
6238,Ukraine,UKR,2007,56.24,2026-08-08 02:11:14.525335
6237,Ukraine,UKR,2008,56.247,2026-08-08 02:11:14.525335
6236,Ukraine,UKR,2009,56.253,2026-08-08 02:11:14.525335
6235,Ukraine,UKR,2010,56.26,2026-08-08 02:11:14.525335
6234,Ukraine,UKR,2011,56.266,2026-08-08 02:11:14.525335
6233,Ukraine,UKR,2012,56.273,2026-08-08 02:11:14.525335
6232,Ukraine,UKR,2013,56.279,2026-08-08 02:11:14.525335
6231,Ukraine,UKR,2014,56.286,2026-08-08 02:11:14.525335
6230,Ukraine,UKR,2015,56.292,2026-08-08 02:11:14.525335
6229,Ukraine,UKR,2016,56.299,2026-08-08 02:11:14.525335
6228,Ukraine,UKR,2017,56.305,2026-08-08 02:11:14.525335
6227,Ukraine,UKR,2018,56.312,2026-08-08 02:11:14.525335
6226,Ukraine,UKR,2019,56.318,2026-08-08 02:11:14.525335
6225,Ukraine,UKR,2020,55.087,2026-08-08 02:11:14.525335
6224,Ukraine,UKR,2021,54.639,2026-08-08 02:11:14.525335
6399,Uruguay,URY,1990,57.199,2026-08-08 02:11:14.525335
6398,Uruguay,URY,1991,57.52,2026-08-08 02:11:14.525335
6397,Uruguay,URY,1992,57.6,2026-08-08 02:11:14.525335
6396,Uruguay,URY,1993,56.59,2026-08-08 02:11:14.525335
6395,Uruguay,URY,1994,58.11,2026-08-08 02:11:14.525335
6394,Uruguay,URY,1995,59.19,2026-08-08 02:11:14.525335
6393,Uruguay,URY,1996,60.31,2026-08-08 02:11:14.525335
6392,Uruguay,URY,1997,60.66,2026-08-08 02:11:14.525335
6391,Uruguay,URY,1998,61.008,2026-08-08 02:11:14.525335
6390,Uruguay,URY,1999,59.794,2026-08-08 02:11:14.525335
6389,Uruguay,URY,2000,60.164,2026-08-08 02:11:14.525335
6388,Uruguay,URY,2001,61.555,2026-08-08 02:11:14.525335
6387,Uruguay,URY,2002,59.971,2026-08-08 02:11:14.525335
6386,Uruguay,URY,2003,59.113,2026-08-08 02:11:14.525335
6385,Uruguay,URY,2004,59.485,2026-08-08 02:11:14.525335
6384,Uruguay,URY,2005,59.514,2026-08-08 02:11:14.525335
6383,Uruguay,URY,2006,61.981,2026-08-08 02:11:14.525335
6382,Uruguay,URY,2007,63.817,2026-08-08 02:11:14.525335
6381,Uruguay,URY,2008,64.006,2026-08-08 02:11:14.525335
6380,Uruguay,URY,2009,64.743,2026-08-08 02:11:14.525335
6379,Uruguay,URY,2010,64.285,2026-08-08 02:11:14.525335
6378,Uruguay,URY,2011,66.016,2026-08-08 02:11:14.525335
6377,Uruguay,URY,2012,65.223,2026-08-08 02:11:14.525335
6376,Uruguay,URY,2013,64.844,2026-08-08 02:11:14.525335
6375,Uruguay,URY,2014,65.873,2026-08-08 02:11:14.525335
6374,Uruguay,URY,2015,64.934,2026-08-08 02:11:14.525335
6373,Uruguay,URY,2016,64.612,2026-08-08 02:11:14.525335
6372,Uruguay,URY,2017,64.114,2026-08-08 02:11:14.525335
6371,Uruguay,URY,2018,63.679,2026-08-08 02:11:14.525335
6370,Uruguay,URY,2019,63.494,2026-08-08 02:11:14.525335
6369,Uruguay,URY,2020,61.103,2026-08-08 02:11:14.525335
6368,Uruguay,URY,2021,62.887,2026-08-08 02:11:14.525335
6367,Uruguay,URY,2022,63.181,2026-08-08 02:11:14.525335
6366,Uruguay,URY,2023,64.584,2026-08-08 02:11:14.525335
6365,Uruguay,URY,2024,65.018,2026-08-08 02:11:14.525335
6364,Uruguay,URY,2025,64.99,2026-08-08 02:11:14.525335
6363,United States,USA,1990,65.292,2026-08-08 02:11:14.525335
6362,United States,USA,1991,65.0,2026-08-08 02:11:14.525335
6361,United States,USA,1992,65.252,2026-08-08 02:11:14.525335
6360,United States,USA,1993,65.135,2026-08-08 02:11:14.525335
6359,United States,USA,1994,65.475,2026-08-08 02:11:14.525335
6358,United States,USA,1995,65.604,2026-08-08 02:11:14.525335
6357,United States,USA,1996,65.775,2026-08-08 02:11:14.525335
6356,United States,USA,1997,66.085,2026-08-08 02:11:14.525335
6355,United States,USA,1998,66.01,2026-08-08 02:11:14.525335
6354,United States,USA,1999,66.057,2026-08-08 02:11:14.525335
6353,United States,USA,2000,66.146,2026-08-08 02:11:14.525335
6352,United States,USA,2001,65.862,2026-08-08 02:11:14.525335
6351,United States,USA,2002,65.586,2026-08-08 02:11:14.525335
6350,United States,USA,2003,65.22,2026-08-08 02:11:14.525335
6349,United States,USA,2004,65.001,2026-08-08 02:11:14.525335
6348,United States,USA,2005,65.049,2026-08-08 02:11:14.525335
6347,United States,USA,2006,65.175,2026-08-08 02:11:14.525335
6346,United States,USA,2007,64.994,2026-08-08 02:11:14.525335
6345,United States,USA,2008,64.985,2026-08-08 02:11:14.525335
6344,United States,USA,2009,64.368,2026-08-08 02:11:14.525335
6343,United States,USA,2010,63.732,2026-08-08 02:11:14.525335
6342,United States,USA,2011,63.232,2026-08-08 02:11:14.525335
6341,United States,USA,2012,63.11,2026-08-08 02:11:14.525335
6340,United States,USA,2013,62.735,2026-08-08 02:11:14.525335
6339,United States,USA,2014,62.447,2026-08-08 02:11:14.525335
6338,United States,USA,2015,62.267,2026-08-08 02:11:14.525335
6337,United States,USA,2016,62.431,2026-08-08 02:11:14.525335
6336,United States,USA,2017,62.548,2026-08-08 02:11:14.525335
6335,United States,USA,2018,62.592,2026-08-08 02:11:14.525335
6334,United States,USA,2019,62.848,2026-08-08 02:11:14.525335
6333,United States,USA,2020,61.556,2026-08-08 02:11:14.525335
6332,United States,USA,2021,61.501,2026-08-08 02:11:14.525335
6331,United States,USA,2022,61.794,2026-08-08 02:11:14.525335
6330,United States,USA,2023,62.08,2026-08-08 02:11:14.525335
6329,United States,USA,2024,61.959,2026-08-08 02:11:14.525335
6328,United States,USA,2025,61.704,2026-08-08 02:11:14.525335
6435,Uzbekistan,UZB,1990,56.158,2026-08-08 02:11:14.525335
6434,Uzbekistan,UZB,1991,56.919,2026-08-08 02:11:14.525335
6433,Uzbekistan,UZB,1992,57.276,2026-08-08 02:11:14.525335
6432,Uzbekistan,UZB,1993,57.572,2026-08-08 02:11:14.525335
6431,Uzbekistan,UZB,1994,57.822,2026-08-08 02:11:14.525335
6430,Uzbekistan,UZB,1995,57.797,2026-08-08 02:11:14.525335
6429,Uzbekistan,UZB,1996,57.502,2026-08-08 02:11:14.525335
6428,Uzbekistan,UZB,1997,57.408,2026-08-08 02:11:14.525335
6427,Uzbekistan,UZB,1998,57.31,2026-08-08 02:11:14.525335
6426,Uzbekistan,UZB,1999,57.299,2026-08-08 02:11:14.525335
6425,Uzbekistan,UZB,2000,56.977,2026-08-08 02:11:14.525335
6424,Uzbekistan,UZB,2001,56.763,2026-08-08 02:11:14.525335
6423,Uzbekistan,UZB,2002,56.46,2026-08-08 02:11:14.525335
6422,Uzbekistan,UZB,2003,56.135,2026-08-08 02:11:14.525335
6421,Uzbekistan,UZB,2004,55.904,2026-08-08 02:11:14.525335
6420,Uzbekistan,UZB,2005,55.595,2026-08-08 02:11:14.525335
6419,Uzbekistan,UZB,2006,55.209,2026-08-08 02:11:14.525335
6418,Uzbekistan,UZB,2007,54.974,2026-08-08 02:11:14.525335
6417,Uzbekistan,UZB,2008,54.898,2026-08-08 02:11:14.525335
6416,Uzbekistan,UZB,2009,55.405,2026-08-08 02:11:14.525335
6415,Uzbekistan,UZB,2010,55.374,2026-08-08 02:11:14.525335
6414,Uzbekistan,UZB,2011,55.55,2026-08-08 02:11:14.525335
6413,Uzbekistan,UZB,2012,55.798,2026-08-08 02:11:14.525335
6412,Uzbekistan,UZB,2013,55.877,2026-08-08 02:11:14.525335
6411,Uzbekistan,UZB,2014,56.061,2026-08-08 02:11:14.525335
6410,Uzbekistan,UZB,2015,56.286,2026-08-08 02:11:14.525335
6409,Uzbekistan,UZB,2016,56.447,2026-08-08 02:11:14.525335
6408,Uzbekistan,UZB,2017,56.468,2026-08-08 02:11:14.525335
6407,Uzbekistan,UZB,2018,56.552,2026-08-08 02:11:14.525335
6406,Uzbekistan,UZB,2019,56.626,2026-08-08 02:11:14.525335
6405,Uzbekistan,UZB,2020,55.517,2026-08-08 02:11:14.525335
6404,Uzbekistan,UZB,2021,56.03,2026-08-08 02:11:14.525335
6403,Uzbekistan,UZB,2022,57.685,2026-08-08 02:11:14.525335
6402,Uzbekistan,UZB,2023,57.743,2026-08-08 02:11:14.525335
6401,Uzbekistan,UZB,2024,57.701,2026-08-08 02:11:14.525335
6400,Uzbekistan,UZB,2025,57.499,2026-08-08 02:11:14.525335
5650,St. Vincent and the Grenadines,VCT,1990,62.438,2026-08-08 02:11:14.525335
5649,St. Vincent and the Grenadines,VCT,1991,62.658,2026-08-08 02:11:14.525335
5648,St. Vincent and the Grenadines,VCT,1992,62.99,2026-08-08 02:11:14.525335
5647,St. Vincent and the Grenadines,VCT,1993,63.274,2026-08-08 02:11:14.525335
5646,St. Vincent and the Grenadines,VCT,1994,63.436,2026-08-08 02:11:14.525335
5645,St. Vincent and the Grenadines,VCT,1995,63.752,2026-08-08 02:11:14.525335
5644,St. Vincent and the Grenadines,VCT,1996,63.946,2026-08-08 02:11:14.525335
5643,St. Vincent and the Grenadines,VCT,1997,64.174,2026-08-08 02:11:14.525335
5642,St. Vincent and the Grenadines,VCT,1998,64.397,2026-08-08 02:11:14.525335
5641,St. Vincent and the Grenadines,VCT,1999,64.563,2026-08-08 02:11:14.525335
5640,St. Vincent and the Grenadines,VCT,2000,64.686,2026-08-08 02:11:14.525335
5639,St. Vincent and the Grenadines,VCT,2001,64.834,2026-08-08 02:11:14.525335
5638,St. Vincent and the Grenadines,VCT,2002,65.084,2026-08-08 02:11:14.525335
5637,St. Vincent and the Grenadines,VCT,2003,65.372,2026-08-08 02:11:14.525335
5636,St. Vincent and the Grenadines,VCT,2004,65.615,2026-08-08 02:11:14.525335
5635,St. Vincent and the Grenadines,VCT,2005,65.832,2026-08-08 02:11:14.525335
5634,St. Vincent and the Grenadines,VCT,2006,66.126,2026-08-08 02:11:14.525335
5633,St. Vincent and the Grenadines,VCT,2007,66.347,2026-08-08 02:11:14.525335
5632,St. Vincent and the Grenadines,VCT,2008,66.497,2026-08-08 02:11:14.525335
5631,St. Vincent and the Grenadines,VCT,2009,66.588,2026-08-08 02:11:14.525335
5630,St. Vincent and the Grenadines,VCT,2010,66.589,2026-08-08 02:11:14.525335
5629,St. Vincent and the Grenadines,VCT,2011,66.618,2026-08-08 02:11:14.525335
5628,St. Vincent and the Grenadines,VCT,2012,66.672,2026-08-08 02:11:14.525335
5627,St. Vincent and the Grenadines,VCT,2013,66.761,2026-08-08 02:11:14.525335
5626,St. Vincent and the Grenadines,VCT,2014,66.823,2026-08-08 02:11:14.525335
5625,St. Vincent and the Grenadines,VCT,2015,66.906,2026-08-08 02:11:14.525335
5624,St. Vincent and the Grenadines,VCT,2016,67.028,2026-08-08 02:11:14.525335
5623,St. Vincent and the Grenadines,VCT,2017,67.132,2026-08-08 02:11:14.525335
5622,St. Vincent and the Grenadines,VCT,2018,67.294,2026-08-08 02:11:14.525335
5621,St. Vincent and the Grenadines,VCT,2019,67.433,2026-08-08 02:11:14.525335
5620,St. Vincent and the Grenadines,VCT,2020,66.523,2026-08-08 02:11:14.525335
5619,St. Vincent and the Grenadines,VCT,2021,66.756,2026-08-08 02:11:14.525335
5618,St. Vincent and the Grenadines,VCT,2022,67.55,2026-08-08 02:11:14.525335
5617,St. Vincent and the Grenadines,VCT,2023,67.862,2026-08-08 02:11:14.525335
5616,St. Vincent and the Grenadines,VCT,2024,68.037,2026-08-08 02:11:14.525335
5615,St. Vincent and the Grenadines,VCT,2025,67.9,2026-08-08 02:11:14.525335
6506,"Venezuela, RB",VEN,1990,64.054,2026-08-08 02:11:14.525335
6505,"Venezuela, RB",VEN,1991,64.524,2026-08-08 02:11:14.525335
6504,"Venezuela, RB",VEN,1992,64.756,2026-08-08 02:11:14.525335
6503,"Venezuela, RB",VEN,1993,64.628,2026-08-08 02:11:14.525335
6502,"Venezuela, RB",VEN,1994,64.324,2026-08-08 02:11:14.525335
6501,"Venezuela, RB",VEN,1995,64.441,2026-08-08 02:11:14.525335
6500,"Venezuela, RB",VEN,1996,64.287,2026-08-08 02:11:14.525335
6499,"Venezuela, RB",VEN,1997,64.563,2026-08-08 02:11:14.525335
6498,"Venezuela, RB",VEN,1998,64.45,2026-08-08 02:11:14.525335
6497,"Venezuela, RB",VEN,1999,63.89,2026-08-08 02:11:14.525335
6496,"Venezuela, RB",VEN,2000,64.013,2026-08-08 02:11:14.525335
6495,"Venezuela, RB",VEN,2001,64.118,2026-08-08 02:11:14.525335
6494,"Venezuela, RB",VEN,2002,63.313,2026-08-08 02:11:14.525335
6493,"Venezuela, RB",VEN,2003,62.538,2026-08-08 02:11:14.525335
6492,"Venezuela, RB",VEN,2004,63.701,2026-08-08 02:11:14.525335
6491,"Venezuela, RB",VEN,2005,64.275,2026-08-08 02:11:14.525335
6490,"Venezuela, RB",VEN,2006,64.86,2026-08-08 02:11:14.525335
6489,"Venezuela, RB",VEN,2007,64.416,2026-08-08 02:11:14.525335
6488,"Venezuela, RB",VEN,2008,64.294,2026-08-08 02:11:14.525335
6487,"Venezuela, RB",VEN,2009,64.042,2026-08-08 02:11:14.525335
6486,"Venezuela, RB",VEN,2010,63.854,2026-08-08 02:11:14.525335
6485,"Venezuela, RB",VEN,2011,63.626,2026-08-08 02:11:14.525335
6484,"Venezuela, RB",VEN,2012,63.114,2026-08-08 02:11:14.525335
6483,"Venezuela, RB",VEN,2013,62.635,2026-08-08 02:11:14.525335
6482,"Venezuela, RB",VEN,2014,62.154,2026-08-08 02:11:14.525335
6481,"Venezuela, RB",VEN,2015,61.671,2026-08-08 02:11:14.525335
6480,"Venezuela, RB",VEN,2016,61.185,2026-08-08 02:11:14.525335
6479,"Venezuela, RB",VEN,2017,59.903,2026-08-08 02:11:14.525335
6478,"Venezuela, RB",VEN,2018,58.193,2026-08-08 02:11:14.525335
6477,"Venezuela, RB",VEN,2019,55.163,2026-08-08 02:11:14.525335
6476,"Venezuela, RB",VEN,2020,48.178,2026-08-08 02:11:14.525335
6475,"Venezuela, RB",VEN,2021,48.611,2026-08-08 02:11:14.525335
6474,"Venezuela, RB",VEN,2022,50.883,2026-08-08 02:11:14.525335
6473,"Venezuela, RB",VEN,2023,51.366,2026-08-08 02:11:14.525335
6472,"Venezuela, RB",VEN,2024,52.05,2026-08-08 02:11:14.525335
6471,"Venezuela, RB",VEN,2025,51.927,2026-08-08 02:11:14.525335
6577,Virgin Islands (U.S.),VIR,1990,65.56,2026-08-08 02:11:14.525335
6576,Virgin Islands (U.S.),VIR,1991,69.524,2026-08-08 02:11:14.525335
6575,Virgin Islands (U.S.),VIR,1992,70.606,2026-08-08 02:11:14.525335
6574,Virgin Islands (U.S.),VIR,1993,70.587,2026-08-08 02:11:14.525335
6573,Virgin Islands (U.S.),VIR,1994,70.568,2026-08-08 02:11:14.525335
6572,Virgin Islands (U.S.),VIR,1995,65.989,2026-08-08 02:11:14.525335
6571,Virgin Islands (U.S.),VIR,1996,61.78,2026-08-08 02:11:14.525335
6570,Virgin Islands (U.S.),VIR,1997,61.082,2026-08-08 02:11:14.525335
6569,Virgin Islands (U.S.),VIR,1998,60.425,2026-08-08 02:11:14.525335
6568,Virgin Islands (U.S.),VIR,1999,58.935,2026-08-08 02:11:14.525335
6567,Virgin Islands (U.S.),VIR,2000,59.902,2026-08-08 02:11:14.525335
6566,Virgin Islands (U.S.),VIR,2001,62.27,2026-08-08 02:11:14.525335
6565,Virgin Islands (U.S.),VIR,2002,61.243,2026-08-08 02:11:14.525335
6564,Virgin Islands (U.S.),VIR,2003,59.752,2026-08-08 02:11:14.525335
6563,Virgin Islands (U.S.),VIR,2004,61.581,2026-08-08 02:11:14.525335
6562,Virgin Islands (U.S.),VIR,2005,62.524,2026-08-08 02:11:14.525335
6561,Virgin Islands (U.S.),VIR,2006,62.798,2026-08-08 02:11:14.525335
6560,Virgin Islands (U.S.),VIR,2007,63.349,2026-08-08 02:11:14.525335
6559,Virgin Islands (U.S.),VIR,2008,63.012,2026-08-08 02:11:14.525335
6558,Virgin Islands (U.S.),VIR,2009,62.879,2026-08-08 02:11:14.525335
6557,Virgin Islands (U.S.),VIR,2010,60.898,2026-08-08 02:11:14.525335
6556,Virgin Islands (U.S.),VIR,2011,61.475,2026-08-08 02:11:14.525335
6555,Virgin Islands (U.S.),VIR,2012,60.337,2026-08-08 02:11:14.525335
6554,Virgin Islands (U.S.),VIR,2013,56.95,2026-08-08 02:11:14.525335
6553,Virgin Islands (U.S.),VIR,2014,56.265,2026-08-08 02:11:14.525335
6552,Virgin Islands (U.S.),VIR,2015,58.651,2026-08-08 02:11:14.525335
6551,Virgin Islands (U.S.),VIR,2016,58.324,2026-08-08 02:11:14.525335
6550,Virgin Islands (U.S.),VIR,2017,59.135,2026-08-08 02:11:14.525335
6549,Virgin Islands (U.S.),VIR,2018,55.066,2026-08-08 02:11:14.525335
6548,Virgin Islands (U.S.),VIR,2019,52.303,2026-08-08 02:11:14.525335
6547,Virgin Islands (U.S.),VIR,2020,52.454,2026-08-08 02:11:14.525335
6546,Virgin Islands (U.S.),VIR,2021,53.562,2026-08-08 02:11:14.525335
6545,Virgin Islands (U.S.),VIR,2022,54.524,2026-08-08 02:11:14.525335
6544,Virgin Islands (U.S.),VIR,2023,54.564,2026-08-08 02:11:14.525335
6543,Virgin Islands (U.S.),VIR,2024,54.471,2026-08-08 02:11:14.525335
6542,Virgin Islands (U.S.),VIR,2025,54.356,2026-08-08 02:11:14.525335
6541,Viet Nam,VNM,1990,78.151,2026-08-08 02:11:14.525335
6540,Viet Nam,VNM,1991,78.062,2026-08-08 02:11:14.525335
6539,Viet Nam,VNM,1992,77.87,2026-08-08 02:11:14.525335
6538,Viet Nam,VNM,1993,77.709,2026-08-08 02:11:14.525335
6537,Viet Nam,VNM,1994,77.525,2026-08-08 02:11:14.525335
6536,Viet Nam,VNM,1995,77.315,2026-08-08 02:11:14.525335
6535,Viet Nam,VNM,1996,77.113,2026-08-08 02:11:14.525335
6534,Viet Nam,VNM,1997,76.14,2026-08-08 02:11:14.525335
6533,Viet Nam,VNM,1998,75.327,2026-08-08 02:11:14.525335
6532,Viet Nam,VNM,1999,74.509,2026-08-08 02:11:14.525335
6531,Viet Nam,VNM,2000,73.393,2026-08-08 02:11:14.525335
6530,Viet Nam,VNM,2001,74.911,2026-08-08 02:11:14.525335
6529,Viet Nam,VNM,2002,74.416,2026-08-08 02:11:14.525335
6528,Viet Nam,VNM,2003,74.096,2026-08-08 02:11:14.525335
6527,Viet Nam,VNM,2004,73.986,2026-08-08 02:11:14.525335
6526,Viet Nam,VNM,2005,74.247,2026-08-08 02:11:14.525335
6525,Viet Nam,VNM,2006,74.596,2026-08-08 02:11:14.525335
6524,Viet Nam,VNM,2007,75.032,2026-08-08 02:11:14.525335
6523,Viet Nam,VNM,2008,75.587,2026-08-08 02:11:14.525335
6522,Viet Nam,VNM,2009,76.039,2026-08-08 02:11:14.525335
6521,Viet Nam,VNM,2010,76.268,2026-08-08 02:11:14.525335
6520,Viet Nam,VNM,2011,76.372,2026-08-08 02:11:14.525335
6519,Viet Nam,VNM,2012,76.323,2026-08-08 02:11:14.525335
6518,Viet Nam,VNM,2013,77.234,2026-08-08 02:11:14.525335
6517,Viet Nam,VNM,2014,77.306,2026-08-08 02:11:14.525335
6516,Viet Nam,VNM,2015,77.43,2026-08-08 02:11:14.525335
6515,Viet Nam,VNM,2016,76.965,2026-08-08 02:11:14.525335
8,Viet Nam,VNM,2017,77.2,2026-08-08 02:11:14.525335
6514,Viet Nam,VNM,2018,77.482,2026-08-08 02:11:14.525335
6513,Viet Nam,VNM,2019,76.615,2026-08-08 02:11:14.525335
6512,Viet Nam,VNM,2020,74.367,2026-08-08 02:11:14.525335
6511,Viet Nam,VNM,2021,73.738,2026-08-08 02:11:14.525335
6510,Viet Nam,VNM,2022,74.484,2026-08-08 02:11:14.525335
6509,Viet Nam,VNM,2023,73.545,2026-08-08 02:11:14.525335
6508,Viet Nam,VNM,2024,73.134,2026-08-08 02:11:14.525335
6507,Viet Nam,VNM,2025,72.778,2026-08-08 02:11:14.525335
6470,Vanuatu,VUT,1990,76.989,2026-08-08 02:11:14.525335
6469,Vanuatu,VUT,1991,76.975,2026-08-08 02:11:14.525335
6468,Vanuatu,VUT,1992,76.974,2026-08-08 02:11:14.525335
6467,Vanuatu,VUT,1993,77.012,2026-08-08 02:11:14.525335
6466,Vanuatu,VUT,1994,76.87,2026-08-08 02:11:14.525335
6465,Vanuatu,VUT,1995,76.9,2026-08-08 02:11:14.525335
6464,Vanuatu,VUT,1996,76.898,2026-08-08 02:11:14.525335
6463,Vanuatu,VUT,1997,76.839,2026-08-08 02:11:14.525335
6462,Vanuatu,VUT,1998,76.859,2026-08-08 02:11:14.525335
6461,Vanuatu,VUT,1999,76.899,2026-08-08 02:11:14.525335
6460,Vanuatu,VUT,2000,76.82,2026-08-08 02:11:14.525335
6459,Vanuatu,VUT,2001,76.955,2026-08-08 02:11:14.525335
6458,Vanuatu,VUT,2002,77.13,2026-08-08 02:11:14.525335
6457,Vanuatu,VUT,2003,77.092,2026-08-08 02:11:14.525335
6456,Vanuatu,VUT,2004,77.059,2026-08-08 02:11:14.525335
6455,Vanuatu,VUT,2005,76.998,2026-08-08 02:11:14.525335
6454,Vanuatu,VUT,2006,76.869,2026-08-08 02:11:14.525335
6453,Vanuatu,VUT,2007,74.053,2026-08-08 02:11:14.525335
6452,Vanuatu,VUT,2008,71.024,2026-08-08 02:11:14.525335
6451,Vanuatu,VUT,2009,67.794,2026-08-08 02:11:14.525335
6450,Vanuatu,VUT,2010,64.385,2026-08-08 02:11:14.525335
6449,Vanuatu,VUT,2011,63.759,2026-08-08 02:11:14.525335
6448,Vanuatu,VUT,2012,63.128,2026-08-08 02:11:14.525335
6447,Vanuatu,VUT,2013,62.492,2026-08-08 02:11:14.525335
6446,Vanuatu,VUT,2014,61.853,2026-08-08 02:11:14.525335
6445,Vanuatu,VUT,2015,61.209,2026-08-08 02:11:14.525335
6444,Vanuatu,VUT,2016,60.561,2026-08-08 02:11:14.525335
6443,Vanuatu,VUT,2017,59.909,2026-08-08 02:11:14.525335
6442,Vanuatu,VUT,2018,59.254,2026-08-08 02:11:14.525335
6441,Vanuatu,VUT,2019,58.596,2026-08-08 02:11:14.525335
6440,Vanuatu,VUT,2020,58.039,2026-08-08 02:11:14.525335
6439,Vanuatu,VUT,2021,58.284,2026-08-08 02:11:14.525335
6438,Vanuatu,VUT,2022,58.425,2026-08-08 02:11:14.525335
6437,Vanuatu,VUT,2023,58.399,2026-08-08 02:11:14.525335
6436,Vanuatu,VUT,2024,58.345,2026-08-08 02:11:14.525335
7,Vanuatu,VUT,2025,58.111,2026-08-08 02:11:14.525335
5077,Samoa,WSM,1990,56.199,2026-08-08 02:11:14.525335
5076,Samoa,WSM,1991,56.318,2026-08-08 02:11:14.525335
5075,Samoa,WSM,1992,56.365,2026-08-08 02:11:14.525335
5074,Samoa,WSM,1993,56.258,2026-08-08 02:11:14.525335
5073,Samoa,WSM,1994,56.515,2026-08-08 02:11:14.525335
5072,Samoa,WSM,1995,56.334,2026-08-08 02:11:14.525335
5071,Samoa,WSM,1996,56.181,2026-08-08 02:11:14.525335
5070,Samoa,WSM,1997,56.337,2026-08-08 02:11:14.525335
5069,Samoa,WSM,1998,56.398,2026-08-08 02:11:14.525335
5068,Samoa,WSM,1999,56.433,2026-08-08 02:11:14.525335
5067,Samoa,WSM,2000,56.304,2026-08-08 02:11:14.525335
5066,Samoa,WSM,2001,56.046,2026-08-08 02:11:14.525335
5065,Samoa,WSM,2002,55.855,2026-08-08 02:11:14.525335
5064,Samoa,WSM,2003,55.698,2026-08-08 02:11:14.525335
5063,Samoa,WSM,2004,55.621,2026-08-08 02:11:14.525335
5062,Samoa,WSM,2005,55.424,2026-08-08 02:11:14.525335
5061,Samoa,WSM,2006,55.345,2026-08-08 02:11:14.525335
5060,Samoa,WSM,2007,55.292,2026-08-08 02:11:14.525335
5059,Samoa,WSM,2008,55.142,2026-08-08 02:11:14.525335
5058,Samoa,WSM,2009,55.132,2026-08-08 02:11:14.525335
5057,Samoa,WSM,2010,54.921,2026-08-08 02:11:14.525335
5056,Samoa,WSM,2011,54.774,2026-08-08 02:11:14.525335
5055,Samoa,WSM,2012,54.872,2026-08-08 02:11:14.525335
5054,Samoa,WSM,2013,54.869,2026-08-08 02:11:14.525335
5053,Samoa,WSM,2014,54.838,2026-08-08 02:11:14.525335
5052,Samoa,WSM,2015,54.71,2026-08-08 02:11:14.525335
5051,Samoa,WSM,2016,54.498,2026-08-08 02:11:14.525335
5050,Samoa,WSM,2017,54.432,2026-08-08 02:11:14.525335
5049,Samoa,WSM,2018,52.348,2026-08-08 02:11:14.525335
5048,Samoa,WSM,2019,50.147,2026-08-08 02:11:14.525335
5047,Samoa,WSM,2020,47.572,2026-08-08 02:11:14.525335
5046,Samoa,WSM,2021,45.59,2026-08-08 02:11:14.525335
5045,Samoa,WSM,2022,43.733,2026-08-08 02:11:14.525335
5044,Samoa,WSM,2023,43.438,2026-08-08 02:11:14.525335
5043,Samoa,WSM,2024,43.084,2026-08-08 02:11:14.525335
5042,Samoa,WSM,2025,42.534,2026-08-08 02:11:14.525335
6646,"Yemen, Rep.",YEM,1990,44.229,2026-08-08 02:11:14.525335
6645,"Yemen, Rep.",YEM,1991,44.189,2026-08-08 02:11:14.525335
6644,"Yemen, Rep.",YEM,1992,44.142,2026-08-08 02:11:14.525335
6643,"Yemen, Rep.",YEM,1993,44.14,2026-08-08 02:11:14.525335
6642,"Yemen, Rep.",YEM,1994,44.118,2026-08-08 02:11:14.525335
6641,"Yemen, Rep.",YEM,1995,44.479,2026-08-08 02:11:14.525335
6640,"Yemen, Rep.",YEM,1996,44.855,2026-08-08 02:11:14.525335
6639,"Yemen, Rep.",YEM,1997,45.226,2026-08-08 02:11:14.525335
6638,"Yemen, Rep.",YEM,1998,45.595,2026-08-08 02:11:14.525335
6637,"Yemen, Rep.",YEM,1999,45.991,2026-08-08 02:11:14.525335
6636,"Yemen, Rep.",YEM,2000,45.198,2026-08-08 02:11:14.525335
6635,"Yemen, Rep.",YEM,2001,44.442,2026-08-08 02:11:14.525335
6634,"Yemen, Rep.",YEM,2002,43.724,2026-08-08 02:11:14.525335
6633,"Yemen, Rep.",YEM,2003,43.048,2026-08-08 02:11:14.525335
6632,"Yemen, Rep.",YEM,2004,42.423,2026-08-08 02:11:14.525335
6631,"Yemen, Rep.",YEM,2005,41.865,2026-08-08 02:11:14.525335
6630,"Yemen, Rep.",YEM,2006,41.361,2026-08-08 02:11:14.525335
6629,"Yemen, Rep.",YEM,2007,40.894,2026-08-08 02:11:14.525335
6628,"Yemen, Rep.",YEM,2008,40.467,2026-08-08 02:11:14.525335
6627,"Yemen, Rep.",YEM,2009,40.077,2026-08-08 02:11:14.525335
6626,"Yemen, Rep.",YEM,2010,39.719,2026-08-08 02:11:14.525335
6625,"Yemen, Rep.",YEM,2011,38.924,2026-08-08 02:11:14.525335
6624,"Yemen, Rep.",YEM,2012,38.213,2026-08-08 02:11:14.525335
6623,"Yemen, Rep.",YEM,2013,37.564,2026-08-08 02:11:14.525335
6622,"Yemen, Rep.",YEM,2014,36.972,2026-08-08 02:11:14.525335
6621,"Yemen, Rep.",YEM,2015,32.068,2026-08-08 02:11:14.525335
6620,"Yemen, Rep.",YEM,2016,32.282,2026-08-08 02:11:14.525335
6619,"Yemen, Rep.",YEM,2017,32.47,2026-08-08 02:11:14.525335
6618,"Yemen, Rep.",YEM,2018,32.612,2026-08-08 02:11:14.525335
6617,"Yemen, Rep.",YEM,2019,32.729,2026-08-08 02:11:14.525335
6616,"Yemen, Rep.",YEM,2020,32.487,2026-08-08 02:11:14.525335
6615,"Yemen, Rep.",YEM,2021,32.308,2026-08-08 02:11:14.525335
6614,"Yemen, Rep.",YEM,2022,33.025,2026-08-08 02:11:14.525335
6613,"Yemen, Rep.",YEM,2023,33.106,2026-08-08 02:11:14.525335
6612,"Yemen, Rep.",YEM,2024,33.185,2026-08-08 02:11:14.525335
6611,"Yemen, Rep.",YEM,2025,33.103,2026-08-08 02:11:14.525335
5473,South Africa,ZAF,1990,58.095,2026-08-08 02:11:14.525335
5472,South Africa,ZAF,1991,58.033,2026-08-08 02:11:14.525335
5471,South Africa,ZAF,1992,58.047,2026-08-08 02:11:14.525335
5470,South Africa,ZAF,1993,57.955,2026-08-08 02:11:14.525335
5469,South Africa,ZAF,1994,57.936,2026-08-08 02:11:14.525335
5468,South Africa,ZAF,1995,58.024,2026-08-08 02:11:14.525335
5467,South Africa,ZAF,1996,58.037,2026-08-08 02:11:14.525335
5466,South Africa,ZAF,1997,57.953,2026-08-08 02:11:14.525335
5465,South Africa,ZAF,1998,57.742,2026-08-08 02:11:14.525335
5464,South Africa,ZAF,1999,57.509,2026-08-08 02:11:14.525335
5463,South Africa,ZAF,2000,57.263,2026-08-08 02:11:14.525335
5462,South Africa,ZAF,2001,57.007,2026-08-08 02:11:14.525335
5461,South Africa,ZAF,2002,56.748,2026-08-08 02:11:14.525335
5460,South Africa,ZAF,2003,56.504,2026-08-08 02:11:14.525335
5459,South Africa,ZAF,2004,56.295,2026-08-08 02:11:14.525335
5458,South Africa,ZAF,2005,56.129,2026-08-08 02:11:14.525335
5457,South Africa,ZAF,2006,55.994,2026-08-08 02:11:14.525335
5456,South Africa,ZAF,2007,55.877,2026-08-08 02:11:14.525335
5455,South Africa,ZAF,2008,55.786,2026-08-08 02:11:14.525335
5454,South Africa,ZAF,2009,53.956,2026-08-08 02:11:14.525335
5453,South Africa,ZAF,2010,52.265,2026-08-08 02:11:14.525335
5452,South Africa,ZAF,2011,52.171,2026-08-08 02:11:14.525335
5451,South Africa,ZAF,2012,52.507,2026-08-08 02:11:14.525335
5450,South Africa,ZAF,2013,53.078,2026-08-08 02:11:14.525335
5449,South Africa,ZAF,2014,53.314,2026-08-08 02:11:14.525335
5448,South Africa,ZAF,2015,54.591,2026-08-08 02:11:14.525335
5447,South Africa,ZAF,2016,54.714,2026-08-08 02:11:14.525335
5446,South Africa,ZAF,2017,55.359,2026-08-08 02:11:14.525335
5445,South Africa,ZAF,2018,55.161,2026-08-08 02:11:14.525335
5444,South Africa,ZAF,2019,55.267,2026-08-08 02:11:14.525335
5443,South Africa,ZAF,2020,50.548,2026-08-08 02:11:14.525335
5442,South Africa,ZAF,2021,52.024,2026-08-08 02:11:14.525335
5441,South Africa,ZAF,2022,53.499,2026-08-08 02:11:14.525335
5440,South Africa,ZAF,2023,55.02,2026-08-08 02:11:14.525335
5439,South Africa,ZAF,2024,55.57,2026-08-08 02:11:14.525335
5438,South Africa,ZAF,2025,55.584,2026-08-08 02:11:14.525335
6682,Zambia,ZMB,1990,59.654,2026-08-08 02:11:14.525335
6681,Zambia,ZMB,1991,59.631,2026-08-08 02:11:14.525335
6680,Zambia,ZMB,1992,59.613,2026-08-08 02:11:14.525335
6679,Zambia,ZMB,1993,59.601,2026-08-08 02:11:14.525335
6678,Zambia,ZMB,1994,59.599,2026-08-08 02:11:14.525335
6677,Zambia,ZMB,1995,59.605,2026-08-08 02:11:14.525335
6676,Zambia,ZMB,1996,59.613,2026-08-08 02:11:14.525335
6675,Zambia,ZMB,1997,59.609,2026-08-08 02:11:14.525335
6674,Zambia,ZMB,1998,59.598,2026-08-08 02:11:14.525335
6673,Zambia,ZMB,1999,59.582,2026-08-08 02:11:14.525335
6672,Zambia,ZMB,2000,59.552,2026-08-08 02:11:14.525335
6671,Zambia,ZMB,2001,59.498,2026-08-08 02:11:14.525335
6670,Zambia,ZMB,2002,59.441,2026-08-08 02:11:14.525335
6669,Zambia,ZMB,2003,59.391,2026-08-08 02:11:14.525335
6668,Zambia,ZMB,2004,59.345,2026-08-08 02:11:14.525335
6667,Zambia,ZMB,2005,59.301,2026-08-08 02:11:14.525335
6666,Zambia,ZMB,2006,59.256,2026-08-08 02:11:14.525335
6665,Zambia,ZMB,2007,59.21,2026-08-08 02:11:14.525335
6664,Zambia,ZMB,2008,59.161,2026-08-08 02:11:14.525335
6663,Zambia,ZMB,2009,59.111,2026-08-08 02:11:14.525335
6662,Zambia,ZMB,2010,59.062,2026-08-08 02:11:14.525335
6661,Zambia,ZMB,2011,59.018,2026-08-08 02:11:14.525335
6660,Zambia,ZMB,2012,58.972,2026-08-08 02:11:14.525335
6659,Zambia,ZMB,2013,58.914,2026-08-08 02:11:14.525335
6658,Zambia,ZMB,2014,58.843,2026-08-08 02:11:14.525335
6657,Zambia,ZMB,2015,58.763,2026-08-08 02:11:14.525335
6656,Zambia,ZMB,2016,58.674,2026-08-08 02:11:14.525335
6655,Zambia,ZMB,2017,58.577,2026-08-08 02:11:14.525335
6654,Zambia,ZMB,2018,58.475,2026-08-08 02:11:14.525335
6653,Zambia,ZMB,2019,59.544,2026-08-08 02:11:14.525335
6652,Zambia,ZMB,2020,60.872,2026-08-08 02:11:14.525335
6651,Zambia,ZMB,2021,60.099,2026-08-08 02:11:14.525335
6650,Zambia,ZMB,2022,59.532,2026-08-08 02:11:14.525335
6649,Zambia,ZMB,2023,61.961,2026-08-08 02:11:14.525335
6648,Zambia,ZMB,2024,61.902,2026-08-08 02:11:14.525335
6647,Zambia,ZMB,2025,61.933,2026-08-08 02:11:14.525335
6718,Zimbabwe,ZWE,1990,66.989,2026-08-08 02:11:14.525335
6717,Zimbabwe,ZWE,1991,66.849,2026-08-08 02:11:14.525335
6716,Zimbabwe,ZWE,1992,66.896,2026-08-08 02:11:14.525335
6715,Zimbabwe,ZWE,1993,66.968,2026-08-08 02:11:14.525335
6714,Zimbabwe,ZWE,1994,66.854,2026-08-08 02:11:14.525335
6713,Zimbabwe,ZWE,1995,66.674,2026-08-08 02:11:14.525335
6712,Zimbabwe,ZWE,1996,66.431,2026-08-08 02:11:14.525335
6711,Zimbabwe,ZWE,1997,66.175,2026-08-08 02:11:14.525335
6710,Zimbabwe,ZWE,1998,65.939,2026-08-08 02:11:14.525335
6709,Zimbabwe,ZWE,1999,65.746,2026-08-08 02:11:14.525335
6708,Zimbabwe,ZWE,2000,65.614,2026-08-08 02:11:14.525335
6707,Zimbabwe,ZWE,2001,65.524,2026-08-08 02:11:14.525335
6706,Zimbabwe,ZWE,2002,65.493,2026-08-08 02:11:14.525335
6705,Zimbabwe,ZWE,2003,65.519,2026-08-08 02:11:14.525335
6704,Zimbabwe,ZWE,2004,65.568,2026-08-08 02:11:14.525335
6703,Zimbabwe,ZWE,2005,65.624,2026-08-08 02:11:14.525335
6702,Zimbabwe,ZWE,2006,65.658,2026-08-08 02:11:14.525335
6701,Zimbabwe,ZWE,2007,65.687,2026-08-08 02:11:14.525335
6700,Zimbabwe,ZWE,2008,65.746,2026-08-08 02:11:14.525335
6699,Zimbabwe,ZWE,2009,65.83,2026-08-08 02:11:14.525335
6698,Zimbabwe,ZWE,2010,65.925,2026-08-08 02:11:14.525335
6697,Zimbabwe,ZWE,2011,66.013,2026-08-08 02:11:14.525335
6696,Zimbabwe,ZWE,2012,66.092,2026-08-08 02:11:14.525335
6695,Zimbabwe,ZWE,2013,66.148,2026-08-08 02:11:14.525335
6694,Zimbabwe,ZWE,2014,66.158,2026-08-08 02:11:14.525335
6693,Zimbabwe,ZWE,2015,66.13,2026-08-08 02:11:14.525335
6692,Zimbabwe,ZWE,2016,66.07,2026-08-08 02:11:14.525335
6691,Zimbabwe,ZWE,2017,65.989,2026-08-08 02:11:14.525335
6690,Zimbabwe,ZWE,2018,65.894,2026-08-08 02:11:14.525335
6689,Zimbabwe,ZWE,2019,65.795,2026-08-08 02:11:14.525335
6688,Zimbabwe,ZWE,2020,64.665,2026-08-08 02:11:14.525335
6687,Zimbabwe,ZWE,2021,65.397,2026-08-08 02:11:14.525335
6686,Zimbabwe,ZWE,2022,65.214,2026-08-08 02:11:14.525335
6685,Zimbabwe,ZWE,2023,67.786,2026-08-08 02:11:14.525335
6684,Zimbabwe,ZWE,2024,67.725,2026-08-08 02:11:14.525335
6683,Zimbabwe,ZWE,2025,67.718,2026-08-08 02:11:14.525335
